date,ticker,close,volume
2026-02-02,BYDDY,91.0,64818391
2026-02-03,BYDDY,90.0,35262551
2026-02-04,BYDDY,90.0,26973980
2026-02-05,BYDDY,91.25,31958131
2026-02-06,BYDDY,92.3,28762250
2026-02-09,BYDDY,93.55,15298970
2026-02-10,BYDDY,95.8,24228240
2026-02-11,BYDDY,99.15,25412400
2026-02-12,BYDDY,98.55,14838300
2026-02-13,BYDDY,97.75,13394550
2026-02-16,BYDDY,97.8,8734638
2026-02-20,BYDDY,95.45,14041710
2026-02-23,BYDDY,100.1,23088410
2026-02-24,BYDDY,99.35,18072461
2026-02-25,BYDDY,98.75,19338320
2026-02-26,BYDDY,94.95,20402439
2026-02-27,BYDDY,94.95,21042109
2026-03-02,BYDDY,99.1,51441320
2026-03-03,BYDDY,96.2,36339809
2026-03-04,BYDDY,95.05,39344352
2026-03-05,BYDDY,92.6,37866090
2026-03-06,BYDDY,94.7,59157312
2026-03-09,BYDDY,98.05,54953391
2026-03-10,BYDDY,96.95,29806449
2026-03-11,BYDDY,98.15,27470650
2026-03-12,BYDDY,98.2,24477859
2026-03-13,BYDDY,96.75,16595330
2026-03-16,BYDDY,104.3,56801887
2026-03-17,BYDDY,104.5,44880566
2026-03-18,BYDDY,102.2,22677641
2026-03-19,BYDDY,103.2,26168510
2026-03-20,BYDDY,103.8,38791781
2026-03-23,BYDDY,102.4,71168844
2026-03-24,BYDDY,107.0,46800832
2026-03-25,BYDDY,106.4,31918631
2026-03-26,BYDDY,102.7,23372650
2026-03-27,BYDDY,106.5,35805020
2026-03-30,BYDDY,105.8,54158461
2026-03-31,BYDDY,105.8,27327189
2026-04-01,BYDDY,104.7,41883090
2026-04-02,BYDDY,103.9,25833480
2026-04-08,BYDDY,106.8,44304539
2026-04-09,BYDDY,101.8,29942619
2026-04-10,BYDDY,105.1,31675990
2026-04-13,BYDDY,110.3,50148871
2026-04-14,BYDDY,109.4,28771580
2026-04-15,BYDDY,107.3,20699939
2026-04-16,BYDDY,113.2,37146180
2026-04-17,BYDDY,111.4,19436211
2026-04-20,BYDDY,110.0,16496770
2026-04-21,BYDDY,109.1,16306240
2026-04-22,BYDDY,107.0,16701930
2026-04-23,BYDDY,103.5,32113430
2026-04-24,BYDDY,101.2,29804270
2026-04-27,BYDDY,106.0,36998461
2026-04-28,BYDDY,103.7,21224850
2026-04-29,BYDDY,108.3,45926078
2026-04-30,BYDDY,102.5,36659301
2026-05-04,BYDDY,103.0,15580510
2026-05-05,BYDDY,101.0,21462820
2026-05-06,BYDDY,98.9,35394781
2026-05-07,BYDDY,100.7,23883410
2026-05-08,BYDDY,99.75,16811779
2026-05-11,BYDDY,101.7,23621590
2026-05-12,BYDDY,99.85,16569346
2026-02-02,AAPL,269.5093,73913400
2026-02-03,AAPL,268.9803,64394700
2026-02-04,AAPL,275.9773,90545700
2026-02-05,AAPL,275.3983,52977400
2026-02-06,AAPL,277.6042,50453400
2026-02-09,AAPL,274.3672,44623400
2026-02-10,AAPL,273.4281,34376900
2026-02-11,AAPL,275.2464,51931300
2026-02-12,AAPL,261.4891,81077200
2026-02-13,AAPL,255.5446,56290700
2026-02-17,AAPL,263.6371,58469100
2026-02-18,AAPL,264.1067,34203300
2026-02-19,AAPL,260.3401,30845300
2026-02-20,AAPL,264.3365,42070500
2026-02-23,AAPL,265.935,37308200
2026-02-24,AAPL,271.8895,47014600
2026-02-25,AAPL,273.9776,33714300
2026-02-26,AAPL,272.6988,32345100
2026-02-27,AAPL,263.9368,72366500
2026-03-02,AAPL,264.4763,41827900
2026-03-03,AAPL,263.5072,38568900
2026-03-04,AAPL,262.2784,39803100
2026-03-05,AAPL,260.0504,49658600
2026-03-06,AAPL,257.223,41120000
2026-03-09,AAPL,259.6408,38218500
2026-03-10,AAPL,260.5899,30590800
2026-03-11,AAPL,260.5699,26218900
2026-03-12,AAPL,255.5246,40794000
2026-03-13,AAPL,249.8898,36930000
2026-03-16,AAPL,252.5873,32074200
2026-03-17,AAPL,253.996,32361600
2026-03-18,AAPL,249.7099,35757900
2026-03-19,AAPL,248.7308,34864100
2026-03-20,AAPL,247.7617,88331100
2026-03-23,AAPL,251.2585,40546100
2026-03-24,AAPL,251.4084,45152300
2026-03-25,AAPL,252.3875,28476700
2026-03-26,AAPL,252.6572,41796700
2026-03-27,AAPL,248.571,47900000
2026-03-30,AAPL,246.403,39446200
2026-03-31,AAPL,253.5564,49598100
2026-04-01,AAPL,255.3947,40059400
2026-04-02,AAPL,255.6844,31289400
2026-04-06,AAPL,258.6217,29329900
2026-04-07,AAPL,253.2667,62148000
2026-04-08,AAPL,258.6617,41032800
2026-04-09,AAPL,260.2502,28121600
2026-04-10,AAPL,260.2402,31291500
2026-04-13,AAPL,258.9614,36234700
2026-04-14,AAPL,258.5917,48370700
2026-04-15,AAPL,266.1848,49913500
2026-04-16,AAPL,263.1575,43323100
2026-04-17,AAPL,269.9813,61436200
2026-04-20,AAPL,272.7987,36590200
2026-04-21,AAPL,265.925,50209800
2026-04-22,AAPL,272.9185,43249200
2026-04-23,AAPL,273.1783,33399600
2026-04-24,AAPL,270.8105,38157100
2026-04-27,AAPL,267.3637,41466800
2026-04-28,AAPL,270.4608,40018900
2026-04-29,AAPL,269.9213,30047900
2026-04-30,AAPL,271.1002,91848200
2026-05-01,AAPL,279.8821,79915400
2026-05-04,AAPL,276.5752,46668400
2026-05-05,AAPL,283.9184,49311700
2026-05-06,AAPL,287.2453,58336100
2026-05-07,AAPL,287.1754,45224300
2026-05-08,AAPL,293.05,52692800
2026-05-11,AAPL,292.68,42247300
2026-05-12,AAPL,294.8,45689300
2026-02-02,ABAT,3.9,3631200
2026-02-03,ABAT,4.3,6063200
2026-02-04,ABAT,4.04,5389400
2026-02-05,ABAT,3.53,6355100
2026-02-06,ABAT,4.165,6802100
2026-02-09,ABAT,4.18,4695100
2026-02-10,ABAT,4.1,3642900
2026-02-11,ABAT,4.15,4124700
2026-02-12,ABAT,3.78,4686200
2026-02-13,ABAT,3.8,3224800
2026-02-17,ABAT,3.66,3355800
2026-02-18,ABAT,3.66,3108000
2026-02-19,ABAT,3.7,2272200
2026-02-20,ABAT,3.55,3183300
2026-02-23,ABAT,3.57,2798700
2026-02-24,ABAT,3.66,2971300
2026-02-25,ABAT,3.76,3649500
2026-02-26,ABAT,3.84,3089400
2026-02-27,ABAT,3.69,2788700
2026-03-02,ABAT,3.73,2431800
2026-03-03,ABAT,3.5,3024000
2026-03-04,ABAT,3.51,2184900
2026-03-05,ABAT,3.4,3840400
2026-03-06,ABAT,3.37,2848000
2026-03-09,ABAT,3.34,3277859
2026-03-10,ABAT,3.57,3718811
2026-03-11,ABAT,3.5,4796500
2026-03-12,ABAT,3.42,4255800
2026-03-13,ABAT,3.32,4901500
2026-03-16,ABAT,3.26,3314800
2026-03-17,ABAT,3.27,3571900
2026-03-18,ABAT,3.08,5617700
2026-03-19,ABAT,3.03,3981300
2026-03-20,ABAT,2.9,5093500
2026-03-23,ABAT,2.9,3191900
2026-03-24,ABAT,2.86,2153600
2026-03-25,ABAT,2.86,2359500
2026-03-26,ABAT,2.73,2052600
2026-03-27,ABAT,2.66,2469900
2026-03-30,ABAT,2.51,3592900
2026-03-31,ABAT,2.79,4931000
2026-04-01,ABAT,2.72,3714700
2026-04-02,ABAT,2.78,2202900
2026-04-06,ABAT,2.8,2157800
2026-04-07,ABAT,2.74,1881700
2026-04-08,ABAT,2.87,2100100
2026-04-09,ABAT,2.85,1433500
2026-04-10,ABAT,2.85,4183900
2026-04-13,ABAT,2.94,4386900
2026-04-14,ABAT,3.03,2665300
2026-04-15,ABAT,3.2,4294100
2026-04-16,ABAT,3.21,3256300
2026-04-17,ABAT,3.4,5305200
2026-04-20,ABAT,3.47,4842600
2026-04-21,ABAT,3.31,4636300
2026-04-22,ABAT,3.59,4306100
2026-04-23,ABAT,3.315,4744100
2026-04-24,ABAT,3.28,2190900
2026-04-27,ABAT,3.31,4156500
2026-04-28,ABAT,3.31,7280800
2026-04-29,ABAT,3.08,4847300
2026-04-30,ABAT,3.38,4014500
2026-05-01,ABAT,3.27,3428300
2026-05-04,ABAT,3.22,5000700
2026-05-05,ABAT,3.21,3301000
2026-05-06,ABAT,3.415,5191900
2026-05-07,ABAT,3.09,5282800
2026-05-08,ABAT,3.17,6502100
2026-05-11,ABAT,3.32,7124100
2026-05-12,ABAT,3.25,5044437
2026-02-02,ACHR,7.05,36462400
2026-02-03,ACHR,7.2,33848500
2026-02-04,ACHR,6.95,33214200
2026-02-05,ACHR,6.49,52332289
2026-02-06,ACHR,7.3,50541719
2026-02-09,ACHR,7.37,29426609
2026-02-10,ACHR,7.17,30275449
2026-02-11,ACHR,6.97,33094859
2026-02-12,ACHR,6.76,28999500
2026-02-13,ACHR,6.77,25226971
2026-02-17,ACHR,6.82,30776381
2026-02-18,ACHR,6.97,24435869
2026-02-19,ACHR,7.23,37483434
2026-02-20,ACHR,6.93,28432461
2026-02-23,ACHR,6.96,32896012
2026-02-24,ACHR,7.19,39258379
2026-02-25,ACHR,7.1,30447080
2026-02-26,ACHR,7.38,37141090
2026-02-27,ACHR,7.12,29616311
2026-03-02,ACHR,7.52,38125527
2026-03-03,ACHR,6.72,44986922
2026-03-04,ACHR,6.76,26242490
2026-03-05,ACHR,6.46,38784367
2026-03-06,ACHR,6.26,30984180
2026-03-09,ACHR,6.52,30265859
2026-03-10,ACHR,6.32,23986770
2026-03-11,ACHR,6.43,23707740
2026-03-12,ACHR,6.15,24702500
2026-03-13,ACHR,6.03,23285539
2026-03-16,ACHR,6.12,34275059
2026-03-17,ACHR,6.29,29616990
2026-03-18,ACHR,6.01,27681711
2026-03-19,ACHR,6.01,21315381
2026-03-20,ACHR,5.76,34097379
2026-03-23,ACHR,5.89,26116961
2026-03-24,ACHR,5.51,28463090
2026-03-25,ACHR,5.56,28604711
2026-03-26,ACHR,5.37,18575800
2026-03-27,ACHR,5.09,28528859
2026-03-30,ACHR,4.94,33930900
2026-03-31,ACHR,5.17,33759000
2026-04-01,ACHR,5.21,24270000
2026-04-02,ACHR,5.42,21070900
2026-04-06,ACHR,5.54,24830200
2026-04-07,ACHR,5.34,32593100
2026-04-08,ACHR,5.58,28198800
2026-04-09,ACHR,5.32,23136100
2026-04-10,ACHR,5.4,14861700
2026-04-13,ACHR,5.45,17942100
2026-04-14,ACHR,5.67,22225800
2026-04-15,ACHR,6.06,26275200
2026-04-16,ACHR,6.08,25123000
2026-04-17,ACHR,6.11,28307100
2026-04-20,ACHR,6.11,21771600
2026-04-21,ACHR,5.94,27884400
2026-04-22,ACHR,6.06,26671400
2026-04-23,ACHR,5.77,28557600
2026-04-24,ACHR,5.7,21023700
2026-04-27,ACHR,5.9,22980100
2026-04-28,ACHR,5.84,18407300
2026-04-29,ACHR,5.6,23429800
2026-04-30,ACHR,5.74,27121800
2026-05-01,ACHR,5.87,31328300
2026-05-04,ACHR,5.77,29717300
2026-05-05,ACHR,5.84,52485300
2026-05-06,ACHR,6.41,54790500
2026-05-07,ACHR,6.28,59688700
2026-05-08,ACHR,6.48,45655700
2026-05-11,ACHR,6.54,67790000
2026-05-12,ACHR,6.39,54141915
2026-02-02,ADBE,293.38,4357004
2026-02-03,ADBE,271.93,8324923
2026-02-04,ADBE,279.71,8554186
2026-02-05,ADBE,269.39,6293553
2026-02-06,ADBE,268.38,5448423
2026-02-09,ADBE,266.9,6576297
2026-02-10,ADBE,264.67,5718574
2026-02-11,ADBE,257.16,8759941
2026-02-12,ADBE,262.5,8656974
2026-02-13,ADBE,263.97,6589694
2026-02-17,ADBE,260.45,5208300
2026-02-18,ADBE,263.17,5033200
2026-02-19,ADBE,259.21,3616200
2026-02-20,ADBE,258.61,6590800
2026-02-23,ADBE,246.68,7602400
2026-02-24,ADBE,255.17,5529100
2026-02-25,ADBE,257.81,5108600
2026-02-26,ADBE,259.04,6208100
2026-02-27,ADBE,262.41,5098200
2026-03-02,ADBE,260.88,3486900
2026-03-03,ADBE,270.99,6206600
2026-03-04,ADBE,273.12,4329200
2026-03-05,ADBE,281.74,5822300
2026-03-06,ADBE,283.62,4802300
2026-03-09,ADBE,282.44,4728359
2026-03-10,ADBE,275.13,4591633
2026-03-11,ADBE,273.71,4862400
2026-03-12,ADBE,269.78,10895000
2026-03-13,ADBE,249.32,17406400
2026-03-16,ADBE,251.86,11679200
2026-03-17,ADBE,254.2,6456200
2026-03-18,ADBE,246.0,7305600
2026-03-19,ADBE,245.99,4459800
2026-03-20,ADBE,248.15,10467300
2026-03-23,ADBE,247.64,4080500
2026-03-24,ADBE,238.87,6268300
2026-03-25,ADBE,237.25,5441600
2026-03-26,ADBE,240.88,4715300
2026-03-27,ADBE,234.84,4429400
2026-03-30,ADBE,241.13,4410200
2026-03-31,ADBE,243.08,4575900
2026-04-01,ADBE,241.37,3746700
2026-04-02,ADBE,242.92,3588800
2026-04-06,ADBE,244.36,2757700
2026-04-07,ADBE,240.14,3331000
2026-04-08,ADBE,239.31,4040100
2026-04-09,ADBE,229.94,6802400
2026-04-10,ADBE,225.35,5889200
2026-04-13,ADBE,240.11,6115800
2026-04-14,ADBE,235.72,6307500
2026-04-15,ADBE,244.66,4749600
2026-04-16,ADBE,248.16,5229500
2026-04-17,ADBE,244.45,6194200
2026-04-20,ADBE,248.63,5250000
2026-04-21,ADBE,247.18,5779700
2026-04-22,ADBE,255.94,7111000
2026-04-23,ADBE,238.98,9617000
2026-04-24,ADBE,245.44,6492900
2026-04-27,ADBE,239.31,5067700
2026-04-28,ADBE,243.2,4641700
2026-04-29,ADBE,243.57,2664500
2026-04-30,ADBE,246.1,5129100
2026-05-01,ADBE,250.71,5068500
2026-05-04,ADBE,253.96,5536900
2026-05-05,ADBE,255.62,3952500
2026-05-06,ADBE,250.17,4452100
2026-05-07,ADBE,256.51,4479900
2026-05-08,ADBE,253.04,3667500
2026-05-11,ADBE,246.15,3225800
2026-05-12,ADBE,240.83,3167703
2026-02-02,ADSK,255.57,1622000
2026-02-03,ADSK,240.79,3540400
2026-02-04,ADSK,243.41,2728100
2026-02-05,ADSK,238.06,3414200
2026-02-06,ADSK,240.4,2139700
2026-02-09,ADSK,242.53,1524400
2026-02-10,ADSK,243.58,2324100
2026-02-11,ADSK,232.59,2622400
2026-02-12,ADSK,223.49,5413400
2026-02-13,ADSK,231.22,2752800
2026-02-17,ADSK,225.32,2629300
2026-02-18,ADSK,229.74,2009500
2026-02-19,ADSK,229.1,1451000
2026-02-20,ADSK,226.98,1743100
2026-02-23,ADSK,218.64,2060800
2026-02-24,ADSK,220.91,2204300
2026-02-25,ADSK,224.81,1955800
2026-02-26,ADSK,233.45,4076500
2026-02-27,ADSK,245.87,5370700
2026-03-02,ADSK,246.94,2401000
2026-03-03,ADSK,253.4,2606300
2026-03-04,ADSK,257.89,2656900
2026-03-05,ADSK,264.12,2186400
2026-03-06,ADSK,260.99,2021000
2026-03-09,ADSK,260.75,1803656
2026-03-10,ADSK,253.85,1858035
2026-03-11,ADSK,251.83,1959000
2026-03-12,ADSK,249.89,1653500
2026-03-13,ADSK,251.17,1442800
2026-03-16,ADSK,249.78,1353400
2026-03-17,ADSK,252.92,1254700
2026-03-18,ADSK,248.48,1811000
2026-03-19,ADSK,247.65,2148400
2026-03-20,ADSK,247.99,4418400
2026-03-23,ADSK,247.44,2658100
2026-03-24,ADSK,239.39,2224400
2026-03-25,ADSK,235.42,1685100
2026-03-26,ADSK,239.83,1468200
2026-03-27,ADSK,229.84,2233100
2026-03-30,ADSK,235.68,1653500
2026-03-31,ADSK,239.4,1947000
2026-04-01,ADSK,237.87,1800300
2026-04-02,ADSK,238.08,1990700
2026-04-06,ADSK,237.72,1189800
2026-04-07,ADSK,234.96,1319000
2026-04-08,ADSK,240.65,1990500
2026-04-09,ADSK,225.13,3604900
2026-04-10,ADSK,218.45,2504900
2026-04-13,ADSK,227.14,2836300
2026-04-14,ADSK,228.59,1813700
2026-04-15,ADSK,239.32,1759600
2026-04-16,ADSK,243.16,1516700
2026-04-17,ADSK,242.02,2550900
2026-04-20,ADSK,245.31,1260400
2026-04-21,ADSK,245.48,1441100
2026-04-22,ADSK,247.57,1518100
2026-04-23,ADSK,231.98,2428600
2026-04-24,ADSK,237.44,1386100
2026-04-27,ADSK,235.03,1689400
2026-04-28,ADSK,234.85,1705600
2026-04-29,ADSK,235.87,1237600
2026-04-30,ADSK,237.0,1769600
2026-05-01,ADSK,244.35,2342500
2026-05-04,ADSK,247.54,1621500
2026-05-05,ADSK,249.43,2207000
2026-05-06,ADSK,243.08,2073300
2026-05-07,ADSK,251.04,2026600
2026-05-08,ADSK,244.5,1747800
2026-05-11,ADSK,236.07,1926700
2026-05-12,ADSK,234.87,1490751
2026-02-02,ADYEY,14.9,956600
2026-02-03,ADYEY,13.8,1166900
2026-02-04,ADYEY,13.72,1086000
2026-02-05,ADYEY,13.31,1499200
2026-02-06,ADYEY,13.43,908600
2026-02-09,ADYEY,14.08,841000
2026-02-10,ADYEY,14.61,714100
2026-02-11,ADYEY,13.65,1244400
2026-02-12,ADYEY,10.96,5145000
2026-02-13,ADYEY,10.72,3218400
2026-02-17,ADYEY,11.303,4914015
2026-02-18,ADYEY,11.57,5518600
2026-02-19,ADYEY,11.74,4646100
2026-02-20,ADYEY,11.81,1740500
2026-02-23,ADYEY,11.12,2601200
2026-02-24,ADYEY,11.0,4372900
2026-02-25,ADYEY,11.39,3965500
2026-02-26,ADYEY,11.65,1331100
2026-02-27,ADYEY,11.62,1000200
2026-03-02,ADYEY,11.29,945400
2026-03-03,ADYEY,11.21,2212500
2026-03-04,ADYEY,11.12,7556700
2026-03-05,ADYEY,10.82,1916700
2026-03-06,ADYEY,10.82,870300
2026-03-09,ADYEY,10.929,1338655
2026-03-10,ADYEY,10.89,1149724
2026-03-11,ADYEY,10.71,854700
2026-03-12,ADYEY,10.5,4233500
2026-03-13,ADYEY,10.34,1491800
2026-03-16,ADYEY,10.27,1971100
2026-03-17,ADYEY,10.43,995400
2026-03-18,ADYEY,10.03,1596900
2026-03-19,ADYEY,9.99,1755800
2026-03-20,ADYEY,9.88,1601000
2026-03-23,ADYEY,10.245,1290300
2026-03-24,ADYEY,10.21,865800
2026-03-25,ADYEY,10.42,671900
2026-03-26,ADYEY,9.99,722100
2026-03-27,ADYEY,9.79,880500
2026-03-30,ADYEY,9.77,946900
2026-03-31,ADYEY,9.97,1315600
2026-04-01,ADYEY,9.96,1219600
2026-04-02,ADYEY,9.741,1561300
2026-04-06,ADYEY,9.8,1343900
2026-04-07,ADYEY,9.91,1329400
2026-04-08,ADYEY,10.25,726800
2026-04-09,ADYEY,10.06,3166400
2026-04-10,ADYEY,10.03,1915600
2026-04-13,ADYEY,10.55,3465400
2026-04-14,ADYEY,10.895,1181600
2026-04-15,ADYEY,11.34,784900
2026-04-16,ADYEY,11.24,579300
2026-04-17,ADYEY,11.45,976800
2026-04-20,ADYEY,11.42,1314000
2026-04-21,ADYEY,11.37,822900
2026-04-22,ADYEY,11.35,401000
2026-04-23,ADYEY,11.42,2849600
2026-04-24,ADYEY,11.45,1771200
2026-04-27,ADYEY,11.36,4916700
2026-04-28,ADYEY,11.35,4725900
2026-04-29,ADYEY,11.09,828600
2026-04-30,ADYEY,11.25,790900
2026-05-01,ADYEY,11.26,425200
2026-05-04,ADYEY,11.29,628300
2026-05-05,ADYEY,11.31,1237000
2026-05-06,ADYEY,11.23,1778300
2026-05-07,ADYEY,11.02,1508400
2026-05-08,ADYEY,11.07,3876500
2026-05-11,ADYEY,10.71,6690100
2026-05-12,ADYEY,10.72,317351
2026-02-02,AEIS,261.741,781600
2026-02-03,AEIS,262.9506,624900
2026-02-04,AEIS,254.4632,820400
2026-02-05,AEIS,257.5622,506500
2026-02-06,AEIS,273.1775,566600
2026-02-09,AEIS,279.0857,621900
2026-02-10,AEIS,278.9558,944100
2026-02-11,AEIS,308.6768,1447000
2026-02-12,AEIS,312.8555,1226200
2026-02-13,AEIS,314.1751,885500
2026-02-17,AEIS,314.0252,644300
2026-02-18,AEIS,321.243,672300
2026-02-19,AEIS,320.5432,454100
2026-02-20,AEIS,331.13,735300
2026-02-23,AEIS,329.24,462400
2026-02-24,AEIS,335.74,522800
2026-02-25,AEIS,338.51,725000
2026-02-26,AEIS,337.35,739500
2026-02-27,AEIS,335.57,744900
2026-03-02,AEIS,340.42,845500
2026-03-03,AEIS,322.47,478400
2026-03-04,AEIS,330.54,654800
2026-03-05,AEIS,311.42,823100
2026-03-06,AEIS,290.78,676800
2026-03-09,AEIS,305.02,978573
2026-03-10,AEIS,311.39,635723
2026-03-11,AEIS,314.84,545400
2026-03-12,AEIS,305.82,441100
2026-03-13,AEIS,302.02,342800
2026-03-16,AEIS,308.31,559500
2026-03-17,AEIS,315.91,376000
2026-03-18,AEIS,319.63,710600
2026-03-19,AEIS,327.8,645800
2026-03-20,AEIS,317.21,1012200
2026-03-23,AEIS,329.78,647600
2026-03-24,AEIS,356.38,1069700
2026-03-25,AEIS,342.87,641200
2026-03-26,AEIS,313.11,544800
2026-03-27,AEIS,310.76,623100
2026-03-30,AEIS,298.29,598800
2026-03-31,AEIS,322.71,761500
2026-04-01,AEIS,332.82,557100
2026-04-02,AEIS,332.31,320100
2026-04-06,AEIS,331.9,418100
2026-04-07,AEIS,339.32,453200
2026-04-08,AEIS,366.95,677500
2026-04-09,AEIS,374.98,553800
2026-04-10,AEIS,379.64,362100
2026-04-13,AEIS,378.94,420900
2026-04-14,AEIS,385.73,425800
2026-04-15,AEIS,374.32,627000
2026-04-16,AEIS,372.23,473300
2026-04-17,AEIS,375.6,662900
2026-04-20,AEIS,380.22,530000
2026-04-21,AEIS,385.0,760700
2026-04-22,AEIS,377.19,504900
2026-04-23,AEIS,382.47,469000
2026-04-24,AEIS,387.24,982800
2026-04-27,AEIS,385.68,664400
2026-04-28,AEIS,369.08,636900
2026-04-29,AEIS,361.39,698500
2026-04-30,AEIS,383.91,546500
2026-05-01,AEIS,389.05,435400
2026-05-04,AEIS,387.03,994800
2026-05-05,AEIS,345.63,2193600
2026-05-06,AEIS,360.81,895200
2026-05-07,AEIS,351.94,1069300
2026-05-08,AEIS,357.24,563500
2026-05-11,AEIS,354.97,577300
2026-05-12,AEIS,339.42,644516
2026-02-02,AEP,116.5553,3941300
2026-02-03,AEP,118.8602,3482200
2026-02-04,AEP,118.1805,4653400
2026-02-05,AEP,118.8011,4338300
2026-02-06,AEP,118.9882,2767700
2026-02-09,AEP,119.2837,2654000
2026-02-10,AEP,120.3559,3506000
2026-02-11,AEP,121.3686,2843800
2026-02-12,AEP,125.5184,6301700
2026-02-13,AEP,129.0031,4671900
2026-02-17,AEP,129.301,4034900
2026-02-18,AEP,126.3524,3626100
2026-02-19,AEP,127.4941,2556200
2026-02-20,AEP,128.4372,3021300
2026-02-23,AEP,131.0781,3592500
2026-02-24,AEP,131.4355,3209200
2026-02-25,AEP,131.505,3459800
2026-02-26,AEP,131.1475,3811400
2026-02-27,AEP,132.8551,3332600
2026-03-02,AEP,132.329,2978600
2026-03-03,AEP,130.9688,4048500
2026-03-04,AEP,132.5573,4758400
2026-03-05,AEP,131.088,5158700
2026-03-06,AEP,130.9192,4613800
2026-03-09,AEP,130.9093,4476500
2026-03-10,AEP,131.356,3211800
2026-03-11,AEP,130.3136,2522500
2026-03-12,AEP,131.2667,2500200
2026-03-13,AEP,132.6467,3632100
2026-03-16,AEP,133.1828,4356800
2026-03-17,AEP,132.6566,2541300
2026-03-18,AEP,130.0257,3800100
2026-03-19,AEP,127.7919,5845200
2026-03-20,AEP,124.754,8610800
2026-03-23,AEP,126.9977,4406700
2026-03-24,AEP,127.8713,2559500
2026-03-25,AEP,127.3749,3335000
2026-03-26,AEP,127.921,3597400
2026-03-27,AEP,129.162,4404500
2026-03-30,AEP,130.1746,2717400
2026-03-31,AEP,130.1349,3124300
2026-04-01,AEP,130.7206,2582500
2026-04-02,AEP,131.7234,1998500
2026-04-06,AEP,131.4057,1852300
2026-04-07,AEP,131.9616,1814000
2026-04-08,AEP,133.7387,2398600
2026-04-09,AEP,136.1611,2562500
2026-04-10,AEP,135.3173,1982200
2026-04-13,AEP,133.4905,2401500
2026-04-14,AEP,134.4833,3162400
2026-04-15,AEP,133.421,2382600
2026-04-16,AEP,133.5898,2450200
2026-04-17,AEP,132.6963,2869800
2026-04-20,AEP,132.319,2646000
2026-04-21,AEP,130.9391,2451000
2026-04-22,AEP,130.671,2124100
2026-04-23,AEP,134.1061,1898200
2026-04-24,AEP,133.7586,1904700
2026-04-27,AEP,134.0961,2723300
2026-04-28,AEP,134.6124,2367900
2026-04-29,AEP,133.4707,2912700
2026-04-30,AEP,136.1214,3691300
2026-05-01,AEP,135.9229,2390100
2026-05-04,AEP,133.6891,3314600
2026-05-05,AEP,136.0519,4078200
2026-05-06,AEP,131.6042,4245700
2026-05-07,AEP,130.81,3107200
2026-05-08,AEP,130.16,2660200
2026-05-11,AEP,130.7,3179200
2026-05-12,AEP,131.94,2750100
2026-02-02,AGCO,114.4306,1024800
2026-02-03,AGCO,116.2967,484200
2026-02-04,AGCO,121.426,1332100
2026-02-05,AGCO,124.0805,1405200
2026-02-06,AGCO,132.2933,1473500
2026-02-09,AGCO,133.2812,877500
2026-02-10,AGCO,135.4866,1044500
2026-02-11,AGCO,138.181,1180600
2026-02-12,AGCO,138.64,1729500
2026-02-13,AGCO,140.49,630900
2026-02-17,AGCO,138.5,926100
2026-02-18,AGCO,137.86,635100
2026-02-19,AGCO,138.52,1099800
2026-02-20,AGCO,137.75,847600
2026-02-23,AGCO,135.15,592300
2026-02-24,AGCO,135.94,636000
2026-02-25,AGCO,133.92,544800
2026-02-26,AGCO,133.72,556700
2026-02-27,AGCO,136.5,824600
2026-03-02,AGCO,137.04,434500
2026-03-03,AGCO,133.07,877100
2026-03-04,AGCO,134.42,675300
2026-03-05,AGCO,127.52,658000
2026-03-06,AGCO,123.88,602800
2026-03-09,AGCO,123.92,754279
2026-03-10,AGCO,122.07,656646
2026-03-11,AGCO,121.72,711800
2026-03-12,AGCO,119.87,625900
2026-03-13,AGCO,118.57,555500
2026-03-16,AGCO,118.53,598800
2026-03-17,AGCO,116.52,713000
2026-03-18,AGCO,112.55,868000
2026-03-19,AGCO,110.93,888500
2026-03-20,AGCO,109.26,1733300
2026-03-23,AGCO,114.11,841900
2026-03-24,AGCO,116.37,549900
2026-03-25,AGCO,117.36,533500
2026-03-26,AGCO,115.94,410900
2026-03-27,AGCO,113.53,623000
2026-03-30,AGCO,112.65,597600
2026-03-31,AGCO,115.87,668300
2026-04-01,AGCO,117.74,539500
2026-04-02,AGCO,114.59,814600
2026-04-06,AGCO,114.43,586500
2026-04-07,AGCO,114.37,623400
2026-04-08,AGCO,119.91,791400
2026-04-09,AGCO,122.17,456400
2026-04-10,AGCO,121.23,473200
2026-04-13,AGCO,121.34,545100
2026-04-14,AGCO,122.58,938900
2026-04-15,AGCO,115.27,1266300
2026-04-16,AGCO,115.29,692600
2026-04-17,AGCO,118.6,625600
2026-04-20,AGCO,120.27,446400
2026-04-21,AGCO,119.34,618000
2026-04-22,AGCO,118.24,780500
2026-04-23,AGCO,119.54,758500
2026-04-24,AGCO,116.13,738300
2026-04-27,AGCO,117.51,562400
2026-04-28,AGCO,115.26,538800
2026-04-29,AGCO,114.43,664500
2026-04-30,AGCO,121.02,813100
2026-05-01,AGCO,118.51,657100
2026-05-04,AGCO,121.28,1754300
2026-05-05,AGCO,114.55,1595500
2026-05-06,AGCO,120.23,1124400
2026-05-07,AGCO,117.71,531100
2026-05-08,AGCO,117.34,416800
2026-05-11,AGCO,118.83,532000
2026-05-12,AGCO,118.03,468411
2026-02-02,AI,10.92,6501500
2026-02-03,AI,10.75,9376200
2026-02-04,AI,11.11,8499000
2026-02-05,AI,10.15,7927400
2026-02-06,AI,11.65,9461900
2026-02-09,AI,11.64,7542000
2026-02-10,AI,11.48,6510500
2026-02-11,AI,10.84,5487400
2026-02-12,AI,10.38,6272300
2026-02-13,AI,10.78,5666100
2026-02-17,AI,10.4,5051300
2026-02-18,AI,10.6,3733600
2026-02-19,AI,10.7,3697800
2026-02-20,AI,10.38,7418000
2026-02-23,AI,9.79,7058200
2026-02-24,AI,10.12,5547900
2026-02-25,AI,10.31,10067400
2026-02-26,AI,8.4,30936500
2026-02-27,AI,7.95,12417600
2026-03-02,AI,8.65,12259500
2026-03-03,AI,9.1,9667400
2026-03-04,AI,9.29,6530500
2026-03-05,AI,9.39,6545500
2026-03-06,AI,9.19,4756700
2026-03-09,AI,9.27,4378666
2026-03-10,AI,8.96,4437280
2026-03-11,AI,9.26,5773100
2026-03-12,AI,8.87,4133900
2026-03-13,AI,8.91,6191500
2026-03-16,AI,8.8,4575000
2026-03-17,AI,8.81,4191000
2026-03-18,AI,8.61,4058600
2026-03-19,AI,8.67,3652700
2026-03-20,AI,8.47,7029200
2026-03-23,AI,8.72,4930900
2026-03-24,AI,8.29,4299600
2026-03-25,AI,8.28,4734400
2026-03-26,AI,8.31,4090900
2026-03-27,AI,7.76,6506900
2026-03-30,AI,7.79,6403700
2026-03-31,AI,8.42,5404300
2026-04-01,AI,8.47,3543200
2026-04-02,AI,8.64,3742100
2026-04-06,AI,8.77,3360200
2026-04-07,AI,8.73,2683300
2026-04-08,AI,8.78,5950600
2026-04-09,AI,8.58,3755000
2026-04-10,AI,8.28,4352200
2026-04-13,AI,8.47,4810600
2026-04-14,AI,8.4,4775000
2026-04-15,AI,9.52,7948500
2026-04-16,AI,9.32,7170700
2026-04-17,AI,9.24,5578000
2026-04-20,AI,9.38,2737900
2026-04-21,AI,9.2,4625600
2026-04-22,AI,9.39,3095400
2026-04-23,AI,8.54,7079900
2026-04-24,AI,8.64,4167100
2026-04-27,AI,8.79,3777400
2026-04-28,AI,8.97,3582200
2026-04-29,AI,8.86,3078500
2026-04-30,AI,8.83,3863600
2026-05-01,AI,9.16,5295800
2026-05-04,AI,9.22,3482100
2026-05-05,AI,9.41,4382200
2026-05-06,AI,9.6,3989300
2026-05-07,AI,9.58,3573100
2026-05-08,AI,9.87,4339100
2026-05-11,AI,9.48,4574000
2026-05-12,AI,8.79,6416405
2026-02-02,AIQ,52.38,2176300
2026-02-03,AIQ,51.04,1728800
2026-02-04,AIQ,49.38,2469000
2026-02-05,AIQ,48.47,2152000
2026-02-06,AIQ,50.08,1347100
2026-02-09,AIQ,50.83,1329800
2026-02-10,AIQ,50.77,2525400
2026-02-11,AIQ,50.55,1065400
2026-02-12,AIQ,49.21,1869500
2026-02-13,AIQ,49.45,2204500
2026-02-17,AIQ,48.97,1919433
2026-02-18,AIQ,49.55,1337900
2026-02-19,AIQ,49.41,1262100
2026-02-20,AIQ,49.88,1501900
2026-02-23,AIQ,48.53,2334600
2026-02-24,AIQ,49.49,2365200
2026-02-25,AIQ,50.55,1390400
2026-02-26,AIQ,50.52,2613100
2026-02-27,AIQ,50.26,1117100
2026-03-02,AIQ,50.06,2842300
2026-03-03,AIQ,48.81,4333600
2026-03-04,AIQ,49.92,5030100
2026-03-05,AIQ,49.65,5497600
2026-03-06,AIQ,49.1,3026500
2026-03-09,AIQ,49.83,4445637
2026-03-10,AIQ,49.67,2667216
2026-03-11,AIQ,49.92,1425700
2026-03-12,AIQ,48.59,1694900
2026-03-13,AIQ,48.35,2557100
2026-03-16,AIQ,49.34,1161200
2026-03-17,AIQ,49.58,744700
2026-03-18,AIQ,48.87,976400
2026-03-19,AIQ,48.8,1035300
2026-03-20,AIQ,47.37,1058100
2026-03-23,AIQ,48.52,2607200
2026-03-24,AIQ,47.61,2062100
2026-03-25,AIQ,47.9,1689200
2026-03-26,AIQ,46.41,1843500
2026-03-27,AIQ,45.47,1729800
2026-03-30,AIQ,44.78,1657900
2026-03-31,AIQ,46.67,3106700
2026-04-01,AIQ,47.34,2164600
2026-04-02,AIQ,47.27,1662300
2026-04-06,AIQ,47.75,3127100
2026-04-07,AIQ,47.85,1989700
2026-04-08,AIQ,49.6,1615600
2026-04-09,AIQ,49.35,1819000
2026-04-10,AIQ,49.37,1174300
2026-04-13,AIQ,50.58,2080900
2026-04-14,AIQ,51.83,1675100
2026-04-15,AIQ,52.72,1168800
2026-04-16,AIQ,53.49,1018700
2026-04-17,AIQ,54.1,1302300
2026-04-20,AIQ,53.91,2056700
2026-04-21,AIQ,53.69,1589800
2026-04-22,AIQ,54.97,1374300
2026-04-23,AIQ,53.51,1388000
2026-04-24,AIQ,55.14,1619200
2026-04-27,AIQ,55.38,1083400
2026-04-28,AIQ,54.5,1433600
2026-04-29,AIQ,55.04,1210800
2026-04-30,AIQ,55.88,1017200
2026-05-01,AIQ,56.82,1754200
2026-05-04,AIQ,57.11,1590400
2026-05-05,AIQ,58.43,1751600
2026-05-06,AIQ,60.3,2276100
2026-05-07,AIQ,59.99,2491900
2026-05-08,AIQ,62.31,2382100
2026-05-11,AIQ,62.85,2608600
2026-05-12,AIQ,61.02,2352262
2026-02-02,AIRR,112.4536,548640
2026-02-03,AIRR,115.3619,911141
2026-02-04,AIRR,113.513,1110300
2026-02-05,AIRR,113.423,835302
2026-02-06,AIRR,118.4301,993994
2026-02-09,AIRR,119.8292,686280
2026-02-10,AIRR,119.1097,559993
2026-02-11,AIRR,120.279,733109
2026-02-12,AIRR,117.2008,1020947
2026-02-13,AIRR,119.0697,487246
2026-02-17,AIRR,118.3701,482823
2026-02-18,AIRR,118.7898,727868
2026-02-19,AIRR,120.5888,648413
2026-02-20,AIRR,121.858,539314
2026-02-23,AIRR,119.0897,895405
2026-02-24,AIRR,119.9592,742711
2026-02-25,AIRR,118.9198,751038
2026-02-26,AIRR,119.7693,1039892
2026-02-27,AIRR,118.1202,651517
2026-03-02,AIRR,119.3995,869520
2026-03-03,AIRR,117.0509,810112
2026-03-04,AIRR,117.8904,749756
2026-03-05,AIRR,113.413,1065885
2026-03-06,AIRR,110.3448,811550
2026-03-09,AIRR,113.0432,814221
2026-03-10,AIRR,112.1937,707790
2026-03-11,AIRR,112.1738,759209
2026-03-12,AIRR,109.2055,715789
2026-03-13,AIRR,108.4959,420927
2026-03-16,AIRR,110.4648,578001
2026-03-17,AIRR,111.3243,466959
2026-03-18,AIRR,110.2449,534963
2026-03-19,AIRR,111.1244,1086100
2026-03-20,AIRR,107.6364,1299184
2026-03-23,AIRR,110.3848,631002
2026-03-24,AIRR,112.1937,645767
2026-03-25,AIRR,113.453,682742
2026-03-26,AIRR,109.02,829376
2026-03-27,AIRR,109.77,464623
2026-03-30,AIRR,105.91,1117250
2026-03-31,AIRR,110.78,606582
2026-04-01,AIRR,113.16,647513
2026-04-02,AIRR,112.87,517748
2026-04-06,AIRR,113.6,615812
2026-04-07,AIRR,113.43,701638
2026-04-08,AIRR,119.16,595403
2026-04-09,AIRR,120.63,508580
2026-04-10,AIRR,120.34,437944
2026-04-13,AIRR,121.84,444368
2026-04-14,AIRR,122.79,565270
2026-04-15,AIRR,121.25,633520
2026-04-16,AIRR,120.39,499377
2026-04-17,AIRR,123.13,1515858
2026-04-20,AIRR,123.88,467800
2026-04-21,AIRR,123.06,740500
2026-04-22,AIRR,123.95,725600
2026-04-23,AIRR,125.43,1360600
2026-04-24,AIRR,124.11,482400
2026-04-27,AIRR,125.65,991100
2026-04-28,AIRR,123.59,531400
2026-04-29,AIRR,121.58,1175300
2026-04-30,AIRR,126.89,813000
2026-05-01,AIRR,127.26,680700
2026-05-04,AIRR,125.27,1018900
2026-05-05,AIRR,130.68,685600
2026-05-06,AIRR,131.94,1309800
2026-05-07,AIRR,129.03,976300
2026-05-08,AIRR,129.62,755600
2026-05-11,AIRR,130.4,729600
2026-05-12,AIRR,129.34,671932
2026-02-02,AKAM,96.63,2439300
2026-02-03,AKAM,91.79,3617900
2026-02-04,AKAM,91.92,3214900
2026-02-05,AKAM,91.49,3330600
2026-02-06,AKAM,95.08,3325500
2026-02-09,AKAM,94.72,2268200
2026-02-10,AKAM,94.4,2493300
2026-02-11,AKAM,94.8,4121900
2026-02-12,AKAM,104.61,10960800
2026-02-13,AKAM,111.76,7333500
2026-02-17,AKAM,108.42,4698500
2026-02-18,AKAM,109.31,3483400
2026-02-19,AKAM,109.59,7403100
2026-02-20,AKAM,94.17,15779600
2026-02-23,AKAM,98.76,7644400
2026-02-24,AKAM,100.13,5382800
2026-02-25,AKAM,100.04,3178600
2026-02-26,AKAM,99.9,2905000
2026-02-27,AKAM,98.39,4716100
2026-03-02,AKAM,97.64,4563500
2026-03-03,AKAM,102.08,5310300
2026-03-04,AKAM,102.98,2813500
2026-03-05,AKAM,101.0,2781500
2026-03-06,AKAM,99.89,2804600
2026-03-09,AKAM,102.11,2883523
2026-03-10,AKAM,104.5,3814669
2026-03-11,AKAM,106.47,4787200
2026-03-12,AKAM,105.47,3610400
2026-03-13,AKAM,107.67,3422500
2026-03-16,AKAM,105.44,4758000
2026-03-17,AKAM,105.84,3681500
2026-03-18,AKAM,108.86,5175100
2026-03-19,AKAM,110.0,4128900
2026-03-20,AKAM,110.48,13118300
2026-03-23,AKAM,114.43,5913900
2026-03-24,AKAM,114.5,4514900
2026-03-25,AKAM,119.15,6782800
2026-03-26,AKAM,117.25,5346600
2026-03-27,AKAM,114.5,4460500
2026-03-30,AKAM,110.22,4041100
2026-03-31,AKAM,114.85,3803800
2026-04-01,AKAM,115.75,3268800
2026-04-02,AKAM,118.0,4116300
2026-04-06,AKAM,114.6,4017700
2026-04-07,AKAM,113.89,3584700
2026-04-08,AKAM,116.0,5637300
2026-04-09,AKAM,109.61,5411200
2026-04-10,AKAM,91.35,14270500
2026-04-13,AKAM,94.94,6283100
2026-04-14,AKAM,88.84,8714000
2026-04-15,AKAM,90.38,4958600
2026-04-16,AKAM,96.81,6632500
2026-04-17,AKAM,95.89,5065800
2026-04-20,AKAM,97.62,2951500
2026-04-21,AKAM,98.08,2806200
2026-04-22,AKAM,97.11,2786800
2026-04-23,AKAM,96.18,3143900
2026-04-24,AKAM,95.25,3591900
2026-04-27,AKAM,95.93,2185400
2026-04-28,AKAM,95.43,2784600
2026-04-29,AKAM,99.8,3683800
2026-04-30,AKAM,102.98,5278400
2026-05-01,AKAM,103.87,2875400
2026-05-04,AKAM,105.78,3130600
2026-05-05,AKAM,117.94,8613100
2026-05-06,AKAM,121.99,5979300
2026-05-07,AKAM,116.69,10595200
2026-05-08,AKAM,147.71,21492900
2026-05-11,AKAM,153.01,9873900
2026-05-12,AKAM,149.56,5661078
2026-02-02,ALB,164.5224,3666611
2026-02-03,ALB,170.2183,2655372
2026-02-04,ALB,168.2432,3048983
2026-02-05,ALB,156.0933,3638226
2026-02-06,ALB,162.9663,2120824
2026-02-09,ALB,165.3504,2341593
2026-02-10,ALB,168.1435,2196433
2026-02-11,ALB,174.9965,3762628
2026-02-12,ALB,158.5373,4254240
2026-02-13,ALB,165.9389,2594590
2026-02-17,ALB,168.5026,1809587
2026-02-18,ALB,170.7969,2196933
2026-02-19,ALB,167.9938,1559647
2026-02-20,ALB,168.0038,1860985
2026-02-23,ALB,177.0813,2323520
2026-02-24,ALB,186.3683,2628944
2026-02-25,ALB,195.386,4503443
2026-02-26,ALB,184.473,2576360
2026-02-27,ALB,178.2285,2405630
2026-03-02,ALB,177.7397,1626332
2026-03-03,ALB,164.3229,3369534
2026-03-04,ALB,167.934,2535487
2026-03-05,ALB,163.5249,2110086
2026-03-06,ALB,161.889,2175783
2026-03-09,ALB,169.151,2420702
2026-03-10,ALB,166.1285,2028317
2026-03-11,ALB,167.5848,1705214
2026-03-12,ALB,163.485,1480114
2026-03-13,ALB,158.22,1897100
2026-03-16,ALB,162.44,1215180
2026-03-17,ALB,166.32,1697584
2026-03-18,ALB,165.83,1585787
2026-03-19,ALB,163.26,1874047
2026-03-20,ALB,156.7,2936858
2026-03-23,ALB,167.56,2898989
2026-03-24,ALB,177.06,2267029
2026-03-25,ALB,181.39,2248318
2026-03-26,ALB,174.5,1261359
2026-03-27,ALB,179.45,1572234
2026-03-30,ALB,177.22,2104500
2026-03-31,ALB,179.53,2225900
2026-04-01,ALB,178.47,1842700
2026-04-02,ALB,178.09,1145800
2026-04-06,ALB,173.03,1394200
2026-04-07,ALB,173.53,1303500
2026-04-08,ALB,177.44,1617400
2026-04-09,ALB,172.35,1538900
2026-04-10,ALB,173.64,1208700
2026-04-13,ALB,185.43,2960200
2026-04-14,ALB,189.86,1810000
2026-04-15,ALB,185.38,1291100
2026-04-16,ALB,215.62,5639600
2026-04-17,ALB,197.75,4160700
2026-04-20,ALB,194.83,2216300
2026-04-21,ALB,198.42,1491600
2026-04-22,ALB,194.22,1799300
2026-04-23,ALB,193.14,1548800
2026-04-24,ALB,188.33,1854200
2026-04-27,ALB,199.53,2188300
2026-04-28,ALB,186.9,1835600
2026-04-29,ALB,190.88,1453600
2026-04-30,ALB,196.7,2215100
2026-05-01,ALB,193.88,1278100
2026-05-04,ALB,190.69,1392200
2026-05-05,ALB,194.82,1269700
2026-05-06,ALB,192.61,2224900
2026-05-07,ALB,198.35,4291200
2026-05-08,ALB,203.52,3130000
2026-05-11,ALB,209.99,2811300
2026-05-12,ALB,205.52,1794133
2026-02-02,ALT,5.55,5175800
2026-02-03,ALT,5.47,4565900
2026-02-04,ALT,5.13,3557500
2026-02-05,ALT,4.92,3972600
2026-02-06,ALT,4.87,3846000
2026-02-09,ALT,4.69,3722800
2026-02-10,ALT,4.65,2140700
2026-02-11,ALT,4.63,1867000
2026-02-12,ALT,4.57,2236600
2026-02-13,ALT,4.53,3888000
2026-02-17,ALT,4.5,1885400
2026-02-18,ALT,4.46,2829100
2026-02-19,ALT,4.49,3275400
2026-02-20,ALT,4.38,4136600
2026-02-23,ALT,4.52,3179200
2026-02-24,ALT,4.57,2978900
2026-02-25,ALT,4.56,2056100
2026-02-26,ALT,4.46,1902900
2026-02-27,ALT,4.31,3018500
2026-03-02,ALT,4.16,2388500
2026-03-03,ALT,4.16,2863800
2026-03-04,ALT,4.27,2267300
2026-03-05,ALT,3.505,7710000
2026-03-06,ALT,3.54,5385400
2026-03-09,ALT,3.88,5337000
2026-03-10,ALT,3.86,3565700
2026-03-11,ALT,3.8,2889500
2026-03-12,ALT,3.6,2959400
2026-03-13,ALT,3.5,3119100
2026-03-16,ALT,3.62,2650200
2026-03-17,ALT,3.53,2531600
2026-03-18,ALT,3.42,3477100
2026-03-19,ALT,3.42,2686800
2026-03-20,ALT,3.34,12523700
2026-03-23,ALT,3.44,3449300
2026-03-24,ALT,3.24,3345400
2026-03-25,ALT,3.31,4369500
2026-03-26,ALT,3.2,2194800
2026-03-27,ALT,3.02,2674900
2026-03-30,ALT,2.88,3116300
2026-03-31,ALT,3.08,3290500
2026-04-01,ALT,3.12,2111700
2026-04-02,ALT,3.34,2737000
2026-04-06,ALT,3.33,2360600
2026-04-07,ALT,3.38,2039600
2026-04-08,ALT,3.37,1695700
2026-04-09,ALT,3.38,1989200
2026-04-10,ALT,3.24,1936600
2026-04-13,ALT,3.23,2122600
2026-04-14,ALT,3.29,1991000
2026-04-15,ALT,3.4,2080100
2026-04-16,ALT,3.51,2580500
2026-04-17,ALT,3.5,2868800
2026-04-20,ALT,3.56,2161600
2026-04-21,ALT,3.41,3251000
2026-04-22,ALT,3.47,2948100
2026-04-23,ALT,2.89,30489000
2026-04-24,ALT,2.85,14733700
2026-04-27,ALT,2.8,5894900
2026-04-28,ALT,2.74,4870600
2026-04-29,ALT,2.63,4888600
2026-04-30,ALT,2.6,5675500
2026-05-01,ALT,2.82,4956800
2026-05-04,ALT,3.02,5175700
2026-05-05,ALT,3.06,3470400
2026-05-06,ALT,3.26,4096700
2026-05-07,ALT,3.04,3720500
2026-05-08,ALT,3.09,2858200
2026-05-11,ALT,3.09,2937200
2026-05-12,ALT,3.08,2392173
2026-02-02,AMAT,327.9909,7409582
2026-02-03,AMAT,318.2731,10697030
2026-02-04,AMAT,297.2293,14719410
2026-02-05,AMAT,303.6114,8514321
2026-02-06,AMAT,322.1083,8344434
2026-02-09,AMAT,330.1582,7458948
2026-02-10,AMAT,328.6601,6785829
2026-02-11,AMAT,339.4566,7160914
2026-02-12,AMAT,327.981,9764434
2026-02-13,AMAT,354.4679,15706020
2026-02-17,AMAT,358.6827,8791300
2026-02-18,AMAT,368.84,8784300
2026-02-19,AMAT,369.83,6640100
2026-02-20,AMAT,375.38,8178700
2026-02-23,AMAT,373.55,6077400
2026-02-24,AMAT,377.93,5711800
2026-02-25,AMAT,394.95,9745000
2026-02-26,AMAT,375.72,7717100
2026-02-27,AMAT,372.3,9041400
2026-03-02,AMAT,372.18,5802100
2026-03-03,AMAT,351.32,7982000
2026-03-04,AMAT,357.76,5980400
2026-03-05,AMAT,346.53,5899700
2026-03-06,AMAT,324.74,8655200
2026-03-09,AMAT,338.94,9504107
2026-03-10,AMAT,345.88,6121075
2026-03-11,AMAT,351.07,4517200
2026-03-12,AMAT,337.27,5978200
2026-03-13,AMAT,341.53,5332200
2026-03-16,AMAT,346.18,4427000
2026-03-17,AMAT,352.46,4833900
2026-03-18,AMAT,349.47,5170500
2026-03-19,AMAT,357.21,6459700
2026-03-20,AMAT,357.06,17587900
2026-03-23,AMAT,361.79,6490700
2026-03-24,AMAT,373.99,6406200
2026-03-25,AMAT,369.34,5052000
2026-03-26,AMAT,338.55,9261000
2026-03-27,AMAT,337.17,5984800
2026-03-30,AMAT,323.12,6568100
2026-03-31,AMAT,341.79,8335600
2026-04-01,AMAT,353.8,5974800
2026-04-02,AMAT,348.47,4269400
2026-04-06,AMAT,352.62,2505500
2026-04-07,AMAT,354.31,4024800
2026-04-08,AMAT,385.72,7628500
2026-04-09,AMAT,397.81,5373600
2026-04-10,AMAT,399.49,6399900
2026-04-13,AMAT,395.73,5246600
2026-04-14,AMAT,395.64,5353200
2026-04-15,AMAT,394.26,5925100
2026-04-16,AMAT,389.9,5113000
2026-04-17,AMAT,396.94,6017900
2026-04-20,AMAT,391.62,3747500
2026-04-21,AMAT,394.33,5414900
2026-04-22,AMAT,403.48,5268100
2026-04-23,AMAT,403.91,4420800
2026-04-24,AMAT,417.04,6159600
2026-04-27,AMAT,404.86,5663400
2026-04-28,AMAT,381.11,10396200
2026-04-29,AMAT,382.59,5116400
2026-04-30,AMAT,394.49,7050000
2026-05-01,AMAT,389.08,4586500
2026-05-04,AMAT,391.38,5062300
2026-05-05,AMAT,410.82,6321100
2026-05-06,AMAT,428.62,7241200
2026-05-07,AMAT,410.64,7741800
2026-05-08,AMAT,435.44,8165200
2026-05-11,AMAT,443.62,8324000
2026-05-12,AMAT,431.2,9304200
2026-02-02,AMD,246.27,36308100
2026-02-03,AMD,242.11,53097100
2026-02-04,AMD,200.19,107173300
2026-02-05,AMD,192.5,62196400
2026-02-06,AMD,208.44,54504500
2026-02-09,AMD,216.0,38810800
2026-02-10,AMD,213.57,25326700
2026-02-11,AMD,213.58,33384700
2026-02-12,AMD,205.94,32181000
2026-02-13,AMD,207.32,26123900
2026-02-17,AMD,203.08,33712100
2026-02-18,AMD,200.12,35664100
2026-02-19,AMD,203.37,25842300
2026-02-20,AMD,200.15,36317300
2026-02-23,AMD,196.6,28187900
2026-02-24,AMD,213.84,81367000
2026-02-25,AMD,210.86,44588100
2026-02-26,AMD,203.68,35020500
2026-02-27,AMD,200.21,31312400
2026-03-02,AMD,198.62,34120200
2026-03-03,AMD,190.95,37785700
2026-03-04,AMD,202.07,40912600
2026-03-05,AMD,199.45,36000700
2026-03-06,AMD,192.43,33913800
2026-03-09,AMD,202.68,38877200
2026-03-10,AMD,203.23,29139200
2026-03-11,AMD,204.83,23076400
2026-03-12,AMD,197.74,28886900
2026-03-13,AMD,193.39,27561900
2026-03-16,AMD,196.58,30285200
2026-03-17,AMD,196.31,22779700
2026-03-18,AMD,199.46,28569100
2026-03-19,AMD,205.27,32245300
2026-03-20,AMD,201.33,37265100
2026-03-23,AMD,202.68,31857800
2026-03-24,AMD,205.37,27258800
2026-03-25,AMD,220.27,48518300
2026-03-26,AMD,203.77,49213000
2026-03-27,AMD,201.99,29206600
2026-03-30,AMD,196.04,41053300
2026-03-31,AMD,203.43,42318700
2026-04-01,AMD,210.21,40835800
2026-04-02,AMD,217.5,38463500
2026-04-06,AMD,220.18,30786400
2026-04-07,AMD,221.53,26483000
2026-04-08,AMD,231.82,35496400
2026-04-09,AMD,236.64,27126200
2026-04-10,AMD,245.04,36477200
2026-04-13,AMD,246.83,22781800
2026-04-14,AMD,255.07,25733200
2026-04-15,AMD,258.12,24695200
2026-04-16,AMD,278.26,64850800
2026-04-17,AMD,278.39,35519900
2026-04-20,AMD,274.95,34833900
2026-04-21,AMD,284.49,38950900
2026-04-22,AMD,303.46,49054200
2026-04-23,AMD,305.33,45619700
2026-04-24,AMD,347.81,81616700
2026-04-27,AMD,334.63,50585300
2026-04-28,AMD,323.21,43002500
2026-04-29,AMD,337.11,44704400
2026-04-30,AMD,354.49,42115300
2026-05-01,AMD,360.54,34279200
2026-05-04,AMD,341.54,42000200
2026-05-05,AMD,355.26,64235100
2026-05-06,AMD,421.39,87732200
2026-05-07,AMD,408.46,44885500
2026-05-08,AMD,455.19,58134900
2026-05-11,AMD,458.79,46085400
2026-05-12,AMD,448.29,38174077
2026-02-02,AMGN,342.3081,1899871
2026-02-03,AMGN,336.26,4039974
2026-02-04,AMGN,363.68,5899557
2026-02-05,AMGN,365.269,4007341
2026-02-06,AMGN,381.6753,3840306
2026-02-09,AMGN,373.2338,2844017
2026-02-10,AMGN,362.1407,3526589
2026-02-11,AMGN,364.0574,2826184
2026-02-12,AMGN,363.68,2374457
2026-02-13,AMGN,369.19,2414170
2026-02-17,AMGN,373.36,2255400
2026-02-18,AMGN,379.73,2731900
2026-02-19,AMGN,375.5,2427000
2026-02-20,AMGN,374.75,2911700
2026-02-23,AMGN,379.42,2951400
2026-02-24,AMGN,382.87,2454700
2026-02-25,AMGN,384.33,2459500
2026-02-26,AMGN,379.33,2589400
2026-02-27,AMGN,388.16,3441000
2026-03-02,AMGN,385.7,2837900
2026-03-03,AMGN,377.0,2710400
2026-03-04,AMGN,379.27,2028300
2026-03-05,AMGN,367.6,2868400
2026-03-06,AMGN,369.53,2443000
2026-03-09,AMGN,376.97,2720112
2026-03-10,AMGN,375.43,2284548
2026-03-11,AMGN,377.64,2299200
2026-03-12,AMGN,367.79,1990500
2026-03-13,AMGN,366.21,1500300
2026-03-16,AMGN,366.25,2099100
2026-03-17,AMGN,361.13,2334300
2026-03-18,AMGN,351.48,2895100
2026-03-19,AMGN,349.92,2168700
2026-03-20,AMGN,347.8,9168800
2026-03-23,AMGN,349.77,2368700
2026-03-24,AMGN,348.43,2336700
2026-03-25,AMGN,353.93,1831900
2026-03-26,AMGN,353.16,2044800
2026-03-27,AMGN,348.77,2274800
2026-03-30,AMGN,349.0,2589900
2026-03-31,AMGN,351.85,3747100
2026-04-01,AMGN,353.28,2726600
2026-04-02,AMGN,347.94,1604300
2026-04-06,AMGN,342.57,2143700
2026-04-07,AMGN,340.0,3162200
2026-04-08,AMGN,349.81,2666400
2026-04-09,AMGN,355.6,2940700
2026-04-10,AMGN,351.02,2258100
2026-04-13,AMGN,349.82,2547700
2026-04-14,AMGN,350.95,2106800
2026-04-15,AMGN,348.22,2140000
2026-04-16,AMGN,349.39,1981600
2026-04-17,AMGN,355.3,3685900
2026-04-20,AMGN,350.16,2107600
2026-04-21,AMGN,344.86,2066600
2026-04-22,AMGN,345.92,2136100
2026-04-23,AMGN,348.62,2033400
2026-04-24,AMGN,344.55,2201200
2026-04-27,AMGN,340.18,2653800
2026-04-28,AMGN,339.57,2376400
2026-04-29,AMGN,338.02,2516500
2026-04-30,AMGN,346.25,3592600
2026-05-01,AMGN,329.82,3821100
2026-05-04,AMGN,323.85,3481000
2026-05-05,AMGN,329.59,3321400
2026-05-06,AMGN,331.11,2874400
2026-05-07,AMGN,329.09,3296900
2026-05-08,AMGN,331.7,2443200
2026-05-11,AMGN,329.59,1918800
2026-05-12,AMGN,336.29,3117469
2026-02-02,AMKR,48.1078,2820800
2026-02-03,AMKR,46.1516,4746100
2026-02-04,AMKR,43.7861,5640000
2026-02-05,AMKR,44.1853,4595900
2026-02-06,AMKR,49.2656,4223900
2026-02-09,AMKR,52.4196,8482800
2026-02-10,AMKR,53.3578,8312100
2026-02-11,AMKR,56.0626,5648400
2026-02-12,AMKR,51.4913,6198600
2026-02-13,AMKR,47.3892,12757900
2026-02-17,AMKR,46.7504,6660400
2026-02-18,AMKR,46.6506,5824500
2026-02-19,AMKR,48.2475,5160200
2026-02-20,AMKR,47.8483,3957000
2026-02-23,AMKR,46.98,3107600
2026-02-24,AMKR,48.4372,4240800
2026-02-25,AMKR,50.8426,5294200
2026-02-26,AMKR,48.4272,4593800
2026-02-27,AMKR,47.7285,4293800
2026-03-02,AMKR,47.7186,2611700
2026-03-03,AMKR,44.5047,4294000
2026-03-04,AMKR,45.6825,3989400
2026-03-05,AMKR,44.4748,4055100
2026-03-06,AMKR,41.5304,3743600
2026-03-09,AMKR,43.1373,5627400
2026-03-10,AMKR,43.856,4072000
2026-03-11,AMKR,43.836,2464000
2026-03-12,AMKR,41.27,3957500
2026-03-13,AMKR,42.99,2954400
2026-03-16,AMKR,44.63,3198500
2026-03-17,AMKR,46.34,3015400
2026-03-18,AMKR,46.87,3522700
2026-03-19,AMKR,48.13,3388800
2026-03-20,AMKR,45.81,5408800
2026-03-23,AMKR,46.12,4573300
2026-03-24,AMKR,50.26,3519800
2026-03-25,AMKR,49.93,2703200
2026-03-26,AMKR,45.14,3797000
2026-03-27,AMKR,44.45,3324300
2026-03-30,AMKR,41.25,2889200
2026-03-31,AMKR,45.03,3439400
2026-04-01,AMKR,46.49,2611800
2026-04-02,AMKR,46.7,1774100
2026-04-06,AMKR,47.03,1823300
2026-04-07,AMKR,47.62,1824400
2026-04-08,AMKR,52.42,3178900
2026-04-09,AMKR,55.14,3760700
2026-04-10,AMKR,57.96,3904900
2026-04-13,AMKR,60.44,3771800
2026-04-14,AMKR,61.32,3358500
2026-04-15,AMKR,59.72,3479900
2026-04-16,AMKR,62.9,5219900
2026-04-17,AMKR,67.37,6153000
2026-04-20,AMKR,69.44,3991600
2026-04-21,AMKR,70.21,4161300
2026-04-22,AMKR,72.25,3577700
2026-04-23,AMKR,72.91,3570300
2026-04-24,AMKR,78.1,5317100
2026-04-27,AMKR,75.62,6576100
2026-04-28,AMKR,71.36,7531200
2026-04-29,AMKR,70.61,3577900
2026-04-30,AMKR,69.75,10521100
2026-05-01,AMKR,71.09,10940700
2026-05-04,AMKR,70.96,5723400
2026-05-05,AMKR,76.71,6148700
2026-05-06,AMKR,77.22,5292200
2026-05-07,AMKR,72.27,4569700
2026-05-08,AMKR,76.61,5324300
2026-05-11,AMKR,76.69,3708600
2026-05-12,AMKR,73.45,3402048
2026-02-02,AMSC,30.02,1454600
2026-02-03,AMSC,30.0,1010700
2026-02-04,AMSC,27.61,1912100
2026-02-05,AMSC,25.95,3549100
2026-02-06,AMSC,28.17,2061000
2026-02-09,AMSC,28.79,1079800
2026-02-10,AMSC,31.88,3315600
2026-02-11,AMSC,34.26,2737600
2026-02-12,AMSC,31.95,1520000
2026-02-13,AMSC,34.26,1435300
2026-02-17,AMSC,36.66,1667200
2026-02-18,AMSC,34.78,1764500
2026-02-19,AMSC,33.78,986200
2026-02-20,AMSC,34.04,1173300
2026-02-23,AMSC,32.51,801700
2026-02-24,AMSC,33.71,820600
2026-02-25,AMSC,34.68,699300
2026-02-26,AMSC,34.64,614600
2026-02-27,AMSC,32.58,805100
2026-03-02,AMSC,33.01,803700
2026-03-03,AMSC,31.09,718800
2026-03-04,AMSC,31.86,444000
2026-03-05,AMSC,30.84,687800
2026-03-06,AMSC,27.7,1531700
2026-03-09,AMSC,29.04,1292092
2026-03-10,AMSC,29.68,917507
2026-03-11,AMSC,30.66,724000
2026-03-12,AMSC,29.26,666600
2026-03-13,AMSC,31.02,925400
2026-03-16,AMSC,30.9,637200
2026-03-17,AMSC,31.17,503700
2026-03-18,AMSC,30.14,621300
2026-03-19,AMSC,30.67,505000
2026-03-20,AMSC,28.74,1246100
2026-03-23,AMSC,30.8,1548000
2026-03-24,AMSC,32.21,893300
2026-03-25,AMSC,33.56,946800
2026-03-26,AMSC,32.31,1573100
2026-03-27,AMSC,33.72,1042000
2026-03-30,AMSC,32.21,1978100
2026-03-31,AMSC,33.85,1135600
2026-04-01,AMSC,32.65,633700
2026-04-02,AMSC,32.09,630500
2026-04-06,AMSC,32.62,380900
2026-04-07,AMSC,31.54,562600
2026-04-08,AMSC,33.02,918500
2026-04-09,AMSC,36.15,1408100
2026-04-10,AMSC,37.71,1238000
2026-04-13,AMSC,37.81,796900
2026-04-14,AMSC,39.45,993900
2026-04-15,AMSC,37.74,1294000
2026-04-16,AMSC,37.97,917300
2026-04-17,AMSC,39.72,1058400
2026-04-20,AMSC,40.73,692300
2026-04-21,AMSC,41.93,1587000
2026-04-22,AMSC,48.15,2463700
2026-04-23,AMSC,46.15,2644600
2026-04-24,AMSC,49.48,2319300
2026-04-27,AMSC,49.64,2525400
2026-04-28,AMSC,47.5,1769600
2026-04-29,AMSC,47.7,1293200
2026-04-30,AMSC,53.54,1863800
2026-05-01,AMSC,52.51,1310400
2026-05-04,AMSC,50.3,1068800
2026-05-05,AMSC,55.01,1400600
2026-05-06,AMSC,57.07,1080300
2026-05-07,AMSC,53.22,1201600
2026-05-08,AMSC,55.19,859800
2026-05-11,AMSC,58.72,1749700
2026-05-12,AMSC,54.51,1307413
2026-02-02,AMT,171.9816,2968500
2026-02-03,AMT,171.4173,3147200
2026-02-04,AMT,174.8034,4518900
2026-02-05,AMT,169.7935,4730000
2026-02-06,AMT,169.5757,3481800
2026-02-09,AMT,171.9915,2507800
2026-02-10,AMT,176.744,2680700
2026-02-11,AMT,178.6946,2089100
2026-02-12,AMT,186.3283,4537000
2026-02-13,AMT,190.1996,3413100
2026-02-17,AMT,191.1798,3166000
2026-02-18,AMT,184.7738,2636100
2026-02-19,AMT,182.9619,2257500
2026-02-20,AMT,185.457,2484100
2026-02-23,AMT,188.1699,2966400
2026-02-24,AMT,188.3085,3535100
2026-02-25,AMT,180.6748,3406300
2026-02-26,AMT,183.1797,2918200
2026-02-27,AMT,189.962,4964400
2026-03-02,AMT,188.3184,3390200
2026-03-03,AMT,188.3679,2361100
2026-03-04,AMT,188.9125,2457200
2026-03-05,AMT,185.7837,3430400
2026-03-06,AMT,186.7243,2747300
2026-03-09,AMT,184.7936,2800900
2026-03-10,AMT,184.2788,3288700
2026-03-11,AMT,181.0411,1587900
2026-03-12,AMT,178.0807,3070400
2026-03-13,AMT,182.5857,3194200
2026-03-16,AMT,182.8827,2267300
2026-03-17,AMT,183.2391,2728900
2026-03-18,AMT,178.9025,3654800
2026-03-19,AMT,180.952,3615200
2026-03-20,AMT,175.0411,6368000
2026-03-23,AMT,174.7539,4363100
2026-03-24,AMT,168.6747,4558300
2026-03-25,AMT,165.6152,4107600
2026-03-26,AMT,167.2489,2890300
2026-03-27,AMT,167.843,2468500
2026-03-30,AMT,168.6747,3106500
2026-03-31,AMT,170.8727,4425800
2026-04-01,AMT,169.3281,2311000
2026-04-02,AMT,172.0113,4241600
2026-04-06,AMT,174.3975,2898900
2026-04-07,AMT,172.3579,3617100
2026-04-08,AMT,174.4371,3465200
2026-04-09,AMT,178.15,3273800
2026-04-10,AMT,177.5163,3179700
2026-04-13,AMT,179.15,2597700
2026-04-14,AMT,176.41,2887200
2026-04-15,AMT,176.99,2129100
2026-04-16,AMT,178.6,1915900
2026-04-17,AMT,182.36,4708600
2026-04-20,AMT,181.66,2778700
2026-04-21,AMT,174.76,3564000
2026-04-22,AMT,176.31,2269500
2026-04-23,AMT,179.01,2433900
2026-04-24,AMT,178.21,3065000
2026-04-27,AMT,175.3,3046500
2026-04-28,AMT,178.4,4484600
2026-04-29,AMT,178.19,2775000
2026-04-30,AMT,182.71,3006400
2026-05-01,AMT,181.61,1943200
2026-05-04,AMT,180.88,1625500
2026-05-05,AMT,178.12,2244200
2026-05-06,AMT,180.16,2116000
2026-05-07,AMT,179.77,2589507
2026-05-08,AMT,176.53,3510339
2026-05-11,AMT,177.47,2456447
2026-05-12,AMT,178.82,3348335
2026-02-02,AMZN,242.96,37546102
2026-02-03,AMZN,238.62,53831301
2026-02-04,AMZN,232.99,51299953
2026-02-05,AMZN,222.69,103509203
2026-02-06,AMZN,210.32,179210891
2026-02-09,AMZN,208.72,91178438
2026-02-10,AMZN,206.96,67175031
2026-02-11,AMZN,204.08,65545461
2026-02-12,AMZN,199.6,83975391
2026-02-13,AMZN,198.79,66321594
2026-02-17,AMZN,201.15,69879200
2026-02-18,AMZN,204.79,51003300
2026-02-19,AMZN,204.86,35669600
2026-02-20,AMZN,210.11,65881600
2026-02-23,AMZN,205.27,53581500
2026-02-24,AMZN,208.56,41137200
2026-02-25,AMZN,210.64,41346400
2026-02-26,AMZN,207.92,47756800
2026-02-27,AMZN,210.0,57422800
2026-03-02,AMZN,208.39,46001000
2026-03-03,AMZN,208.73,43184900
2026-03-04,AMZN,216.82,54731100
2026-03-05,AMZN,218.94,60943400
2026-03-06,AMZN,213.21,51152700
2026-03-09,AMZN,213.49,54642930
2026-03-10,AMZN,214.33,35678832
2026-03-11,AMZN,212.65,34199300
2026-03-12,AMZN,209.53,44349500
2026-03-13,AMZN,207.67,35662100
2026-03-16,AMZN,211.74,42209300
2026-03-17,AMZN,215.2,44969900
2026-03-18,AMZN,209.87,37846600
2026-03-19,AMZN,208.76,36440600
2026-03-20,AMZN,205.37,63694600
2026-03-23,AMZN,210.14,44277400
2026-03-24,AMZN,207.24,35351400
2026-03-25,AMZN,211.71,36388800
2026-03-26,AMZN,207.54,46746000
2026-03-27,AMZN,199.34,56009800
2026-03-30,AMZN,200.95,46373800
2026-03-31,AMZN,208.27,58470100
2026-04-01,AMZN,210.57,45955400
2026-04-02,AMZN,209.77,31453000
2026-04-06,AMZN,212.79,25385500
2026-04-07,AMZN,213.77,28154600
2026-04-08,AMZN,221.25,51092700
2026-04-09,AMZN,233.65,65964200
2026-04-10,AMZN,238.38,56912800
2026-04-13,AMZN,239.89,42166200
2026-04-14,AMZN,249.02,72685000
2026-04-15,AMZN,248.5,43045200
2026-04-16,AMZN,249.7,41895700
2026-04-17,AMZN,250.56,52029300
2026-04-20,AMZN,248.28,39463100
2026-04-21,AMZN,249.91,42922400
2026-04-22,AMZN,255.36,36065100
2026-04-23,AMZN,255.08,39091400
2026-04-24,AMZN,263.99,53777400
2026-04-27,AMZN,261.12,44906840
2026-04-28,AMZN,259.7,42204449
2026-04-29,AMZN,263.04,72367900
2026-04-30,AMZN,265.06,100974900
2026-05-01,AMZN,268.26,50825200
2026-05-04,AMZN,272.05,49083700
2026-05-05,AMZN,273.55,41908500
2026-05-06,AMZN,274.99,44552000
2026-05-07,AMZN,271.17,35892900
2026-05-08,AMZN,272.68,34732700
2026-05-11,AMZN,268.99,38176700
2026-05-12,AMZN,265.82,36510491
2026-02-02,APD,269.3015,1490000
2026-02-03,APD,276.2281,1683200
2026-02-04,APD,284.8043,1634500
2026-02-05,APD,281.7336,1240400
2026-02-06,APD,281.3559,995400
2026-02-09,APD,284.5857,1032600
2026-02-10,APD,288.9583,915400
2026-02-11,APD,291.3135,856000
2026-02-12,APD,289.6837,1182400
2026-02-13,APD,277.997,3299300
2026-02-17,APD,275.9598,1601600
2026-02-18,APD,280.6305,1896200
2026-02-19,APD,278.9709,1140500
2026-02-20,APD,279.428,1851000
2026-02-23,APD,281.4851,1370400
2026-02-24,APD,277.7287,1226400
2026-02-25,APD,278.5535,1920200
2026-02-26,APD,274.5089,1524400
2026-02-27,APD,273.9523,2034000
2026-03-02,APD,274.7076,1816600
2026-03-03,APD,271.3387,1217200
2026-03-04,APD,272.4915,1175200
2026-03-05,APD,274.6281,1722200
2026-03-06,APD,270.4841,1479800
2026-03-09,APD,272.6903,1791200
2026-03-10,APD,273.4058,1167900
2026-03-11,APD,275.9598,950200
2026-03-12,APD,288.6701,2780800
2026-03-13,APD,286.1856,1403100
2026-03-16,APD,287.3583,1225100
2026-03-17,APD,284.367,1019300
2026-03-18,APD,279.6665,1272800
2026-03-19,APD,282.3795,1508800
2026-03-20,APD,279.2591,2422400
2026-03-23,APD,276.9237,1622300
2026-03-24,APD,284.4664,1177200
2026-03-25,APD,288.2825,1004300
2026-03-26,APD,291.3433,1665900
2026-03-27,APD,290.3694,981700
2026-03-30,APD,289.7433,1244900
2026-03-31,APD,288.68,1351300
2026-04-01,APD,289.43,1727800
2026-04-02,APD,293.55,1487200
2026-04-06,APD,294.12,812000
2026-04-07,APD,292.39,1262000
2026-04-08,APD,296.61,1588900
2026-04-09,APD,297.74,1047100
2026-04-10,APD,298.71,863300
2026-04-13,APD,298.65,1011400
2026-04-14,APD,296.63,972800
2026-04-15,APD,295.21,1044100
2026-04-16,APD,297.24,826400
2026-04-17,APD,291.81,1203700
2026-04-20,APD,296.15,907500
2026-04-21,APD,294.78,969100
2026-04-22,APD,296.76,933000
2026-04-23,APD,303.65,869200
2026-04-24,APD,301.76,744100
2026-04-27,APD,302.38,897300
2026-04-28,APD,303.35,771700
2026-04-29,APD,302.5,984000
2026-04-30,APD,300.05,2304900
2026-05-01,APD,301.07,1028400
2026-05-04,APD,298.35,1154000
2026-05-05,APD,303.93,801000
2026-05-06,APD,300.21,877700
2026-05-07,APD,294.99,1216400
2026-05-08,APD,295.41,607200
2026-05-11,APD,304.5,781900
2026-05-12,APD,303.6,738734
2026-02-02,APP,483.0,6043700
2026-02-03,APP,461.79,7127700
2026-02-04,APP,387.34,15434600
2026-02-05,APP,375.23,8725500
2026-02-06,APP,406.72,6463800
2026-02-09,APP,460.38,10320500
2026-02-10,APP,472.92,6146100
2026-02-11,APP,456.81,10648600
2026-02-12,APP,366.91,18794900
2026-02-13,APP,390.55,9094400
2026-02-17,APP,376.38,5212100
2026-02-18,APP,404.39,5754200
2026-02-19,APP,412.0,6165600
2026-02-20,APP,418.68,8669800
2026-02-23,APP,380.62,7207700
2026-02-24,APP,393.22,5191800
2026-02-25,APP,421.63,5922700
2026-02-26,APP,444.93,5884600
2026-02-27,APP,434.77,4889900
2026-03-02,APP,432.98,4099000
2026-03-03,APP,438.89,5193600
2026-03-04,APP,482.81,8394400
2026-03-05,APP,508.56,7623800
2026-03-06,APP,502.14,5177300
2026-03-09,APP,517.23,5332499
2026-03-10,APP,477.39,6688490
2026-03-11,APP,461.45,5712900
2026-03-12,APP,449.33,5004700
2026-03-13,APP,458.67,3791400
2026-03-16,APP,453.3,3998200
2026-03-17,APP,459.09,4331500
2026-03-18,APP,442.57,3514900
2026-03-19,APP,439.92,4760100
2026-03-20,APP,442.39,4770400
2026-03-23,APP,458.95,4583500
2026-03-24,APP,435.91,4037000
2026-03-25,APP,436.69,2943500
2026-03-26,APP,391.21,6293100
2026-03-27,APP,381.2,4126700
2026-03-30,APP,372.08,5035600
2026-03-31,APP,398.0,4661300
2026-04-01,APP,387.84,3189400
2026-04-02,APP,386.37,3204100
2026-04-06,APP,412.68,4259900
2026-04-07,APP,410.44,2933300
2026-04-08,APP,391.2,5944200
2026-04-09,APP,379.14,6540500
2026-04-10,APP,391.38,4848200
2026-04-13,APP,417.45,5499800
2026-04-14,APP,433.51,3204100
2026-04-15,APP,464.63,4915400
2026-04-16,APP,466.09,4517400
2026-04-17,APP,477.2,4014900
2026-04-20,APP,490.96,3795800
2026-04-21,APP,473.18,3854000
2026-04-22,APP,483.71,3430400
2026-04-23,APP,454.17,3531300
2026-04-24,APP,448.29,4365600
2026-04-27,APP,460.29,3522900
2026-04-28,APP,449.03,2785600
2026-04-29,APP,443.43,2337600
2026-04-30,APP,446.35,2247800
2026-05-01,APP,460.0,2484200
2026-05-04,APP,475.0,3804300
2026-05-05,APP,478.11,3259900
2026-05-06,APP,468.83,7943700
2026-05-07,APP,498.87,12597300
2026-05-08,APP,468.55,7766900
2026-05-11,APP,478.42,4568500
2026-05-12,APP,490.69,4563175
2026-02-02,ARKG,30.62,2465455
2026-02-03,ARKG,30.32,4121780
2026-02-04,ARKG,29.18,3972122
2026-02-05,ARKG,27.49,7275749
2026-02-06,ARKG,28.79,3493454
2026-02-09,ARKG,29.08,3025156
2026-02-10,ARKG,29.13,1506807
2026-02-11,ARKG,28.74,2575357
2026-02-12,ARKG,27.85,2590247
2026-02-13,ARKG,28.36,2939091
2026-02-17,ARKG,28.93,2543794
2026-02-18,ARKG,29.66,2978035
2026-02-19,ARKG,29.87,1712882
2026-02-20,ARKG,28.81,4011074
2026-02-23,ARKG,28.73,2648471
2026-02-24,ARKG,29.51,1933487
2026-02-25,ARKG,29.24,2096529
2026-02-26,ARKG,30.56,2642135
2026-02-27,ARKG,29.98,2126884
2026-03-02,ARKG,29.91,2921413
2026-03-03,ARKG,29.07,3853592
2026-03-04,ARKG,29.51,1590939
2026-03-05,ARKG,28.78,2197907
2026-03-06,ARKG,28.12,2583180
2026-03-09,ARKG,28.81,3048041
2026-03-10,ARKG,27.93,1988450
2026-03-11,ARKG,27.67,1935194
2026-03-12,ARKG,26.17,3428892
2026-03-13,ARKG,26.36,2924839
2026-03-16,ARKG,26.55,2511351
2026-03-17,ARKG,27.2,1904969
2026-03-18,ARKG,26.34,3029473
2026-03-19,ARKG,26.7,2628994
2026-03-20,ARKG,26.05,4625499
2026-03-23,ARKG,26.63,4651638
2026-03-24,ARKG,26.635,2559104
2026-03-25,ARKG,26.86,2547100
2026-03-26,ARKG,26.51,2265898
2026-03-27,ARKG,25.01,4214461
2026-03-30,ARKG,24.82,2033175
2026-03-31,ARKG,26.42,2737135
2026-04-01,ARKG,27.09,2224249
2026-04-02,ARKG,27.36,2154968
2026-04-06,ARKG,27.26,1185302
2026-04-07,ARKG,27.16,1811873
2026-04-08,ARKG,27.81,1747815
2026-04-09,ARKG,27.07,1674005
2026-04-10,ARKG,26.68,1921727
2026-04-13,ARKG,27.9,1232034
2026-04-14,ARKG,29.3,3552267
2026-04-15,ARKG,29.94,3186323
2026-04-16,ARKG,29.84,3228510
2026-04-17,ARKG,30.79,3921323
2026-04-20,ARKG,31.24,1508300
2026-04-21,ARKG,30.71,2648100
2026-04-22,ARKG,30.88,1420500
2026-04-23,ARKG,29.8,3422200
2026-04-24,ARKG,29.54,1890200
2026-04-27,ARKG,29.91,2308500
2026-04-28,ARKG,29.58,1347200
2026-04-29,ARKG,28.53,2047900
2026-04-30,ARKG,29.87,1528000
2026-05-01,ARKG,30.3,1446200
2026-05-04,ARKG,30.58,1890200
2026-05-05,ARKG,29.78,4670000
2026-05-06,ARKG,31.06,1815900
2026-05-07,ARKG,30.38,2549500
2026-05-08,ARKG,30.48,6210900
2026-05-11,ARKG,29.94,3296300
2026-05-12,ARKG,29.72,1788290
2026-02-02,ARKQ,122.51,384979
2026-02-03,ARKQ,126.515,313016
2026-02-04,ARKQ,119.42,532585
2026-02-05,ARKQ,115.68,474690
2026-02-06,ARKQ,122.81,483045
2026-02-09,ARKQ,126.27,317455
2026-02-10,ARKQ,124.52,189104
2026-02-11,ARKQ,123.27,214826
2026-02-12,ARKQ,120.61,301352
2026-02-13,ARKQ,121.87,192491
2026-02-17,ARKQ,122.14,161450
2026-02-18,ARKQ,124.085,144159
2026-02-19,ARKQ,126.63,168899
2026-02-20,ARKQ,124.975,188816
2026-02-23,ARKQ,123.13,150904
2026-02-24,ARKQ,124.76,178607
2026-02-25,ARKQ,124.83,118998
2026-02-26,ARKQ,124.62,135760
2026-02-27,ARKQ,122.44,189968
2026-03-02,ARKQ,123.9,269903
2026-03-03,ARKQ,120.84,231189
2026-03-04,ARKQ,122.7,158390
2026-03-05,ARKQ,120.89,163821
2026-03-06,ARKQ,118.7,229018
2026-03-09,ARKQ,121.67,199625
2026-03-10,ARKQ,120.86,194180
2026-03-11,ARKQ,121.44,118134
2026-03-12,ARKQ,118.81,143352
2026-03-13,ARKQ,117.27,216443
2026-03-16,ARKQ,119.25,116669
2026-03-17,ARKQ,121.85,97702
2026-03-18,ARKQ,118.95,109614
2026-03-19,ARKQ,118.97,167132
2026-03-20,ARKQ,114.66,240173
2026-03-23,ARKQ,117.38,169783
2026-03-24,ARKQ,116.41,134262
2026-03-25,ARKQ,119.02,138688
2026-03-26,ARKQ,113.84,158546
2026-03-27,ARKQ,110.22,147228
2026-03-30,ARKQ,106.46,366534
2026-03-31,ARKQ,112.45,236075
2026-04-01,ARKQ,114.51,202498
2026-04-02,ARKQ,114.9,179630
2026-04-06,ARKQ,115.965,119781
2026-04-07,ARKQ,115.35,132927
2026-04-08,ARKQ,119.77,235395
2026-04-09,ARKQ,118.19,116141
2026-04-10,ARKQ,119.18,106666
2026-04-13,ARKQ,121.53,270042
2026-04-14,ARKQ,123.51,178374
2026-04-15,ARKQ,126.29,167274
2026-04-16,ARKQ,128.25,136246
2026-04-17,ARKQ,129.82,226661
2026-04-20,ARKQ,129.69,176200
2026-04-21,ARKQ,128.66,174200
2026-04-22,ARKQ,130.97,114700
2026-04-23,ARKQ,128.72,153900
2026-04-24,ARKQ,129.16,169200
2026-04-27,ARKQ,130.12,129100
2026-04-28,ARKQ,126.92,147100
2026-04-29,ARKQ,123.26,175900
2026-04-30,ARKQ,128.79,151200
2026-05-01,ARKQ,128.79,109900
2026-05-04,ARKQ,128.15,164500
2026-05-05,ARKQ,127.4,168700
2026-05-06,ARKQ,133.97,204700
2026-05-07,ARKQ,130.48,206700
2026-05-08,ARKQ,134.87,196800
2026-05-11,ARKQ,137.2,501400
2026-05-12,ARKQ,135.5,362149
2026-02-02,ARKX,31.67,4823200
2026-02-03,ARKX,32.85,934500
2026-02-04,ARKX,31.1,1507100
2026-02-05,ARKX,30.02,1198800
2026-02-06,ARKX,31.69,817600
2026-02-09,ARKX,32.545,901100
2026-02-10,ARKX,31.97,938700
2026-02-11,ARKX,31.28,820600
2026-02-12,ARKX,30.95,708100
2026-02-13,ARKX,31.38,610700
2026-02-17,ARKX,31.62,743600
2026-02-18,ARKX,32.25,889500
2026-02-19,ARKX,33.12,766200
2026-02-20,ARKX,32.55,874500
2026-02-23,ARKX,32.07,544800
2026-02-24,ARKX,32.41,357100
2026-02-25,ARKX,32.18,496100
2026-02-26,ARKX,32.4,429300
2026-02-27,ARKX,31.96,444400
2026-03-02,ARKX,32.33,972700
2026-03-03,ARKX,31.7,458800
2026-03-04,ARKX,32.1,329500
2026-03-05,ARKX,31.42,406200
2026-03-06,ARKX,31.25,491500
2026-03-09,ARKX,31.92,683539
2026-03-10,ARKX,31.58,618737
2026-03-11,ARKX,31.64,478900
2026-03-12,ARKX,31.08,372900
2026-03-13,ARKX,30.74,564500
2026-03-16,ARKX,31.25,529200
2026-03-17,ARKX,32.04,539000
2026-03-18,ARKX,31.26,550500
2026-03-19,ARKX,31.37,539800
2026-03-20,ARKX,30.15,842800
2026-03-23,ARKX,30.64,761100
2026-03-24,ARKX,30.24,645200
2026-03-25,ARKX,31.08,874000
2026-03-26,ARKX,29.87,547100
2026-03-27,ARKX,28.93,515500
2026-03-30,ARKX,27.99,893100
2026-03-31,ARKX,29.35,925700
2026-04-01,ARKX,29.91,1037900
2026-04-02,ARKX,30.32,714600
2026-04-06,ARKX,30.725,490600
2026-04-07,ARKX,30.5,509300
2026-04-08,ARKX,31.7,1321300
2026-04-09,ARKX,31.22,406100
2026-04-10,ARKX,31.37,432400
2026-04-13,ARKX,32.04,522100
2026-04-14,ARKX,32.41,867900
2026-04-15,ARKX,32.81,584500
2026-04-16,ARKX,33.47,802000
2026-04-17,ARKX,33.59,1062900
2026-04-20,ARKX,33.66,647200
2026-04-21,ARKX,33.37,666700
2026-04-22,ARKX,33.76,637100
2026-04-23,ARKX,33.12,788500
2026-04-24,ARKX,32.97,515300
2026-04-27,ARKX,33.24,645200
2026-04-28,ARKX,32.69,577200
2026-04-29,ARKX,31.73,665600
2026-04-30,ARKX,33.0,748300
2026-05-01,ARKX,32.78,613300
2026-05-04,ARKX,32.51,575600
2026-05-05,ARKX,32.26,917100
2026-05-06,ARKX,33.82,962800
2026-05-07,ARKX,32.85,954000
2026-05-08,ARKX,34.34,1048900
2026-05-11,ARKX,34.9,1557300
2026-05-12,ARKX,34.605,1271106
2026-02-02,ARM,106.93,5001100
2026-02-03,ARM,104.55,7058000
2026-02-04,ARM,104.9,12213700
2026-02-05,ARM,110.88,24625000
2026-02-06,ARM,123.7,15789000
2026-02-09,ARM,124.61,6817400
2026-02-10,ARM,125.95,8913500
2026-02-11,ARM,125.28,4145200
2026-02-12,ARM,122.19,5982000
2026-02-13,ARM,125.28,4417600
2026-02-17,ARM,126.89,4268900
2026-02-18,ARM,127.24,4275600
2026-02-19,ARM,126.93,3108800
2026-02-20,ARM,125.58,4056000
2026-02-23,ARM,123.78,3393800
2026-02-24,ARM,128.14,4273000
2026-02-25,ARM,131.74,4322700
2026-02-26,ARM,129.26,4136000
2026-02-27,ARM,127.45,3112500
2026-03-02,ARM,124.37,3832000
2026-03-03,ARM,121.72,5303800
2026-03-04,ARM,124.11,2984500
2026-03-05,ARM,120.62,3437800
2026-03-06,ARM,114.38,4331100
2026-03-09,ARM,117.63,3990732
2026-03-10,ARM,120.55,3659782
2026-03-11,ARM,120.1,2447700
2026-03-12,ARM,115.12,3451000
2026-03-13,ARM,115.75,2462500
2026-03-16,ARM,121.7,4407300
2026-03-17,ARM,127.31,5890700
2026-03-18,ARM,128.36,4206900
2026-03-19,ARM,129.82,3497600
2026-03-20,ARM,132.35,12450800
2026-03-23,ARM,136.89,7959800
2026-03-24,ARM,134.96,10924900
2026-03-25,ARM,157.07,29579900
2026-03-26,ARM,154.8,15671600
2026-03-27,ARM,144.13,10269000
2026-03-30,ARM,136.96,8033600
2026-03-31,ARM,151.28,10203700
2026-04-01,ARM,155.07,8306300
2026-04-02,ARM,149.11,8183200
2026-04-06,ARM,148.77,4137600
2026-04-07,ARM,143.86,7071000
2026-04-08,ARM,148.91,6480300
2026-04-09,ARM,149.795,5325700
2026-04-10,ARM,148.93,7431600
2026-04-13,ARM,157.58,4900100
2026-04-14,ARM,161.22,6294200
2026-04-15,ARM,159.34,3650300
2026-04-16,ARM,162.33,5748000
2026-04-17,ARM,166.73,5092600
2026-04-20,ARM,175.1,8564000
2026-04-21,ARM,175.49,6479900
2026-04-22,ARM,196.57,13932300
2026-04-23,ARM,204.61,16854100
2026-04-24,ARM,234.81,20481700
2026-04-27,ARM,215.88,13922800
2026-04-28,ARM,198.65,13367900
2026-04-29,ARM,201.69,6215500
2026-04-30,ARM,210.32,7730800
2026-05-01,ARM,211.18,4970300
2026-05-04,ARM,203.26,6725200
2026-05-05,ARM,208.84,7968900
2026-05-06,ARM,237.3,26272900
2026-05-07,ARM,213.31,22382800
2026-05-08,ARM,213.27,11610300
2026-05-11,ARM,212.65,10549500
2026-05-12,ARM,207.92,7809351
2026-02-02,ARTY,51.99,496500
2026-02-03,ARTY,51.14,866100
2026-02-04,ARTY,48.68,816900
2026-02-05,ARTY,47.79,771300
2026-02-06,ARTY,50.68,780900
2026-02-09,ARTY,51.73,600700
2026-02-10,ARTY,51.42,536300
2026-02-11,ARTY,51.87,331100
2026-02-12,ARTY,50.79,500600
2026-02-13,ARTY,51.06,621000
2026-02-17,ARTY,50.59,508600
2026-02-18,ARTY,51.2,498900
2026-02-19,ARTY,51.09,300900
2026-02-20,ARTY,51.25,389800
2026-02-23,ARTY,49.92,340800
2026-02-24,ARTY,51.1,370800
2026-02-25,ARTY,52.42,422900
2026-02-26,ARTY,51.79,395000
2026-02-27,ARTY,51.01,337900
2026-03-02,ARTY,50.6,323200
2026-03-03,ARTY,48.13,503400
2026-03-04,ARTY,49.38,408100
2026-03-05,ARTY,48.78,441300
2026-03-06,ARTY,47.98,373500
2026-03-09,ARTY,49.23,486841
2026-03-10,ARTY,49.15,368790
2026-03-11,ARTY,49.95,342000
2026-03-12,ARTY,48.28,3072000
2026-03-13,ARTY,48.41,406900
2026-03-16,ARTY,49.78,324400
2026-03-17,ARTY,50.28,726100
2026-03-18,ARTY,49.68,359200
2026-03-19,ARTY,50.13,1088600
2026-03-20,ARTY,47.77,566800
2026-03-23,ARTY,49.09,680900
2026-03-24,ARTY,48.48,542100
2026-03-25,ARTY,49.08,467500
2026-03-26,ARTY,46.69,494800
2026-03-27,ARTY,45.85,689800
2026-03-30,ARTY,44.2,1984500
2026-03-31,ARTY,46.53,530600
2026-04-01,ARTY,47.59,423500
2026-04-02,ARTY,47.73,397100
2026-04-06,ARTY,48.09,353900
2026-04-07,ARTY,48.38,340900
2026-04-08,ARTY,50.89,872800
2026-04-09,ARTY,51.12,441400
2026-04-10,ARTY,52.28,809900
2026-04-13,ARTY,54.06,458000
2026-04-14,ARTY,56.26,998300
2026-04-15,ARTY,56.71,555000
2026-04-16,ARTY,57.65,662200
2026-04-17,ARTY,58.65,626300
2026-04-20,ARTY,58.98,546200
2026-04-21,ARTY,59.17,837900
2026-04-22,ARTY,61.28,834400
2026-04-23,ARTY,60.21,659700
2026-04-24,ARTY,62.08,692200
2026-04-27,ARTY,61.6,1117800
2026-04-28,ARTY,59.83,1026900
2026-04-29,ARTY,60.64,355000
2026-04-30,ARTY,61.94,639400
2026-05-01,ARTY,62.82,1138400
2026-05-04,ARTY,63.46,696700
2026-05-05,ARTY,65.2,991300
2026-05-06,ARTY,67.84,1072300
2026-05-07,ARTY,66.29,1891200
2026-05-08,ARTY,68.38,751100
2026-05-11,ARTY,69.31,920800
2026-05-12,ARTY,66.92,901494
2026-02-02,ARVR,49.0091,61
2026-02-03,ARVR,47.7013,34
2026-02-04,ARVR,46.5103,87
2026-02-05,ARVR,45.7386,11
2026-02-06,ARVR,47.0928,18
2026-02-09,ARVR,47.8131,27
2026-02-10,ARVR,48.0178,195
2026-02-11,ARVR,48.0356,255
2026-02-12,ARVR,46.8403,41
2026-02-13,ARVR,46.7683,34
2026-02-17,ARVR,46.4876,12
2026-02-18,ARVR,46.8403,41
2026-02-19,ARVR,46.673,144
2026-02-20,ARVR,46.8099,116
2026-02-23,ARVR,46.1959,5
2026-02-24,ARVR,46.8439,134
2026-02-25,ARVR,47.2072,202
2026-02-26,ARVR,46.9752,14
2026-02-27,ARVR,46.7549,11
2026-03-02,ARVR,46.4199,645
2026-03-03,ARVR,45.5086,13
2026-03-04,ARVR,46.2856,218
2026-03-05,ARVR,45.7537,47
2026-03-06,ARVR,45.1732,863
2026-03-09,ARVR,46.146,39
2026-03-10,ARVR,46.2947,6
2026-03-11,ARVR,46.3622,11
2026-03-12,ARVR,45.3432,9
2026-03-13,ARVR,45.2985,54
2026-03-16,ARVR,46.146,39
2026-03-17,ARVR,45.9995,37
2026-03-18,ARVR,45.3409,7
2026-03-19,ARVR,44.966,36
2026-03-20,ARVR,43.8047,655
2026-03-23,ARVR,44.3886,776
2026-03-24,ARVR,43.8048,14
2026-03-25,ARVR,44.3571,228
2026-03-26,ARVR,43.1914,102
2026-03-27,ARVR,44.9069,9
2026-03-30,ARVR,42.606,14
2026-03-31,ARVR,44.3694,18
2026-04-01,ARVR,44.934,48
2026-04-02,ARVR,44.9069,9
2026-04-06,ARVR,44.9538,211
2026-04-07,ARVR,45.0482,17
2026-04-08,ARVR,46.4809,52
2026-04-09,ARVR,46.8206,91
2026-04-10,ARVR,46.6897,18
2026-04-13,ARVR,47.562,163
2026-04-14,ARVR,48.4374,4
2026-04-15,ARVR,49.0676,44
2026-04-16,ARVR,49.7155,2
2026-04-17,ARVR,50.1876,128
2026-04-20,ARVR,51.2192,4
2026-04-21,ARVR,49.6651,74
2026-04-22,ARVR,50.3312,5
2026-04-23,ARVR,49.9377,47
2026-04-24,ARVR,51.2326,62
2026-04-27,ARVR,51.2192,4
2026-04-28,ARVR,50.7271,22
2026-04-29,ARVR,51.3664,8
2026-04-30,ARVR,52.0232,816
2026-05-01,ARVR,52.2301,634
2026-05-04,ARVR,52.2331,245
2026-05-05,ARVR,53.1291,12
2026-05-06,ARVR,53.975,98
2026-05-07,ARVR,53.949,226
2026-05-08,ARVR,55.23,31
2026-05-11,ARVR,55.6561,119
2026-05-12,ARVR,54.6474,1384
2026-02-02,ASML,1436.354,1766645
2026-02-03,ASML,1391.003,2205095
2026-02-04,ASML,1334.4513,2479419
2026-02-05,ASML,1345.4428,1790238
2026-02-06,ASML,1408.0732,1970991
2026-02-09,ASML,1424.4956,1125090
2026-02-10,ASML,1410.5391,1200609
2026-02-11,ASML,1432.5011,1139284
2026-02-12,ASML,1403.8038,1518087
2026-02-13,ASML,1403.5443,1249325
2026-02-17,ASML,1416.6856,1097175
2026-02-18,ASML,1465.519,1334359
2026-02-19,ASML,1455.7503,1135216
2026-02-20,ASML,1466.3871,1102465
2026-02-23,ASML,1482.7513,1284188
2026-02-24,ASML,1494.5356,1538909
2026-02-25,ASML,1523.183,1306850
2026-02-26,ASML,1460.6097,2177889
2026-02-27,ASML,1447.3986,1358271
2026-03-02,ASML,1420.4375,1492377
2026-03-03,ASML,1357.9739,2012456
2026-03-04,ASML,1396.3201,1486729
2026-03-05,ASML,1365.3777,1806155
2026-03-06,ASML,1289.9824,1900072
2026-03-09,ASML,1354.4616,1808899
2026-03-10,ASML,1380.3849,1650928
2026-03-11,ASML,1383.6578,1171989
2026-03-12,ASML,1348.6343,1780185
2026-03-13,ASML,1342.7571,1179035
2026-03-16,ASML,1372.562,1310431
2026-03-17,ASML,1386.1324,1135989
2026-03-18,ASML,1352.2165,1391446
2026-03-19,ASML,1363.412,1619149
2026-03-20,ASML,1314.3791,2645128
2026-03-23,ASML,1366.635,1983247
2026-03-24,ASML,1396.37,1801003
2026-03-25,ASML,1390.8521,1610003
2026-03-26,ASML,1326.6024,1721069
2026-03-27,ASML,1299.6313,1759696
2026-03-30,ASML,1251.227,2144468
2026-03-31,ASML,1317.9513,1731472
2026-04-01,ASML,1356.7965,1744981
2026-04-02,ASML,1314.3591,1883406
2026-04-06,ASML,1301.168,1299180
2026-04-07,ASML,1303.6026,1368911
2026-04-08,ASML,1417.9529,2427277
2026-04-09,ASML,1445.4827,1579677
2026-04-10,ASML,1475.0581,1519599
2026-04-13,ASML,1496.9304,1709372
2026-04-14,ASML,1514.9909,1769180
2026-04-15,ASML,1478.5405,4251666
2026-04-16,ASML,1407.7552,2626711
2026-04-17,ASML,1456.6184,1876496
2026-04-20,ASML,1473.282,1091852
2026-04-21,ASML,1455.7902,1274593
2026-04-22,ASML,1440.5136,2621794
2026-04-23,ASML,1414.71,1800477
2026-04-24,ASML,1454.523,1751836
2026-04-27,ASML,1432.4399,1326200
2026-04-28,ASML,1384.5601,1926900
2026-04-29,ASML,1394.08,1256500
2026-04-30,ASML,1438.99,1414400
2026-05-01,ASML,1427.02,707100
2026-05-04,ASML,1386.21,1755700
2026-05-05,ASML,1442.92,1621400
2026-05-06,ASML,1544.74,2312400
2026-05-07,ASML,1516.6,1726700
2026-05-08,ASML,1592.02,2288300
2026-05-11,ASML,1565.8101,2191300
2026-05-12,ASML,1520.9399,1827965
2026-02-02,ASTS,104.55,12921800
2026-02-03,ASTS,115.76,15625100
2026-02-04,ASTS,103.5,20039900
2026-02-05,ASTS,93.27,16389300
2026-02-06,ASTS,101.79,15910000
2026-02-09,ASTS,102.12,11587300
2026-02-10,ASTS,96.27,10353700
2026-02-11,ASTS,96.92,13701600
2026-02-12,ASTS,82.22,30244200
2026-02-13,ASTS,82.51,12963300
2026-02-17,ASTS,83.03,9366200
2026-02-18,ASTS,84.43,10338500
2026-02-19,ASTS,86.4,8590800
2026-02-20,ASTS,80.2,10209500
2026-02-23,ASTS,83.9,12971200
2026-02-24,ASTS,85.82,7553600
2026-02-25,ASTS,82.36,7512800
2026-02-26,ASTS,85.76,9312300
2026-02-27,ASTS,79.19,24037700
2026-03-02,ASTS,86.92,13561800
2026-03-03,ASTS,92.68,21783400
2026-03-04,ASTS,104.89,20805400
2026-03-05,ASTS,93.86,15788500
2026-03-06,ASTS,89.475,13624900
2026-03-09,ASTS,89.76,10640100
2026-03-10,ASTS,87.53,11452400
2026-03-11,ASTS,88.21,10197400
2026-03-12,ASTS,87.09,9899800
2026-03-13,ASTS,86.34,8347600
2026-03-16,ASTS,89.11,8143300
2026-03-17,ASTS,95.7,13878500
2026-03-18,ASTS,90.74,9098200
2026-03-19,ASTS,94.09,10241000
2026-03-20,ASTS,89.93,16264200
2026-03-23,ASTS,88.42,12890800
2026-03-24,ASTS,86.98,10141900
2026-03-25,ASTS,96.06,18075500
2026-03-26,ASTS,87.86,13366100
2026-03-27,ASTS,78.67,14779200
2026-03-30,ASTS,73.82,13460800
2026-03-31,ASTS,82.87,15135300
2026-04-01,ASTS,83.99,12056800
2026-04-02,ASTS,92.62,16940400
2026-04-06,ASTS,94.81,13162300
2026-04-07,ASTS,92.57,10175400
2026-04-08,ASTS,96.46,11464000
2026-04-09,ASTS,91.61,9267700
2026-04-10,ASTS,94.9,11818000
2026-04-13,ASTS,98.97,12801300
2026-04-14,ASTS,88.57,34049700
2026-04-15,ASTS,86.91,17386400
2026-04-16,ASTS,90.94,18094200
2026-04-17,ASTS,85.53,20114500
2026-04-20,ASTS,81.0,39864500
2026-04-21,ASTS,80.01,19997400
2026-04-22,ASTS,84.66,22048800
2026-04-23,ASTS,78.75,17469100
2026-04-24,ASTS,76.4,11878600
2026-04-27,ASTS,77.2,12289500
2026-04-28,ASTS,71.88,15266200
2026-04-29,ASTS,69.85,15006000
2026-04-30,ASTS,73.9,13483200
2026-05-01,ASTS,70.89,13438000
2026-05-04,ASTS,68.43,12543200
2026-05-05,ASTS,63.87,19843300
2026-05-06,ASTS,70.68,18680500
2026-05-07,ASTS,65.35,19441300
2026-05-08,ASTS,75.05,22685000
2026-05-11,ASTS,82.55,39710200
2026-05-12,ASTS,72.96,32551379
2026-02-02,AVAV,269.99,1619416
2026-02-03,AVAV,285.41,1081493
2026-02-04,AVAV,257.3,1812570
2026-02-05,AVAV,236.88,1538536
2026-02-06,AVAV,257.2,1491951
2026-02-09,AVAV,274.35,1150707
2026-02-10,AVAV,263.26,1018775
2026-02-11,AVAV,243.42,1593958
2026-02-12,AVAV,235.12,1183953
2026-02-13,AVAV,243.87,686930
2026-02-17,AVAV,262.99,1378300
2026-02-18,AVAV,265.46,1067200
2026-02-19,AVAV,281.67,1299700
2026-02-20,AVAV,264.63,1116700
2026-02-23,AVAV,261.33,733500
2026-02-24,AVAV,262.25,731500
2026-02-25,AVAV,255.22,736200
2026-02-26,AVAV,259.62,714000
2026-02-27,AVAV,252.25,890600
2026-03-02,AVAV,208.32,13461900
2026-03-03,AVAV,228.3,5466200
2026-03-04,AVAV,226.48,1760700
2026-03-05,AVAV,220.56,2357500
2026-03-06,AVAV,229.8,2122800
2026-03-09,AVAV,227.29,2089671
2026-03-10,AVAV,221.57,2507155
2026-03-11,AVAV,207.73,5230300
2026-03-12,AVAV,211.88,2883200
2026-03-13,AVAV,207.07,1379000
2026-03-16,AVAV,211.88,1483400
2026-03-17,AVAV,222.51,1721200
2026-03-18,AVAV,215.85,1432200
2026-03-19,AVAV,211.35,1884100
2026-03-20,AVAV,197.72,2050600
2026-03-23,AVAV,206.27,1737371
2026-03-24,AVAV,196.18,1254439
2026-03-25,AVAV,199.02,1055800
2026-03-26,AVAV,195.91,1017900
2026-03-27,AVAV,184.43,874800
2026-03-30,AVAV,176.97,1170700
2026-03-31,AVAV,183.05,1319200
2026-04-01,AVAV,183.5,922200
2026-04-02,AVAV,184.36,720300
2026-04-06,AVAV,189.26,650800
2026-04-07,AVAV,186.85,646100
2026-04-08,AVAV,186.94,1499700
2026-04-09,AVAV,177.7,1267400
2026-04-10,AVAV,179.72,869100
2026-04-13,AVAV,194.39,1275900
2026-04-14,AVAV,194.52,953400
2026-04-15,AVAV,198.42,833900
2026-04-16,AVAV,201.99,1080500
2026-04-17,AVAV,191.42,1572900
2026-04-20,AVAV,197.23,1006800
2026-04-21,AVAV,210.07,2446300
2026-04-22,AVAV,210.1,1304700
2026-04-23,AVAV,201.91,1060500
2026-04-24,AVAV,196.28,864000
2026-04-27,AVAV,195.74,705595
2026-04-28,AVAV,192.34,874508
2026-04-29,AVAV,183.5,825500
2026-04-30,AVAV,195.02,1110200
2026-05-01,AVAV,184.97,1072400
2026-05-04,AVAV,180.26,1287900
2026-05-05,AVAV,166.69,1760400
2026-05-06,AVAV,174.37,1422500
2026-05-07,AVAV,168.18,1100500
2026-05-08,AVAV,168.29,918300
2026-05-11,AVAV,166.45,1389000
2026-05-12,AVAV,168.86,1207602
2026-02-02,AVGO,330.4169,17278200
2026-02-03,AVGO,319.6594,36914800
2026-02-04,AVGO,307.4051,43330300
2026-02-05,AVGO,309.86,42775800
2026-02-06,AVGO,332.2231,33003400
2026-02-09,AVGO,343.22,30091000
2026-02-10,AVGO,339.7273,19542700
2026-02-11,AVGO,342.0425,17004700
2026-02-12,AVGO,330.4768,22007300
2026-02-13,AVGO,324.4893,18397200
2026-02-17,AVGO,331.8439,23469700
2026-02-18,AVGO,332.8119,13565300
2026-02-19,AVGO,333.2908,15180900
2026-02-20,AVGO,331.9537,17658900
2026-02-23,AVGO,329.6485,16472400
2026-02-24,AVGO,324.8086,23614400
2026-02-25,AVGO,331.6144,20182300
2026-02-26,AVGO,321.0266,33025300
2026-02-27,AVGO,318.8811,28004200
2026-03-02,AVGO,318.1526,20567200
2026-03-03,AVGO,313.183,20826200
2026-03-04,AVGO,316.8653,34895800
2026-03-05,AVGO,332.0734,57076600
2026-03-06,AVGO,329.7882,39152200
2026-03-09,AVGO,345.0262,40605800
2026-03-10,AVGO,341.8629,29531700
2026-03-11,AVGO,340.855,20104100
2026-03-12,AVGO,335.2667,21982700
2026-03-13,AVGO,321.4856,34725000
2026-03-16,AVGO,324.2398,31363100
2026-03-17,AVGO,320.6374,38026500
2026-03-18,AVGO,315.2687,25460600
2026-03-19,AVGO,319.1705,23524800
2026-03-20,AVGO,309.86,43325900
2026-03-23,AVGO,322.51,27369200
2026-03-24,AVGO,318.29,19799000
2026-03-25,AVGO,318.81,19900000
2026-03-26,AVGO,309.42,20343700
2026-03-27,AVGO,300.68,23593900
2026-03-30,AVGO,293.41,28054500
2026-03-31,AVGO,309.51,29289500
2026-04-01,AVGO,313.49,19171000
2026-04-02,AVGO,314.55,14021100
2026-04-06,AVGO,314.43,12111300
2026-04-07,AVGO,333.97,33310900
2026-04-08,AVGO,350.63,31573100
2026-04-09,AVGO,354.91,20514900
2026-04-10,AVGO,371.55,29958100
2026-04-13,AVGO,379.75,24115800
2026-04-14,AVGO,380.78,24423000
2026-04-15,AVGO,396.72,29559300
2026-04-16,AVGO,398.47,18872900
2026-04-17,AVGO,406.54,20581700
2026-04-20,AVGO,399.63,16922000
2026-04-21,AVGO,402.17,16275500
2026-04-22,AVGO,422.65,23702500
2026-04-23,AVGO,419.94,19501600
2026-04-24,AVGO,422.76,22491100
2026-04-27,AVGO,418.2,17451600
2026-04-28,AVGO,399.83,25519200
2026-04-29,AVGO,405.45,15962500
2026-04-30,AVGO,417.43,21821600
2026-05-01,AVGO,421.28,11882600
2026-05-04,AVGO,416.5,15140400
2026-05-05,AVGO,427.36,21175200
2026-05-06,AVGO,425.44,20707000
2026-05-07,AVGO,412.56,22791700
2026-05-08,AVGO,430.0,22561400
2026-05-11,AVGO,428.43,16825500
2026-05-12,AVGO,419.3,17651758
2026-02-02,BATT,15.07,70584
2026-02-03,BATT,15.69,89890
2026-02-04,BATT,15.21,59700
2026-02-05,BATT,14.52,128100
2026-02-06,BATT,15.17,61100
2026-02-09,BATT,15.55,45300
2026-02-10,BATT,15.44,51100
2026-02-11,BATT,15.8,68500
2026-02-12,BATT,15.31,41000
2026-02-13,BATT,15.44,31600
2026-02-17,BATT,15.29,54000
2026-02-18,BATT,15.53,46400
2026-02-19,BATT,15.5,26300
2026-02-20,BATT,15.64,48800
2026-02-23,BATT,15.83,42700
2026-02-24,BATT,16.24,63600
2026-02-25,BATT,16.56,43300
2026-02-26,BATT,16.21,46300
2026-02-27,BATT,16.26,81400
2026-03-02,BATT,16.2,67300
2026-03-03,BATT,15.14,128100
2026-03-04,BATT,15.49,40000
2026-03-05,BATT,14.85,86900
2026-03-06,BATT,14.6,94200
2026-03-09,BATT,15.12,113350
2026-03-10,BATT,15.25,35601
2026-03-11,BATT,15.35,64000
2026-03-12,BATT,14.96,26200
2026-03-13,BATT,14.64,69900
2026-03-16,BATT,14.94,108900
2026-03-17,BATT,14.99,29600
2026-03-18,BATT,14.41,39900
2026-03-19,BATT,14.21,86200
2026-03-20,BATT,13.74,57900
2026-03-23,BATT,14.43,81000
2026-03-24,BATT,14.51,18800
2026-03-25,BATT,14.77,23900
2026-03-26,BATT,14.2,51100
2026-03-27,BATT,14.36,26100
2026-03-30,BATT,14.29,179200
2026-03-31,BATT,14.89,34900
2026-04-01,BATT,15.04,50100
2026-04-02,BATT,14.98,24800
2026-04-06,BATT,14.97,44900
2026-04-07,BATT,14.85,17900
2026-04-08,BATT,15.65,63000
2026-04-09,BATT,15.56,26000
2026-04-10,BATT,15.93,55800
2026-04-13,BATT,16.33,77400
2026-04-14,BATT,16.63,60600
2026-04-15,BATT,16.5,296000
2026-04-16,BATT,16.88,58000
2026-04-17,BATT,17.11,72200
2026-04-20,BATT,16.93,49100
2026-04-21,BATT,16.67,73300
2026-04-22,BATT,17.01,54000
2026-04-23,BATT,16.53,76600
2026-04-24,BATT,16.53,65300
2026-04-27,BATT,16.64,255800
2026-04-28,BATT,16.35,105500
2026-04-29,BATT,16.64,49800
2026-04-30,BATT,16.96,72800
2026-05-01,BATT,16.92,69400
2026-05-04,BATT,16.66,64800
2026-05-05,BATT,16.89,38400
2026-05-06,BATT,17.5,353500
2026-05-07,BATT,17.33,95500
2026-05-08,BATT,17.4,53400
2026-05-11,BATT,17.87,133100
2026-05-12,BATT,17.69,206511
2026-02-02,BBP,82.762,1800
2026-02-03,BBP,82.857,1400
2026-02-04,BBP,81.696,2800
2026-02-05,BBP,79.155,4400
2026-02-06,BBP,82.014,2300
2026-02-09,BBP,82.7295,4500
2026-02-10,BBP,82.2413,4429
2026-02-11,BBP,82.22,4521
2026-02-12,BBP,81.015,4900
2026-02-13,BBP,81.053,2300
2026-02-17,BBP,82.159,3800
2026-02-18,BBP,83.96,3700
2026-02-19,BBP,84.319,3700
2026-02-20,BBP,83.88,3500
2026-02-23,BBP,84.4465,2763
2026-02-24,BBP,86.43,1764
2026-02-25,BBP,84.739,4600
2026-02-26,BBP,84.85,3100
2026-02-27,BBP,84.9,900
2026-03-02,BBP,84.5109,2822
2026-03-03,BBP,81.596,2919
2026-03-04,BBP,83.67,44500
2026-03-05,BBP,82.09,7200
2026-03-06,BBP,83.48,19300
2026-03-09,BBP,85.46,12501
2026-03-10,BBP,85.25,19016
2026-03-11,BBP,84.316,2400
2026-03-12,BBP,81.68,28600
2026-03-13,BBP,81.25,3100
2026-03-16,BBP,82.464,3300
2026-03-17,BBP,83.04,2000
2026-03-18,BBP,80.97,3100
2026-03-19,BBP,81.421,8500
2026-03-20,BBP,80.148,2800
2026-03-23,BBP,81.09,5699
2026-03-24,BBP,78.44,14457
2026-03-25,BBP,81.288,1400
2026-03-26,BBP,80.69,3700
2026-03-27,BBP,78.61,7300
2026-03-30,BBP,78.4093,7166
2026-03-31,BBP,83.0625,5548
2026-04-01,BBP,83.729,16900
2026-04-02,BBP,83.704,2700
2026-04-06,BBP,83.6967,2232
2026-04-07,BBP,83.4795,3486
2026-04-08,BBP,84.748,2300
2026-04-09,BBP,85.819,2100
2026-04-10,BBP,84.27,2800
2026-04-13,BBP,85.1747,51274
2026-04-14,BBP,87.1283,11189
2026-04-15,BBP,87.328,5300
2026-04-16,BBP,86.127,4600
2026-04-17,BBP,87.888,4800
2026-04-20,BBP,87.232,3600
2026-04-21,BBP,86.088,2800
2026-04-22,BBP,87.25,3200
2026-04-23,BBP,86.085,2000
2026-04-24,BBP,84.106,8000
2026-04-27,BBP,83.624,5100
2026-04-28,BBP,83.513,3400
2026-04-29,BBP,83.347,4700
2026-04-30,BBP,84.778,4400
2026-05-01,BBP,84.966,2900
2026-05-04,BBP,87.288,7900
2026-05-05,BBP,87.419,2500
2026-05-06,BBP,90.391,140000
2026-05-07,BBP,87.467,21800
2026-05-08,BBP,88.245,26100
2026-05-11,BBP,87.495,6300
2026-05-12,BBP,88.3809,3693
2026-02-02,BE,156.13,9204748
2026-02-03,BE,168.89,13742720
2026-02-04,BE,147.35,17407830
2026-02-05,BE,136.6,14082300
2026-02-06,BE,143.03,20937039
2026-02-09,BE,155.17,11387650
2026-02-10,BE,148.7,9852341
2026-02-11,BE,155.54,13649350
2026-02-12,BE,139.03,13284810
2026-02-13,BE,139.74,8275071
2026-02-17,BE,145.32,7769147
2026-02-18,BE,157.27,10069850
2026-02-19,BE,159.0,8551259
2026-02-20,BE,147.55,10179340
2026-02-23,BE,160.28,10049030
2026-02-24,BE,166.2,11074050
2026-02-25,BE,174.77,10984600
2026-02-26,BE,168.57,10828640
2026-02-27,BE,155.67,11523450
2026-03-02,BE,166.0,8368946
2026-03-03,BE,153.02,10771890
2026-03-04,BE,164.78,9851068
2026-03-05,BE,159.99,9596322
2026-03-06,BE,135.19,14852800
2026-03-09,BE,151.32,12964470
2026-03-10,BE,154.0,10774570
2026-03-11,BE,159.21,9360012
2026-03-12,BE,157.17,9228755
2026-03-13,BE,154.51,7664433
2026-03-16,BE,153.68,10967040
2026-03-17,BE,160.05,6361093
2026-03-18,BE,156.58,8578986
2026-03-19,BE,166.69,9643754
2026-03-20,BE,150.12,15965960
2026-03-23,BE,141.33,12643440
2026-03-24,BE,145.88,11845820
2026-03-25,BE,150.22,7160098
2026-03-26,BE,133.52,11103370
2026-03-27,BE,133.24,8421819
2026-03-30,BE,119.51,13266700
2026-03-31,BE,135.49,11520100
2026-04-01,BE,132.45,12365700
2026-04-02,BE,135.63,5639200
2026-04-06,BE,135.0,4953900
2026-04-07,BE,135.91,5799700
2026-04-08,BE,146.78,10713100
2026-04-09,BE,160.13,10312400
2026-04-10,BE,166.7,9105300
2026-04-13,BE,176.67,9354100
2026-04-14,BE,219.03,25038700
2026-04-15,BE,213.84,14200200
2026-04-16,BE,210.06,8893300
2026-04-17,BE,207.86,11306200
2026-04-20,BE,218.27,8765700
2026-04-21,BE,220.91,12258800
2026-04-22,BE,229.75,7039600
2026-04-23,BE,237.57,7716600
2026-04-24,BE,231.17,6569000
2026-04-27,BE,234.68,7118300
2026-04-28,BE,226.37,15273000
2026-04-29,BE,287.97,19882500
2026-04-30,BE,283.36,13949500
2026-05-01,BE,290.52,9534800
2026-05-04,BE,288.64,9901100
2026-05-05,BE,295.25,7478200
2026-05-06,BE,285.47,8437800
2026-05-07,BE,258.64,10704500
2026-05-08,BE,261.03,14413700
2026-05-11,BE,283.92,11493900
2026-05-12,BE,280.69,7439773
2026-02-02,BEAM,27.92,1305894
2026-02-03,BEAM,27.89,1205851
2026-02-04,BEAM,26.95,1357226
2026-02-05,BEAM,24.73,2003962
2026-02-06,BEAM,26.52,1347968
2026-02-09,BEAM,27.28,1079126
2026-02-10,BEAM,26.95,1476700
2026-02-11,BEAM,25.99,1503914
2026-02-12,BEAM,26.93,2049596
2026-02-13,BEAM,27.92,1834477
2026-02-17,BEAM,27.49,1239700
2026-02-18,BEAM,27.56,1263200
2026-02-19,BEAM,27.88,1180300
2026-02-20,BEAM,27.59,1170300
2026-02-23,BEAM,28.33,983700
2026-02-24,BEAM,32.29,3748200
2026-02-25,BEAM,29.61,2122900
2026-02-26,BEAM,28.92,3041900
2026-02-27,BEAM,28.46,1675000
2026-03-02,BEAM,28.69,3329700
2026-03-03,BEAM,27.22,2886300
2026-03-04,BEAM,27.44,2232200
2026-03-05,BEAM,25.52,2090800
2026-03-06,BEAM,26.54,1608300
2026-03-09,BEAM,27.62,1243603
2026-03-10,BEAM,26.08,1341433
2026-03-11,BEAM,26.08,1393800
2026-03-12,BEAM,25.59,2684600
2026-03-13,BEAM,25.16,1664400
2026-03-16,BEAM,25.49,1474600
2026-03-17,BEAM,25.83,1336700
2026-03-18,BEAM,25.32,1686100
2026-03-19,BEAM,25.17,1406800
2026-03-20,BEAM,24.63,3102300
2026-03-23,BEAM,25.17,1295200
2026-03-24,BEAM,23.95,1588800
2026-03-25,BEAM,23.12,5332700
2026-03-26,BEAM,23.62,2295500
2026-03-27,BEAM,22.19,2631200
2026-03-30,BEAM,21.9,2264400
2026-03-31,BEAM,23.83,2393500
2026-04-01,BEAM,24.22,2092400
2026-04-02,BEAM,24.66,1853900
2026-04-06,BEAM,24.23,1298400
2026-04-07,BEAM,24.49,1897100
2026-04-08,BEAM,25.44,1852700
2026-04-09,BEAM,26.33,2011100
2026-04-10,BEAM,27.43,2004100
2026-04-13,BEAM,30.18,3345800
2026-04-14,BEAM,30.3,2191600
2026-04-15,BEAM,30.68,1847600
2026-04-16,BEAM,30.33,1712800
2026-04-17,BEAM,31.39,1944400
2026-04-20,BEAM,31.19,1257800
2026-04-21,BEAM,30.69,1748000
2026-04-22,BEAM,31.69,1665300
2026-04-23,BEAM,30.16,2694600
2026-04-24,BEAM,27.11,4714200
2026-04-27,BEAM,29.165,3153800
2026-04-28,BEAM,30.56,2472600
2026-04-29,BEAM,29.38,1753400
2026-04-30,BEAM,30.33,1435600
2026-05-01,BEAM,30.7,1462200
2026-05-04,BEAM,30.08,2165300
2026-05-05,BEAM,28.9,2053500
2026-05-06,BEAM,32.34,2187800
2026-05-07,BEAM,31.47,1756900
2026-05-08,BEAM,32.32,2853200
2026-05-11,BEAM,31.75,2410400
2026-05-12,BEAM,31.58,1438500
2026-02-02,BEP,29.5086,576669
2026-02-03,BEP,29.9235,705164
2026-02-04,BEP,29.5876,631143
2026-02-05,BEP,29.1628,552270
2026-02-06,BEP,30.1014,346281
2026-02-09,BEP,30.5459,416923
2026-02-10,BEP,30.5163,620205
2026-02-11,BEP,30.9213,685989
2026-02-12,BEP,30.7237,889044
2026-02-13,BEP,31.3856,318754
2026-02-17,BEP,31.6425,658414
2026-02-18,BEP,30.9114,604513
2026-02-19,BEP,31.0893,468785
2026-02-20,BEP,31.4548,673825
2026-02-23,BEP,31.4745,830602
2026-02-24,BEP,31.7116,820372
2026-02-25,BEP,31.7808,418272
2026-02-26,BEP,32.008,501218
2026-02-27,BEP,31.78,620970
2026-03-02,BEP,31.66,511005
2026-03-03,BEP,30.85,823801
2026-03-04,BEP,30.4,637071
2026-03-05,BEP,30.28,1089453
2026-03-06,BEP,30.24,691057
2026-03-09,BEP,30.08,409932
2026-03-10,BEP,30.72,760431
2026-03-11,BEP,31.1,597773
2026-03-12,BEP,30.82,388448
2026-03-13,BEP,30.17,953572
2026-03-16,BEP,30.65,456815
2026-03-17,BEP,31.19,648326
2026-03-18,BEP,31.67,1098429
2026-03-19,BEP,31.87,1638123
2026-03-20,BEP,30.83,1904544
2026-03-23,BEP,30.63,2069615
2026-03-24,BEP,31.3,658032
2026-03-25,BEP,31.78,892760
2026-03-26,BEP,31.42,915972
2026-03-27,BEP,31.74,849584
2026-03-30,BEP,31.75,1003824
2026-03-31,BEP,32.64,1340564
2026-04-01,BEP,33.08,1025305
2026-04-02,BEP,33.58,730342
2026-04-06,BEP,33.42,352801
2026-04-07,BEP,32.82,378507
2026-04-08,BEP,34.26,942208
2026-04-09,BEP,33.98,739542
2026-04-10,BEP,34.66,879261
2026-04-13,BEP,34.37,712930
2026-04-14,BEP,34.84,675654
2026-04-15,BEP,35.38,279498
2026-04-16,BEP,34.68,771525
2026-04-17,BEP,34.59,483852
2026-04-20,BEP,34.65,553813
2026-04-21,BEP,32.37,834997
2026-04-22,BEP,33.25,906934
2026-04-23,BEP,33.9,568271
2026-04-24,BEP,34.19,414725
2026-04-27,BEP,33.82,405283
2026-04-28,BEP,33.23,379028
2026-04-29,BEP,32.08,4162587
2026-04-30,BEP,33.11,1240050
2026-05-01,BEP,33.35,1610081
2026-05-04,BEP,32.74,1065881
2026-05-05,BEP,33.68,1925396
2026-05-06,BEP,34.49,1529715
2026-05-07,BEP,34.54,1022929
2026-05-08,BEP,34.03,518152
2026-05-11,BEP,34.43,343985
2026-05-12,BEP,34.3,257902
2026-02-02,BETZ,18.493,13160
2026-02-03,BETZ,18.22,15874
2026-02-04,BETZ,18.5,12500
2026-02-05,BETZ,17.98,49100
2026-02-06,BETZ,18.16,46900
2026-02-09,BETZ,18.39,11400
2026-02-10,BETZ,18.515,12500
2026-02-11,BETZ,18.15,31900
2026-02-12,BETZ,17.65,17900
2026-02-13,BETZ,17.24,17500
2026-02-17,BETZ,17.43,55800
2026-02-18,BETZ,17.8,8800
2026-02-19,BETZ,17.91,8900
2026-02-20,BETZ,17.903,4700
2026-02-23,BETZ,17.47,9500
2026-02-24,BETZ,17.75,43200
2026-02-25,BETZ,18.2,10100
2026-02-26,BETZ,18.59,33200
2026-02-27,BETZ,18.332,11500
2026-03-02,BETZ,18.24,4900
2026-03-03,BETZ,18.105,15000
2026-03-04,BETZ,18.61,10100
2026-03-05,BETZ,18.55,15800
2026-03-06,BETZ,18.304,5400
2026-03-09,BETZ,18.38,12214
2026-03-10,BETZ,18.2321,13741
2026-03-11,BETZ,18.46,19800
2026-03-12,BETZ,18.315,11100
2026-03-13,BETZ,18.105,5400
2026-03-16,BETZ,18.1,6700
2026-03-17,BETZ,18.19,8600
2026-03-18,BETZ,17.94,5900
2026-03-19,BETZ,18.29,10800
2026-03-20,BETZ,17.765,13600
2026-03-23,BETZ,18.38,13800
2026-03-24,BETZ,18.24,9900
2026-03-25,BETZ,18.19,2600
2026-03-26,BETZ,17.66,28200
2026-03-27,BETZ,17.35,5000
2026-03-30,BETZ,17.322,15100
2026-03-31,BETZ,17.865,7300
2026-04-01,BETZ,18.171,12800
2026-04-02,BETZ,18.26,6600
2026-04-06,BETZ,18.335,7600
2026-04-07,BETZ,18.271,4100
2026-04-08,BETZ,18.825,10500
2026-04-09,BETZ,18.29,7100
2026-04-10,BETZ,18.23,5900
2026-04-13,BETZ,18.5355,4122
2026-04-14,BETZ,18.7058,7330
2026-04-15,BETZ,19.16,16700
2026-04-16,BETZ,19.219,4800
2026-04-17,BETZ,19.487,6900
2026-04-20,BETZ,19.44,6622
2026-04-21,BETZ,19.2412,7292
2026-04-22,BETZ,18.882,18300
2026-04-23,BETZ,18.966,9700
2026-04-24,BETZ,19.344,18700
2026-04-27,BETZ,19.358,8500
2026-04-28,BETZ,19.0,10300
2026-04-29,BETZ,19.155,3600
2026-04-30,BETZ,19.352,3200
2026-05-01,BETZ,19.37,7200
2026-05-04,BETZ,19.02,6700
2026-05-05,BETZ,19.137,6400
2026-05-06,BETZ,19.23,8300
2026-05-07,BETZ,18.813,9000
2026-05-08,BETZ,18.735,10000
2026-05-11,BETZ,18.31,10800
2026-05-12,BETZ,18.25,3783
2026-02-02,BIOA,20.1,724640
2026-02-03,BIOA,19.91,382647
2026-02-04,BIOA,20.15,444073
2026-02-05,BIOA,19.98,1013765
2026-02-06,BIOA,20.73,838044
2026-02-09,BIOA,20.51,452225
2026-02-10,BIOA,20.19,309117
2026-02-11,BIOA,19.99,503311
2026-02-12,BIOA,19.94,528750
2026-02-13,BIOA,19.57,1387127
2026-02-17,BIOA,19.63,392014
2026-02-18,BIOA,19.59,1120934
2026-02-19,BIOA,20.14,620489
2026-02-20,BIOA,20.51,576520
2026-02-23,BIOA,21.35,422622
2026-02-24,BIOA,21.56,313986
2026-02-25,BIOA,22.14,476459
2026-02-26,BIOA,22.32,278100
2026-02-27,BIOA,22.27,450965
2026-03-02,BIOA,21.71,397577
2026-03-03,BIOA,20.46,338607
2026-03-04,BIOA,21.07,341363
2026-03-05,BIOA,20.38,394581
2026-03-06,BIOA,20.29,484186
2026-03-09,BIOA,19.73,403859
2026-03-10,BIOA,20.97,1232131
2026-03-11,BIOA,20.07,650016
2026-03-12,BIOA,19.885,457748
2026-03-13,BIOA,18.72,644500
2026-03-16,BIOA,21.55,720576
2026-03-17,BIOA,21.22,449137
2026-03-18,BIOA,19.36,437636
2026-03-19,BIOA,21.04,473286
2026-03-20,BIOA,19.3,1935716
2026-03-23,BIOA,18.63,460244
2026-03-24,BIOA,16.11,881625
2026-03-25,BIOA,16.41,575225
2026-03-26,BIOA,16.25,376422
2026-03-27,BIOA,16.15,314109
2026-03-30,BIOA,15.83,844400
2026-03-31,BIOA,17.49,885800
2026-04-01,BIOA,17.73,442300
2026-04-02,BIOA,17.5,301400
2026-04-06,BIOA,17.53,292500
2026-04-07,BIOA,17.61,276300
2026-04-08,BIOA,18.04,399400
2026-04-09,BIOA,17.79,227800
2026-04-10,BIOA,16.19,294100
2026-04-13,BIOA,16.19,452700
2026-04-14,BIOA,16.57,325900
2026-04-15,BIOA,16.97,392100
2026-04-16,BIOA,16.99,367300
2026-04-17,BIOA,18.49,508200
2026-04-20,BIOA,18.8,637400
2026-04-21,BIOA,19.61,694300
2026-04-22,BIOA,18.36,393600
2026-04-23,BIOA,17.24,410400
2026-04-24,BIOA,17.05,384400
2026-04-27,BIOA,18.06,348800
2026-04-28,BIOA,17.44,344300
2026-04-29,BIOA,16.86,269600
2026-04-30,BIOA,16.85,444300
2026-05-01,BIOA,16.79,325000
2026-05-04,BIOA,16.62,397100
2026-05-05,BIOA,16.68,235500
2026-05-06,BIOA,18.46,587700
2026-05-07,BIOA,17.82,223700
2026-05-08,BIOA,17.99,177500
2026-05-11,BIOA,18.16,509400
2026-05-12,BIOA,18.19,309600
2026-02-02,BITQ,20.61,743100
2026-02-03,BITQ,20.31,1257300
2026-02-04,BITQ,19.0,994100
2026-02-05,BITQ,16.74,859900
2026-02-06,BITQ,19.19,397600
2026-02-09,BITQ,20.23,152600
2026-02-10,BITQ,19.83,112900
2026-02-11,BITQ,19.31,98000
2026-02-12,BITQ,18.58,340700
2026-02-13,BITQ,19.47,273000
2026-02-17,BITQ,19.13,112300
2026-02-18,BITQ,19.15,81300
2026-02-19,BITQ,19.29,146100
2026-02-20,BITQ,18.99,227500
2026-02-23,BITQ,18.75,124900
2026-02-24,BITQ,19.61,132100
2026-02-25,BITQ,20.49,159500
2026-02-26,BITQ,20.53,143000
2026-02-27,BITQ,19.66,92100
2026-03-02,BITQ,20.45,128000
2026-03-03,BITQ,19.71,139400
2026-03-04,BITQ,21.2,193700
2026-03-05,BITQ,20.62,127500
2026-03-06,BITQ,19.36,123600
2026-03-09,BITQ,20.11,222145
2026-03-10,BITQ,20.42,106211
2026-03-11,BITQ,20.54,136400
2026-03-12,BITQ,20.14,208300
2026-03-13,BITQ,20.45,84700
2026-03-16,BITQ,21.47,68300
2026-03-17,BITQ,21.67,86200
2026-03-18,BITQ,20.95,79900
2026-03-19,BITQ,20.87,122700
2026-03-20,BITQ,20.38,263600
2026-03-23,BITQ,21.01,136900
2026-03-24,BITQ,20.42,106500
2026-03-25,BITQ,20.76,109500
2026-03-26,BITQ,19.7,106200
2026-03-27,BITQ,18.69,174800
2026-03-30,BITQ,17.81,250600
2026-03-31,BITQ,18.86,146700
2026-04-01,BITQ,18.75,105200
2026-04-02,BITQ,18.98,89100
2026-04-06,BITQ,19.49,106200
2026-04-07,BITQ,19.63,91400
2026-04-08,BITQ,20.78,147200
2026-04-09,BITQ,21.01,165000
2026-04-10,BITQ,21.26,63200
2026-04-13,BITQ,22.25,184700
2026-04-14,BITQ,23.24,124900
2026-04-15,BITQ,23.48,1073100
2026-04-16,BITQ,23.64,104000
2026-04-17,BITQ,24.55,144700
2026-04-20,BITQ,24.78,162100
2026-04-21,BITQ,23.73,339100
2026-04-22,BITQ,24.89,131400
2026-04-23,BITQ,24.62,65800
2026-04-24,BITQ,24.53,64500
2026-04-27,BITQ,24.09,161900
2026-04-28,BITQ,23.35,70100
2026-04-29,BITQ,22.64,130000
2026-04-30,BITQ,23.78,83400
2026-05-01,BITQ,24.26,163300
2026-05-04,BITQ,25.09,577600
2026-05-05,BITQ,26.22,134800
2026-05-06,BITQ,28.19,215000
2026-05-07,BITQ,26.96,176700
2026-05-08,BITQ,27.39,69000
2026-05-11,BITQ,27.8,138900
2026-05-12,BITQ,27.26,464887
2026-02-02,BJK,37.5,900
2026-02-03,BJK,37.08,4100
2026-02-04,BJK,37.9,3100
2026-02-05,BJK,37.16,1200
2026-02-06,BJK,37.86,3400
2026-02-09,BJK,38.14,1700
2026-02-10,BJK,38.21,2300
2026-02-11,BJK,37.92,2100
2026-02-12,BJK,36.6,3200
2026-02-13,BJK,36.13,6200
2026-02-17,BJK,36.2,1400
2026-02-18,BJK,37.18,1100
2026-02-19,BJK,37.0,1000
2026-02-20,BJK,36.91,1700
2026-02-23,BJK,36.08,1900
2026-02-24,BJK,36.39,1400
2026-02-25,BJK,36.44,2700
2026-02-26,BJK,36.53,12800
2026-02-27,BJK,36.69,1700
2026-03-02,BJK,36.36,3100
2026-03-03,BJK,36.11,2500
2026-03-04,BJK,36.33,1100
2026-03-05,BJK,36.1,5400
2026-03-06,BJK,35.73,1600
2026-03-09,BJK,35.805,7641
2026-03-10,BJK,35.7438,1993
2026-03-11,BJK,35.91,3800
2026-03-12,BJK,35.48,1400
2026-03-13,BJK,35.4,300
2026-03-16,BJK,35.29,3600
2026-03-17,BJK,35.26,3500
2026-03-18,BJK,34.87,2400
2026-03-19,BJK,35.14,2300
2026-03-20,BJK,34.08,2100
2026-03-23,BJK,35.52,4300
2026-03-24,BJK,35.14,2800
2026-03-25,BJK,34.91,4500
2026-03-26,BJK,34.25,1100
2026-03-27,BJK,33.67,2600
2026-03-30,BJK,33.59,6200
2026-03-31,BJK,34.54,1000
2026-04-01,BJK,35.09,3900
2026-04-02,BJK,35.1,1500
2026-04-06,BJK,35.3237,2381
2026-04-07,BJK,35.0072,4000
2026-04-08,BJK,36.0484,4358
2026-04-09,BJK,36.0484,6900
2026-04-10,BJK,36.0484,0
2026-04-13,BJK,36.0484,0
2026-04-14,BJK,36.0484,0
2026-04-15,BJK,36.0484,0
2026-04-16,BJK,37.38,2417
2026-04-17,BJK,37.7973,2706
2026-04-20,BJK,38.025,3871
2026-04-21,BJK,37.475,5840
2026-04-22,BJK,37.235,463
2026-04-23,BJK,36.16,1409
2026-04-24,BJK,36.395,1917
2026-04-27,BJK,36.68,1750
2026-04-28,BJK,36.11,1591
2026-04-29,BJK,36.11,0
2026-04-30,BJK,36.1762,2985
2026-05-01,BJK,36.33,487
2026-05-04,BJK,36.515,1268
2026-05-05,BJK,35.93,3043
2026-05-06,BJK,35.92,2949
2026-05-07,BJK,36.03,2124
2026-05-08,BJK,35.5,7791
2026-05-11,BJK,35.3,2766
2026-05-12,BJK,35.1916,1554
2026-02-02,BKCH,70.0,1019500
2026-02-03,BKCH,70.35,75600
2026-02-04,BKCH,63.46,133100
2026-02-05,BKCH,54.96,169700
2026-02-06,BKCH,63.68,140900
2026-02-09,BKCH,68.24,64400
2026-02-10,BKCH,66.18,97000
2026-02-11,BKCH,64.75,94600
2026-02-12,BKCH,62.26,93500
2026-02-13,BKCH,65.08,90100
2026-02-17,BKCH,63.25,38200
2026-02-18,BKCH,62.784,46100
2026-02-19,BKCH,63.352,43800
2026-02-20,BKCH,61.61,44300
2026-02-23,BKCH,61.71,55600
2026-02-24,BKCH,64.85,51400
2026-02-25,BKCH,66.32,42000
2026-02-26,BKCH,65.47,42200
2026-02-27,BKCH,62.3,61200
2026-03-02,BKCH,63.88,104600
2026-03-03,BKCH,60.4,48600
2026-03-04,BKCH,66.06,72400
2026-03-05,BKCH,63.56,80000
2026-03-06,BKCH,58.87,85100
2026-03-09,BKCH,60.91,54100
2026-03-10,BKCH,60.9,58200
2026-03-11,BKCH,62.97,73400
2026-03-12,BKCH,61.35,64900
2026-03-13,BKCH,61.86,42400
2026-03-16,BKCH,65.22,450300
2026-03-17,BKCH,65.39,34000
2026-03-18,BKCH,62.75,39900
2026-03-19,BKCH,62.94,51000
2026-03-20,BKCH,60.7,35500
2026-03-23,BKCH,63.28,30200
2026-03-24,BKCH,61.24,55400
2026-03-25,BKCH,63.04,34000
2026-03-26,BKCH,58.61,91900
2026-03-27,BKCH,55.23,85000
2026-03-30,BKCH,51.82,77300
2026-03-31,BKCH,55.84,42900
2026-04-01,BKCH,56.1,30800
2026-04-02,BKCH,56.65,50100
2026-04-06,BKCH,58.296,37500
2026-04-07,BKCH,58.95,36900
2026-04-08,BKCH,62.9,38600
2026-04-09,BKCH,63.35,137100
2026-04-10,BKCH,64.2,19700
2026-04-13,BKCH,67.45,89000
2026-04-14,BKCH,71.75,82000
2026-04-15,BKCH,72.39,35400
2026-04-16,BKCH,71.97,29400
2026-04-17,BKCH,75.33,801200
2026-04-20,BKCH,75.72,75000
2026-04-21,BKCH,72.45,114000
2026-04-22,BKCH,76.79,150800
2026-04-23,BKCH,76.62,156600
2026-04-24,BKCH,76.146,56900
2026-04-27,BKCH,74.45,72000
2026-04-28,BKCH,71.6,56900
2026-04-29,BKCH,69.47,38400
2026-04-30,BKCH,73.93,86600
2026-05-01,BKCH,74.22,61400
2026-05-04,BKCH,77.71,168700
2026-05-05,BKCH,82.52,55800
2026-05-06,BKCH,90.39,145200
2026-05-07,BKCH,85.54,212200
2026-05-08,BKCH,86.68,100800
2026-05-11,BKCH,89.31,86100
2026-05-12,BKCH,86.91,97170
2026-02-02,BKSY,21.41,1344200
2026-02-03,BKSY,23.7,1687700
2026-02-04,BKSY,21.14,3262300
2026-02-05,BKSY,20.99,1782300
2026-02-06,BKSY,22.85,1657500
2026-02-09,BKSY,24.71,1196700
2026-02-10,BKSY,22.76,1038900
2026-02-11,BKSY,21.12,1186700
2026-02-12,BKSY,20.58,1581100
2026-02-13,BKSY,21.48,916900
2026-02-17,BKSY,21.3,856800
2026-02-18,BKSY,22.03,913800
2026-02-19,BKSY,21.42,952100
2026-02-20,BKSY,19.88,1017900
2026-02-23,BKSY,19.34,1213100
2026-02-24,BKSY,19.71,814600
2026-02-25,BKSY,20.19,1448800
2026-02-26,BKSY,19.99,1612400
2026-02-27,BKSY,18.85,1692900
2026-03-02,BKSY,21.61,2140700
2026-03-03,BKSY,22.72,1659800
2026-03-04,BKSY,24.3,1608800
2026-03-05,BKSY,24.36,1357100
2026-03-06,BKSY,23.73,1838900
2026-03-09,BKSY,24.94,1065694
2026-03-10,BKSY,24.0,913489
2026-03-11,BKSY,23.63,980000
2026-03-12,BKSY,23.93,1323600
2026-03-13,BKSY,23.63,822500
2026-03-16,BKSY,24.0,643400
2026-03-17,BKSY,26.4,1653300
2026-03-18,BKSY,25.38,1757400
2026-03-19,BKSY,25.63,1058500
2026-03-20,BKSY,26.09,2300700
2026-03-23,BKSY,27.74,1847279
2026-03-24,BKSY,25.43,1764629
2026-03-25,BKSY,27.03,1901800
2026-03-26,BKSY,28.14,1862000
2026-03-27,BKSY,23.29,2118900
2026-03-30,BKSY,21.91,1550100
2026-03-31,BKSY,25.16,1909500
2026-04-01,BKSY,27.62,2169200
2026-04-02,BKSY,30.81,4101800
2026-04-06,BKSY,30.93,2531000
2026-04-07,BKSY,34.05,3287000
2026-04-08,BKSY,33.41,4263000
2026-04-09,BKSY,32.65,2436000
2026-04-10,BKSY,34.14,1518900
2026-04-13,BKSY,34.79,1596200
2026-04-14,BKSY,32.04,2254600
2026-04-15,BKSY,33.08,1439700
2026-04-16,BKSY,39.0,2972700
2026-04-17,BKSY,37.57,2679500
2026-04-20,BKSY,37.42,1479100
2026-04-21,BKSY,38.94,2016500
2026-04-22,BKSY,40.66,1631100
2026-04-23,BKSY,38.44,1874900
2026-04-24,BKSY,33.83,1758900
2026-04-27,BKSY,33.21,1894400
2026-04-28,BKSY,31.22,1606300
2026-04-29,BKSY,31.66,1064000
2026-04-30,BKSY,35.48,1562900
2026-05-01,BKSY,35.55,972500
2026-05-04,BKSY,36.33,850800
2026-05-05,BKSY,35.96,1244400
2026-05-06,BKSY,40.51,2040800
2026-05-07,BKSY,32.24,5321500
2026-05-08,BKSY,39.45,3265900
2026-05-11,BKSY,41.38,4542100
2026-05-12,BKSY,40.31,3384768
2026-02-02,BLDP,2.31,3181187
2026-02-03,BLDP,2.32,2189582
2026-02-04,BLDP,2.22,2937009
2026-02-05,BLDP,2.03,3410448
2026-02-06,BLDP,2.15,2643191
2026-02-09,BLDP,2.17,1589511
2026-02-10,BLDP,2.16,1992012
2026-02-11,BLDP,2.16,1525459
2026-02-12,BLDP,2.07,2407761
2026-02-13,BLDP,2.15,1979866
2026-02-17,BLDP,2.14,1602078
2026-02-18,BLDP,2.13,2023566
2026-02-19,BLDP,2.12,2630753
2026-02-20,BLDP,2.11,2581087
2026-02-23,BLDP,2.11,2364976
2026-02-24,BLDP,2.12,2355367
2026-02-25,BLDP,2.18,2081304
2026-02-26,BLDP,2.21,1782423
2026-02-27,BLDP,2.14,2510647
2026-03-02,BLDP,2.16,2274168
2026-03-03,BLDP,2.07,3421584
2026-03-04,BLDP,2.15,2733985
2026-03-05,BLDP,2.1,3209331
2026-03-06,BLDP,2.01,2839523
2026-03-09,BLDP,1.99,2656960
2026-03-10,BLDP,1.97,1927702
2026-03-11,BLDP,2.15,9776794
2026-03-12,BLDP,2.42,11431430
2026-03-13,BLDP,2.39,4374301
2026-03-16,BLDP,2.53,6390626
2026-03-17,BLDP,2.68,4565012
2026-03-18,BLDP,2.61,3386693
2026-03-19,BLDP,2.48,4054399
2026-03-20,BLDP,2.41,3015486
2026-03-23,BLDP,2.51,2427695
2026-03-24,BLDP,2.46,2138885
2026-03-25,BLDP,2.54,2925152
2026-03-26,BLDP,2.45,2700426
2026-03-27,BLDP,2.385,5439426
2026-03-30,BLDP,2.3,3356400
2026-03-31,BLDP,2.42,2482900
2026-04-01,BLDP,2.41,1837600
2026-04-02,BLDP,2.48,1772600
2026-04-06,BLDP,2.53,2248300
2026-04-07,BLDP,2.4,2140200
2026-04-08,BLDP,2.6,3333100
2026-04-09,BLDP,2.64,3718000
2026-04-10,BLDP,2.81,2787000
2026-04-13,BLDP,2.7,3078463
2026-04-14,BLDP,2.94,4184978
2026-04-15,BLDP,3.07,4219600
2026-04-16,BLDP,2.9,2866200
2026-04-17,BLDP,2.96,3537500
2026-04-20,BLDP,3.17,4585100
2026-04-21,BLDP,3.1,6561400
2026-04-22,BLDP,3.5,7553500
2026-04-23,BLDP,3.38,3982200
2026-04-24,BLDP,3.28,3438800
2026-04-27,BLDP,3.25,2773000
2026-04-28,BLDP,3.1,2811500
2026-04-29,BLDP,3.32,7333200
2026-04-30,BLDP,3.4,5635900
2026-05-01,BLDP,3.39,3036700
2026-05-04,BLDP,3.29,5112100
2026-05-05,BLDP,4.33,20006300
2026-05-06,BLDP,4.78,15196300
2026-05-07,BLDP,4.7,9590900
2026-05-08,BLDP,4.13,12144100
2026-05-11,BLDP,4.17,8418600
2026-05-12,BLDP,4.16,14167000
2026-02-02,BLK,1113.4613,498978
2026-02-03,BLK,1064.1558,947375
2026-02-04,BLK,1070.2021,827669
2026-02-05,BLK,1048.9604,756125
2026-02-06,BLK,1050.5316,1343739
2026-02-09,BLK,1073.9214,799466
2026-02-10,BLK,1081.7578,956539
2026-02-11,BLK,1076.8849,970171
2026-02-12,BLK,1049.7858,1153189
2026-02-13,BLK,1065.5779,669228
2026-02-17,BLK,1066.7315,922083
2026-02-18,BLK,1086.213,700052
2026-02-19,BLK,1075.2938,662383
2026-02-20,BLK,1087.5854,567747
2026-02-23,BLK,1065.0806,727295
2026-02-24,BLK,1075.0651,737539
2026-02-25,BLK,1087.7246,774293
2026-02-26,BLK,1084.234,725485
2026-02-27,BLK,1057.3437,1191826
2026-03-02,BLK,1062.3956,708914
2026-03-03,BLK,1046.7626,893444
2026-03-04,BLK,1043.4212,482308
2026-03-05,BLK,1029.27,673972
2026-03-06,BLK,955.45,1846223
2026-03-09,BLK,957.67,1933487
2026-03-10,BLK,967.36,1159205
2026-03-11,BLK,951.17,1090088
2026-03-12,BLK,922.9,1133395
2026-03-13,BLK,924.11,1236592
2026-03-16,BLK,943.26,927001
2026-03-17,BLK,971.01,1345845
2026-03-18,BLK,968.31,842196
2026-03-19,BLK,969.6,913314
2026-03-20,BLK,957.91,1410189
2026-03-23,BLK,974.58,911783
2026-03-24,BLK,976.06,626081
2026-03-25,BLK,981.35,877481
2026-03-26,BLK,968.46,739706
2026-03-27,BLK,933.85,877589
2026-03-30,BLK,934.06,806600
2026-03-31,BLK,961.71,800200
2026-04-01,BLK,957.4,624400
2026-04-02,BLK,966.56,568800
2026-04-06,BLK,959.41,451000
2026-04-07,BLK,958.46,471200
2026-04-08,BLK,1001.54,1247100
2026-04-09,BLK,1001.62,676700
2026-04-10,BLK,999.31,670700
2026-04-13,BLK,1023.65,929400
2026-04-14,BLK,1054.5601,1349700
2026-04-15,BLK,1048.6,1005800
2026-04-16,BLK,1024.95,950300
2026-04-17,BLK,1052.14,1105200
2026-04-20,BLK,1048.42,638308
2026-04-21,BLK,1042.85,674184
2026-04-22,BLK,1062.47,550900
2026-04-23,BLK,1053.47,538800
2026-04-24,BLK,1044.97,365900
2026-04-27,BLK,1056.86,532500
2026-04-28,BLK,1049.76,424500
2026-04-29,BLK,1039.38,398100
2026-04-30,BLK,1065.6,573100
2026-05-01,BLK,1061.6801,471100
2026-05-04,BLK,1052.25,424600
2026-05-05,BLK,1048.91,541500
2026-05-06,BLK,1073.5699,662600
2026-05-07,BLK,1067.74,477200
2026-05-08,BLK,1084.83,490600
2026-05-11,BLK,1081.3199,587400
2026-05-12,BLK,1092.5,483763
2026-02-02,BLOK,58.38,623300
2026-02-03,BLOK,56.73,1122500
2026-02-04,BLOK,54.18,875600
2026-02-05,BLOK,50.22,798100
2026-02-06,BLOK,54.58,648500
2026-02-09,BLOK,56.32,349000
2026-02-10,BLOK,55.8,347800
2026-02-11,BLOK,54.39,288800
2026-02-12,BLOK,52.66,544900
2026-02-13,BLOK,54.01,302300
2026-02-17,BLOK,53.56,327100
2026-02-18,BLOK,53.53,326400
2026-02-19,BLOK,53.64,589200
2026-02-20,BLOK,53.26,264600
2026-02-23,BLOK,52.14,422800
2026-02-24,BLOK,53.91,241700
2026-02-25,BLOK,55.19,694800
2026-02-26,BLOK,55.03,436200
2026-02-27,BLOK,53.48,293900
2026-03-02,BLOK,54.33,599200
2026-03-03,BLOK,52.67,388000
2026-03-04,BLOK,55.35,521100
2026-03-05,BLOK,54.65,439200
2026-03-06,BLOK,52.12,325300
2026-03-09,BLOK,53.15,238631
2026-03-10,BLOK,53.32,356251
2026-03-11,BLOK,53.62,138400
2026-03-12,BLOK,52.01,356900
2026-03-13,BLOK,52.35,504500
2026-03-16,BLOK,54.05,369600
2026-03-17,BLOK,54.27,241600
2026-03-18,BLOK,52.7,195100
2026-03-19,BLOK,52.53,200200
2026-03-20,BLOK,51.45,250300
2026-03-23,BLOK,52.91,301000
2026-03-24,BLOK,51.85,208600
2026-03-25,BLOK,52.85,117200
2026-03-26,BLOK,50.61,182300
2026-03-27,BLOK,48.53,163100
2026-03-30,BLOK,47.36,351200
2026-03-31,BLOK,49.81,173300
2026-04-01,BLOK,49.95,239500
2026-04-02,BLOK,50.27,143900
2026-04-06,BLOK,50.87,149400
2026-04-07,BLOK,51.16,169100
2026-04-08,BLOK,53.53,249100
2026-04-09,BLOK,53.77,121600
2026-04-10,BLOK,53.98,101500
2026-04-13,BLOK,55.7,243500
2026-04-14,BLOK,57.71,266600
2026-04-15,BLOK,58.56,1636600
2026-04-16,BLOK,58.69,235400
2026-04-17,BLOK,60.66,215200
2026-04-20,BLOK,61.24,364700
2026-04-21,BLOK,59.64,496300
2026-04-22,BLOK,61.35,172000
2026-04-23,BLOK,60.05,256400
2026-04-24,BLOK,60.08,153000
2026-04-27,BLOK,59.75,167200
2026-04-28,BLOK,58.75,244000
2026-04-29,BLOK,57.68,343200
2026-04-30,BLOK,59.47,304000
2026-05-01,BLOK,60.1,453300
2026-05-04,BLOK,61.37,734200
2026-05-05,BLOK,62.86,296800
2026-05-06,BLOK,65.92,364600
2026-05-07,BLOK,63.82,485400
2026-05-08,BLOK,64.39,163000
2026-05-11,BLOK,65.16,226600
2026-05-12,BLOK,64.02,520107
2026-02-02,BMI,151.4411,580400
2026-02-03,BMI,147.0524,694400
2026-02-04,BMI,145.9353,359500
2026-02-05,BMI,145.5064,601000
2026-02-06,BMI,150.8427,481700
2026-02-09,BMI,150.1943,447800
2026-02-10,BMI,152.658,569800
2026-02-11,BMI,156.5181,577800
2026-02-12,BMI,158.0043,495400
2026-02-13,BMI,154.4833,469600
2026-02-17,BMI,158.7823,469200
2026-02-18,BMI,157.7948,568200
2026-02-19,BMI,161.4753,304200
2026-02-20,BMI,158.9618,201200
2026-02-23,BMI,155.7999,304000
2026-02-24,BMI,157.9344,228200
2026-02-25,BMI,155.391,308100
2026-02-26,BMI,155.77,337400
2026-02-27,BMI,152.43,471400
2026-03-02,BMI,152.2,445600
2026-03-03,BMI,148.76,606300
2026-03-04,BMI,149.11,242600
2026-03-05,BMI,146.0,356700
2026-03-06,BMI,148.85,356400
2026-03-09,BMI,149.54,353707
2026-03-10,BMI,147.2,170771
2026-03-11,BMI,146.84,219300
2026-03-12,BMI,144.3,183300
2026-03-13,BMI,146.59,486000
2026-03-16,BMI,151.86,446500
2026-03-17,BMI,150.0,378600
2026-03-18,BMI,147.89,269400
2026-03-19,BMI,148.41,292200
2026-03-20,BMI,147.94,875900
2026-03-23,BMI,153.83,539200
2026-03-24,BMI,150.64,242500
2026-03-25,BMI,153.37,244600
2026-03-26,BMI,151.18,249300
2026-03-27,BMI,145.81,375900
2026-03-30,BMI,148.1,494600
2026-03-31,BMI,152.35,324300
2026-04-01,BMI,154.21,179300
2026-04-02,BMI,156.73,251600
2026-04-06,BMI,155.42,261025
2026-04-07,BMI,151.93,326387
2026-04-08,BMI,154.27,289200
2026-04-09,BMI,155.41,283800
2026-04-10,BMI,155.23,418600
2026-04-13,BMI,161.0,432300
2026-04-14,BMI,161.35,343800
2026-04-15,BMI,157.02,257700
2026-04-16,BMI,152.29,615400
2026-04-17,BMI,115.54,4169200
2026-04-20,BMI,113.41,2462500
2026-04-21,BMI,120.89,1732200
2026-04-22,BMI,123.56,1217000
2026-04-23,BMI,123.0,727200
2026-04-24,BMI,121.83,1139900
2026-04-27,BMI,122.96,566100
2026-04-28,BMI,118.42,505300
2026-04-29,BMI,117.86,562600
2026-04-30,BMI,120.91,835100
2026-05-01,BMI,121.98,608200
2026-05-04,BMI,120.03,617100
2026-05-05,BMI,121.09,356300
2026-05-06,BMI,123.75,530500
2026-05-07,BMI,122.56,466700
2026-05-08,BMI,118.52,737500
2026-05-11,BMI,116.67,551900
2026-05-12,BMI,115.04,401580
2026-02-02,BOTT,55.89,20500
2026-02-03,BOTT,57.01,19500
2026-02-04,BOTT,55.08,27600
2026-02-05,BOTT,54.39,9700
2026-02-06,BOTT,56.51,20900
2026-02-09,BOTT,58.87,26700
2026-02-10,BOTT,59.01,22300
2026-02-11,BOTT,58.44,27600
2026-02-12,BOTT,56.762,32900
2026-02-13,BOTT,58.58,34400
2026-02-17,BOTT,57.95,28400
2026-02-18,BOTT,58.57,26700
2026-02-19,BOTT,58.71,25800
2026-02-20,BOTT,58.9,23500
2026-02-23,BOTT,57.61,32900
2026-02-24,BOTT,58.51,14000
2026-02-25,BOTT,60.09,30800
2026-02-26,BOTT,58.57,22300
2026-02-27,BOTT,58.35,20100
2026-03-02,BOTT,57.42,33900
2026-03-03,BOTT,53.565,46400
2026-03-04,BOTT,53.42,28300
2026-03-05,BOTT,53.99,40600
2026-03-06,BOTT,53.426,23300
2026-03-09,BOTT,53.77,33590
2026-03-10,BOTT,53.65,17153
2026-03-11,BOTT,54.0,10900
2026-03-12,BOTT,51.25,16000
2026-03-13,BOTT,50.593,8900
2026-03-16,BOTT,51.52,11100
2026-03-17,BOTT,51.939,8500
2026-03-18,BOTT,50.911,19500
2026-03-19,BOTT,50.883,15300
2026-03-20,BOTT,47.988,21600
2026-03-23,BOTT,49.334,14700
2026-03-24,BOTT,48.009,24500
2026-03-25,BOTT,48.146,14500
2026-03-26,BOTT,45.97,13100
2026-03-27,BOTT,45.503,12900
2026-03-30,BOTT,44.145,12400
2026-03-31,BOTT,45.992,8300
2026-04-01,BOTT,47.037,10100
2026-04-02,BOTT,46.442,7000
2026-04-06,BOTT,45.667,10600
2026-04-07,BOTT,45.32,5700
2026-04-08,BOTT,48.681,14800
2026-04-09,BOTT,48.32,29100
2026-04-10,BOTT,48.373,16900
2026-04-13,BOTT,48.736,10200
2026-04-14,BOTT,51.19,34400
2026-04-15,BOTT,50.82,16400
2026-04-16,BOTT,51.76,47300
2026-04-17,BOTT,53.113,55600
2026-04-20,BOTT,52.378,23700
2026-04-21,BOTT,51.258,30700
2026-04-22,BOTT,51.792,18900
2026-04-23,BOTT,50.27,29400
2026-04-24,BOTT,51.739,10600
2026-04-27,BOTT,52.71,26800
2026-04-28,BOTT,51.65,9200
2026-04-29,BOTT,50.2,22900
2026-04-30,BOTT,52.27,35900
2026-05-01,BOTT,52.786,15500
2026-05-04,BOTT,52.06,21400
2026-05-05,BOTT,52.806,21500
2026-05-06,BOTT,53.74,33900
2026-05-07,BOTT,52.7,32100
2026-05-08,BOTT,55.87,60700
2026-05-11,BOTT,56.695,42200
2026-05-12,BOTT,55.78,75115
2026-02-02,BOTZ,36.87,1018454
2026-02-03,BOTZ,36.88,1149544
2026-02-04,BOTZ,36.61,1050197
2026-02-05,BOTZ,35.77,894207
2026-02-06,BOTZ,37.48,1179638
2026-02-09,BOTZ,38.14,816679
2026-02-10,BOTZ,38.36,762250
2026-02-11,BOTZ,38.12,820992
2026-02-12,BOTZ,37.96,814180
2026-02-13,BOTZ,38.34,895179
2026-02-17,BOTZ,38.62,775120
2026-02-18,BOTZ,38.36,697415
2026-02-19,BOTZ,38.64,866205
2026-02-20,BOTZ,39.02,1097878
2026-02-23,BOTZ,38.58,971301
2026-02-24,BOTZ,39.01,769837
2026-02-25,BOTZ,39.66,774819
2026-02-26,BOTZ,39.5,1089042
2026-02-27,BOTZ,39.02,1287658
2026-03-02,BOTZ,38.19,1393765
2026-03-03,BOTZ,36.9,3335484
2026-03-04,BOTZ,37.13,1377382
2026-03-05,BOTZ,36.58,906479
2026-03-06,BOTZ,36.09,847311
2026-03-09,BOTZ,36.09,1025687
2026-03-10,BOTZ,36.28,634359
2026-03-11,BOTZ,36.3,552069
2026-03-12,BOTZ,35.59,606207
2026-03-13,BOTZ,34.83,1047365
2026-03-16,BOTZ,35.39,686937
2026-03-17,BOTZ,35.38,449887
2026-03-18,BOTZ,34.85,874172
2026-03-19,BOTZ,34.88,970007
2026-03-20,BOTZ,33.6,1153553
2026-03-23,BOTZ,34.24,1333655
2026-03-24,BOTZ,33.82,677010
2026-03-25,BOTZ,34.38,887533
2026-03-26,BOTZ,33.29,948220
2026-03-27,BOTZ,32.46,1385170
2026-03-30,BOTZ,31.99,967355
2026-03-31,BOTZ,33.22,1057289
2026-04-01,BOTZ,33.9,661430
2026-04-02,BOTZ,33.4,702219
2026-04-06,BOTZ,33.59,486411
2026-04-07,BOTZ,33.39,580348
2026-04-08,BOTZ,35.12,1146197
2026-04-09,BOTZ,34.92,696554
2026-04-10,BOTZ,35.43,574432
2026-04-13,BOTZ,35.97,466340
2026-04-14,BOTZ,36.59,722572
2026-04-15,BOTZ,36.73,550808
2026-04-16,BOTZ,36.71,576943
2026-04-17,BOTZ,37.41,872926
2026-04-20,BOTZ,37.5,563000
2026-04-21,BOTZ,36.74,577300
2026-04-22,BOTZ,37.37,658200
2026-04-23,BOTZ,36.66,859900
2026-04-24,BOTZ,37.36,779700
2026-04-27,BOTZ,38.49,1137900
2026-04-28,BOTZ,37.66,860100
2026-04-29,BOTZ,37.33,2240600
2026-04-30,BOTZ,38.45,1007800
2026-05-01,BOTZ,38.6,842400
2026-05-04,BOTZ,38.38,1885900
2026-05-05,BOTZ,38.75,639800
2026-05-06,BOTZ,39.88,839500
2026-05-07,BOTZ,39.83,1160100
2026-05-08,BOTZ,41.45,1479500
2026-05-11,BOTZ,41.31,1060100
2026-05-12,BOTZ,40.72,893558
2026-02-02,BSX,91.87,15424100
2026-02-03,BSX,91.62,20357381
2026-02-04,BSX,75.5,78234469
2026-02-05,BSX,77.64,38316879
2026-02-06,BSX,76.27,34885738
2026-02-09,BSX,74.12,21133730
2026-02-10,BSX,74.25,21080939
2026-02-11,BSX,73.47,20102920
2026-02-12,BSX,74.12,16871949
2026-02-13,BSX,74.73,13452420
2026-02-17,BSX,76.29,14259270
2026-02-18,BSX,76.28,9345226
2026-02-19,BSX,75.72,10979940
2026-02-20,BSX,74.58,12592650
2026-02-23,BSX,74.37,10224380
2026-02-24,BSX,75.15,14189180
2026-02-25,BSX,73.48,15587930
2026-02-26,BSX,75.75,13022360
2026-02-27,BSX,76.85,21487740
2026-03-02,BSX,76.22,11112100
2026-03-03,BSX,73.85,16684891
2026-03-04,BSX,72.21,15541720
2026-03-05,BSX,72.99,12824530
2026-03-06,BSX,71.35,10031310
2026-03-09,BSX,71.9,11651130
2026-03-10,BSX,69.96,14271240
2026-03-11,BSX,69.63,12535410
2026-03-12,BSX,68.55,12436590
2026-03-13,BSX,69.13,11660820
2026-03-16,BSX,69.79,8681587
2026-03-17,BSX,71.2,12769980
2026-03-18,BSX,71.28,8988268
2026-03-19,BSX,69.89,13040020
2026-03-20,BSX,69.48,20129801
2026-03-23,BSX,69.54,10959490
2026-03-24,BSX,68.15,11771970
2026-03-25,BSX,69.78,9440556
2026-03-26,BSX,70.17,12968350
2026-03-27,BSX,69.17,16012450
2026-03-30,BSX,62.93,43461800
2026-03-31,BSX,62.75,29867300
2026-04-01,BSX,62.0,19486600
2026-04-02,BSX,62.82,13895600
2026-04-06,BSX,62.59,11189700
2026-04-07,BSX,61.86,18325200
2026-04-08,BSX,62.56,14972400
2026-04-09,BSX,61.28,12702100
2026-04-10,BSX,61.79,14774200
2026-04-13,BSX,63.18,12228000
2026-04-14,BSX,63.82,12354700
2026-04-15,BSX,64.61,12030700
2026-04-16,BSX,63.42,10656900
2026-04-17,BSX,64.23,12090100
2026-04-20,BSX,60.99,16505600
2026-04-21,BSX,59.52,26846600
2026-04-22,BSX,64.87,40404700
2026-04-23,BSX,65.69,31271600
2026-04-24,BSX,62.07,17691300
2026-04-27,BSX,59.95,17643100
2026-04-28,BSX,58.45,16900200
2026-04-29,BSX,57.15,20669100
2026-04-30,BSX,57.61,21709400
2026-05-01,BSX,56.5,18311900
2026-05-04,BSX,56.85,13975300
2026-05-05,BSX,55.98,12544100
2026-05-06,BSX,56.0,18680200
2026-05-07,BSX,56.57,25541300
2026-05-08,BSX,53.93,20841300
2026-05-11,BSX,53.37,21607600
2026-05-12,BSX,54.1,15903505
2026-02-02,BSY,34.1804,2612500
2026-02-03,BSY,31.7347,2557500
2026-02-04,BSY,32.693,3252200
2026-02-05,BSY,31.9543,4069500
2026-02-06,BSY,33.1123,3930600
2026-02-09,BSY,34.3801,2273900
2026-02-10,BSY,34.7195,2448000
2026-02-11,BSY,33.861,6121500
2026-02-12,BSY,34.0407,7329000
2026-02-13,BSY,34.0407,3774300
2026-02-17,BSY,33.2221,4208900
2026-02-18,BSY,34.1804,3708200
2026-02-19,BSY,34.1105,2743000
2026-02-20,BSY,33.7811,3182900
2026-02-23,BSY,32.144,3040300
2026-02-24,BSY,32.2837,2891300
2026-02-25,BSY,32.4235,4163300
2026-02-26,BSY,36.9755,6894400
2026-02-27,BSY,36.4864,17745000
2026-03-02,BSY,38.0636,4349600
2026-03-03,BSY,38.6925,3149900
2026-03-04,BSY,38.8023,3027700
2026-03-05,BSY,39.4412,3973600
2026-03-06,BSY,39.7207,3037200
2026-03-09,BSY,40.15,2596516
2026-03-10,BSY,38.97,2189580
2026-03-11,BSY,38.66,1908600
2026-03-12,BSY,38.44,3512900
2026-03-13,BSY,38.19,1868700
2026-03-16,BSY,38.06,2674200
2026-03-17,BSY,37.88,1936700
2026-03-18,BSY,37.12,2615000
2026-03-19,BSY,37.89,2322300
2026-03-20,BSY,37.85,3889900
2026-03-23,BSY,38.23,2177500
2026-03-24,BSY,37.14,2736400
2026-03-25,BSY,35.09,2958400
2026-03-26,BSY,36.2,4245400
2026-03-27,BSY,34.76,3856100
2026-03-30,BSY,34.58,2417100
2026-03-31,BSY,35.12,2510800
2026-04-01,BSY,34.2,1863700
2026-04-02,BSY,34.6,2423400
2026-04-06,BSY,35.09,1632500
2026-04-07,BSY,34.35,1177900
2026-04-08,BSY,35.03,2954000
2026-04-09,BSY,33.45,3288900
2026-04-10,BSY,31.3,2723300
2026-04-13,BSY,32.82,3070500
2026-04-14,BSY,33.23,2308100
2026-04-15,BSY,34.05,1568600
2026-04-16,BSY,34.65,1603300
2026-04-17,BSY,35.08,2009300
2026-04-20,BSY,35.21,1583000
2026-04-21,BSY,35.0,1822500
2026-04-22,BSY,35.22,1658900
2026-04-23,BSY,32.65,2359100
2026-04-24,BSY,33.44,1736200
2026-04-27,BSY,32.83,1114300
2026-04-28,BSY,32.32,1462300
2026-04-29,BSY,32.84,1690100
2026-04-30,BSY,32.62,1679000
2026-05-01,BSY,33.56,1655600
2026-05-04,BSY,33.6,1967400
2026-05-05,BSY,33.15,1953700
2026-05-06,BSY,32.07,3217700
2026-05-07,BSY,33.62,2763700
2026-05-08,BSY,32.76,2714300
2026-05-11,BSY,32.64,3651800
2026-05-12,BSY,32.67,4376614
2026-02-02,BUG,28.67,655800
2026-02-03,BUG,27.21,1154700
2026-02-04,BUG,27.18,2785500
2026-02-05,BUG,26.26,1101600
2026-02-06,BUG,26.94,891300
2026-02-09,BUG,27.56,667600
2026-02-10,BUG,27.89,700600
2026-02-11,BUG,27.7,1128600
2026-02-12,BUG,27.13,845000
2026-02-13,BUG,27.89,709500
2026-02-17,BUG,27.16,856943
2026-02-18,BUG,27.03,945400
2026-02-19,BUG,26.9,826100
2026-02-20,BUG,25.57,2359200
2026-02-23,BUG,24.3,2771800
2026-02-24,BUG,24.37,4956600
2026-02-25,BUG,24.98,1574500
2026-02-26,BUG,25.69,2318600
2026-02-27,BUG,25.11,1718300
2026-03-02,BUG,25.35,1437300
2026-03-03,BUG,25.74,1607900
2026-03-04,BUG,26.04,1783500
2026-03-05,BUG,26.71,1904700
2026-03-06,BUG,26.76,1700100
2026-03-09,BUG,26.88,1461954
2026-03-10,BUG,26.69,1024762
2026-03-11,BUG,26.75,974500
2026-03-12,BUG,26.48,454200
2026-03-13,BUG,26.53,408700
2026-03-16,BUG,26.24,829600
2026-03-17,BUG,26.34,465000
2026-03-18,BUG,26.21,772400
2026-03-19,BUG,26.27,581200
2026-03-20,BUG,25.74,1805900
2026-03-23,BUG,26.2,1124500
2026-03-24,BUG,25.14,1111500
2026-03-25,BUG,25.12,2053900
2026-03-26,BUG,25.19,694000
2026-03-27,BUG,24.05,2271200
2026-03-30,BUG,24.3,1497100
2026-03-31,BUG,25.11,1350000
2026-04-01,BUG,25.34,664700
2026-04-02,BUG,25.64,2313200
2026-04-06,BUG,25.84,811200
2026-04-07,BUG,26.06,627300
2026-04-08,BUG,26.03,835200
2026-04-09,BUG,24.62,1195100
2026-04-10,BUG,23.3,2707700
2026-04-13,BUG,24.43,833600
2026-04-14,BUG,24.24,858400
2026-04-15,BUG,25.05,1093900
2026-04-16,BUG,25.93,984700
2026-04-17,BUG,26.15,1928600
2026-04-20,BUG,26.57,1065000
2026-04-21,BUG,27.07,1080900
2026-04-22,BUG,27.41,726400
2026-04-23,BUG,26.19,943600
2026-04-24,BUG,26.49,554400
2026-04-27,BUG,26.81,936700
2026-04-28,BUG,26.81,359500
2026-04-29,BUG,27.05,421600
2026-04-30,BUG,26.55,800300
2026-05-01,BUG,27.05,948100
2026-05-04,BUG,27.63,551900
2026-05-05,BUG,27.97,600300
2026-05-06,BUG,27.97,778900
2026-05-07,BUG,29.34,1695500
2026-05-08,BUG,30.81,1663900
2026-05-11,BUG,30.55,1111800
2026-05-12,BUG,30.08,604124
2026-02-02,BWXT,205.756,735655
2026-02-03,BWXT,210.5894,841317
2026-02-04,BWXT,189.838,1923580
2026-02-05,BWXT,187.1617,1111503
2026-02-06,BWXT,196.9182,1267630
2026-02-09,BWXT,202.7202,961109
2026-02-10,BWXT,199.5546,846104
2026-02-11,BWXT,198.2264,599133
2026-02-12,BWXT,196.6286,656603
2026-02-13,BWXT,200.1238,833201
2026-02-17,BWXT,200.8129,532547
2026-02-18,BWXT,201.9713,511090
2026-02-19,BWXT,208.7819,552726
2026-02-20,BWXT,206.1555,824042
2026-02-23,BWXT,198.1066,989039
2026-02-24,BWXT,203.9485,1404631
2026-02-25,BWXT,207.983,1101340
2026-02-26,BWXT,206.9544,1098042
2026-02-27,BWXT,205.6961,800666
2026-03-02,BWXT,216.1717,1253052
2026-03-03,BWXT,205.5463,1093968
2026-03-04,BWXT,205.2867,678021
2026-03-05,BWXT,195.2306,1274309
2026-03-06,BWXT,194.9609,728922
2026-03-09,BWXT,200.1138,1027859
2026-03-10,BWXT,195.64,816897
2026-03-11,BWXT,195.98,811951
2026-03-12,BWXT,197.82,1198940
2026-03-13,BWXT,194.13,1375716
2026-03-16,BWXT,204.67,1429443
2026-03-17,BWXT,207.48,915768
2026-03-18,BWXT,208.98,1142230
2026-03-19,BWXT,210.12,1060978
2026-03-20,BWXT,199.75,1632860
2026-03-23,BWXT,204.85,789434
2026-03-24,BWXT,204.76,802635
2026-03-25,BWXT,222.13,1348408
2026-03-26,BWXT,205.09,1471157
2026-03-27,BWXT,202.59,923477
2026-03-30,BWXT,191.59,1038200
2026-03-31,BWXT,204.49,1010900
2026-04-01,BWXT,212.81,1124800
2026-04-02,BWXT,214.98,679700
2026-04-06,BWXT,215.98,693600
2026-04-07,BWXT,214.44,829800
2026-04-08,BWXT,231.78,1576700
2026-04-09,BWXT,230.29,1112300
2026-04-10,BWXT,229.57,759500
2026-04-13,BWXT,232.83,673800
2026-04-14,BWXT,238.27,710400
2026-04-15,BWXT,238.42,782200
2026-04-16,BWXT,230.8,1020800
2026-04-17,BWXT,235.78,1385100
2026-04-20,BWXT,228.24,840300
2026-04-21,BWXT,216.66,1150500
2026-04-22,BWXT,219.1,1221200
2026-04-23,BWXT,225.51,1171300
2026-04-24,BWXT,223.15,858200
2026-04-27,BWXT,222.07,743100
2026-04-28,BWXT,216.18,795700
2026-04-29,BWXT,208.08,948500
2026-04-30,BWXT,216.39,1241400
2026-05-01,BWXT,216.31,610000
2026-05-04,BWXT,216.68,1059500
2026-05-05,BWXT,206.15,1708900
2026-05-06,BWXT,215.2,1028600
2026-05-07,BWXT,209.89,1502400
2026-05-08,BWXT,205.33,1007400
2026-05-11,BWXT,210.8,1028500
2026-05-12,BWXT,206.83,1237969
2026-02-02,CAMT,141.94,653881
2026-02-03,CAMT,141.4,530398
2026-02-04,CAMT,132.75,651832
2026-02-05,CAMT,141.11,582266
2026-02-06,CAMT,149.02,433171
2026-02-09,CAMT,150.44,199950
2026-02-10,CAMT,154.0,329408
2026-02-11,CAMT,158.41,526920
2026-02-12,CAMT,155.38,428934
2026-02-13,CAMT,162.0,443671
2026-02-17,CAMT,157.0,841600
2026-02-18,CAMT,157.54,896600
2026-02-19,CAMT,153.19,703700
2026-02-20,CAMT,148.1,875900
2026-02-23,CAMT,153.11,825700
2026-02-24,CAMT,163.78,555100
2026-02-25,CAMT,169.03,868400
2026-02-26,CAMT,168.41,541500
2026-02-27,CAMT,167.39,366100
2026-03-02,CAMT,171.47,417300
2026-03-03,CAMT,162.61,692600
2026-03-04,CAMT,166.06,466900
2026-03-05,CAMT,165.03,247600
2026-03-06,CAMT,147.31,582700
2026-03-09,CAMT,155.24,670327
2026-03-10,CAMT,156.28,239977
2026-03-11,CAMT,161.35,644800
2026-03-12,CAMT,152.55,349700
2026-03-13,CAMT,148.98,435000
2026-03-16,CAMT,152.31,337500
2026-03-17,CAMT,160.39,423000
2026-03-18,CAMT,166.7,332600
2026-03-19,CAMT,172.25,421200
2026-03-20,CAMT,165.95,450100
2026-03-23,CAMT,172.29,735100
2026-03-24,CAMT,179.3,473600
2026-03-25,CAMT,175.08,592700
2026-03-26,CAMT,159.86,404200
2026-03-27,CAMT,153.33,536000
2026-03-30,CAMT,144.46,392400
2026-03-31,CAMT,151.61,1303200
2026-04-01,CAMT,158.7,516600
2026-04-02,CAMT,157.73,253400
2026-04-06,CAMT,159.12,113200
2026-04-07,CAMT,159.22,244600
2026-04-08,CAMT,170.09,329000
2026-04-09,CAMT,176.51,300200
2026-04-10,CAMT,174.53,354700
2026-04-13,CAMT,174.93,194400
2026-04-14,CAMT,180.74,261200
2026-04-15,CAMT,179.55,205500
2026-04-16,CAMT,180.63,310900
2026-04-17,CAMT,179.78,592800
2026-04-20,CAMT,184.63,342600
2026-04-21,CAMT,187.71,292800
2026-04-22,CAMT,185.88,222900
2026-04-23,CAMT,195.89,509300
2026-04-24,CAMT,203.0,325400
2026-04-27,CAMT,190.92,433200
2026-04-28,CAMT,180.52,476100
2026-04-29,CAMT,187.83,471200
2026-04-30,CAMT,191.92,315400
2026-05-01,CAMT,186.62,352800
2026-05-04,CAMT,182.71,328200
2026-05-05,CAMT,197.2,514800
2026-05-06,CAMT,202.54,258200
2026-05-07,CAMT,193.08,227800
2026-05-08,CAMT,205.54,321300
2026-05-11,CAMT,207.46,759500
2026-05-12,CAMT,174.625,1385913
2026-02-02,CARR,60.1458,6550100
2026-02-03,CARR,60.9828,9264200
2026-02-04,CARR,63.3244,14052200
2026-02-05,CARR,62.876,21704800
2026-02-06,CARR,63.6931,11800700
2026-02-09,CARR,65.0882,8375700
2026-02-10,CARR,65.5864,6264100
2026-02-11,CARR,66.8419,6080500
2026-02-12,CARR,64.6597,8020900
2026-02-13,CARR,65.1679,6101100
2026-02-17,CARR,66.1942,5073000
2026-02-18,CARR,64.1017,5748300
2026-02-19,CARR,62.6967,8515200
2026-02-20,CARR,63.9124,4356300
2026-02-23,CARR,63.2348,3807300
2026-02-24,CARR,63.3045,3630400
2026-02-25,CARR,61.2817,6746500
2026-02-26,CARR,62.5372,4943900
2026-02-27,CARR,64.1714,7534300
2026-03-02,CARR,63.6134,3643400
2026-03-03,CARR,60.9529,5126600
2026-03-04,CARR,60.8632,4254700
2026-03-05,CARR,60.1856,5437300
2026-03-06,CARR,58.1429,8869200
2026-03-09,CARR,58.5116,7501400
2026-03-10,CARR,58.2226,6877700
2026-03-11,CARR,58.4817,6476500
2026-03-12,CARR,56.2895,9301500
2026-03-13,CARR,55.4525,5905300
2026-03-16,CARR,55.6518,5718800
2026-03-17,CARR,56.7778,5225600
2026-03-18,CARR,57.4055,6799700
2026-03-19,CARR,58.7607,8325500
2026-03-20,CARR,57.8639,13673700
2026-03-23,CARR,58.0931,7394400
2026-03-24,CARR,58.3721,6335500
2026-03-25,CARR,59.0397,4271100
2026-03-26,CARR,54.476,11988700
2026-03-27,CARR,54.0575,6960800
2026-03-30,CARR,54.1671,5721500
2026-03-31,CARR,56.1101,6677500
2026-04-01,CARR,56.698,5783900
2026-04-02,CARR,55.5123,5650300
2026-04-06,CARR,55.3927,4117500
2026-04-07,CARR,55.2432,5266700
2026-04-08,CARR,58.0831,5957100
2026-04-09,CARR,61.2419,6070400
2026-04-10,CARR,63.1152,7428600
2026-04-13,CARR,64.0917,6643900
2026-04-14,CARR,64.4305,4610400
2026-04-15,CARR,58.3422,16954400
2026-04-16,CARR,59.4981,8885400
2026-04-17,CARR,61.1024,6461100
2026-04-20,CARR,61.4312,5076000
2026-04-21,CARR,61.491,5105400
2026-04-22,CARR,60.4347,4346400
2026-04-23,CARR,61.3216,5574100
2026-04-24,CARR,60.7536,5582400
2026-04-27,CARR,61.6903,6271300
2026-04-28,CARR,61.7799,6536900
2026-04-29,CARR,61.5209,8941500
2026-04-30,CARR,66.9316,15777700
2026-05-01,CARR,67.38,7348600
2026-05-04,CARR,65.89,4928900
2026-05-05,CARR,64.18,6926200
2026-05-06,CARR,67.9,7663800
2026-05-07,CARR,67.22,7627100
2026-05-08,CARR,66.83,5032000
2026-05-11,CARR,65.88,5310500
2026-05-12,CARR,65.56,3781426
2026-02-02,CAT,689.5971,4450010
2026-02-03,CAT,701.5544,3524657
2026-02-04,CAT,690.5054,7146654
2026-02-05,CAT,677.0211,2792796
2026-02-06,CAT,724.8201,3359724
2026-02-09,CAT,740.7098,2496781
2026-02-10,CAT,740.9593,4008672
2026-02-11,CAT,773.5273,3926333
2026-02-12,CAT,756.8491,4893393
2026-02-13,CAT,772.7289,3232805
2026-02-17,CAT,763.3068,3450284
2026-02-18,CAT,750.5411,2563692
2026-02-19,CAT,759.0848,2908016
2026-02-20,CAT,758.2963,2095147
2026-02-23,CAT,755.0325,2289560
2026-02-24,CAT,766.7702,2615316
2026-02-25,CAT,765.1533,2606526
2026-02-26,CAT,751.4993,3350914
2026-02-27,CAT,741.4185,3441936
2026-03-02,CAT,750.8904,2473058
2026-03-03,CAT,720.8077,3332671
2026-03-04,CAT,730.5791,2823711
2026-03-05,CAT,704.7383,3719844
2026-03-06,CAT,679.6061,3564419
2026-03-09,CAT,703.4807,3584373
2026-03-10,CAT,715.3182,3089074
2026-03-11,CAT,706.2454,1953586
2026-03-12,CAT,699.3585,3231819
2026-03-13,CAT,692.6713,2042163
2026-03-16,CAT,698.4503,2145487
2026-03-17,CAT,700.6661,1824937
2026-03-18,CAT,692.302,1796173
2026-03-19,CAT,687.3414,2240180
2026-03-20,CAT,679.5862,5131128
2026-03-23,CAT,700.3666,2981009
2026-03-24,CAT,715.2683,2098290
2026-03-25,CAT,717.6737,1591456
2026-03-26,CAT,701.8538,2428682
2026-03-27,CAT,694.0786,2059801
2026-03-30,CAT,666.1617,2609971
2026-03-31,CAT,707.1138,3002163
2026-04-01,CAT,728.9322,2435826
2026-04-02,CAT,715.8571,1764325
2026-04-06,CAT,719.8695,1246531
2026-04-07,CAT,723.0634,1549121
2026-04-08,CAT,770.1138,3013995
2026-04-09,CAT,785.5744,2801890
2026-04-10,CAT,789.1576,1872030
2026-04-13,CAT,790.2255,1820142
2026-04-14,CAT,792.7408,1866304
2026-04-15,CAT,768.7065,2764742
2026-04-16,CAT,771.1918,2005066
2026-04-17,CAT,793.14,2818838
2026-04-20,CAT,798.4,1454089
2026-04-21,CAT,800.45,2293546
2026-04-22,CAT,808.87,1628402
2026-04-23,CAT,835.24,2601828
2026-04-24,CAT,830.79,2253922
2026-04-27,CAT,828.79,1987044
2026-04-28,CAT,817.87,1875554
2026-04-29,CAT,810.05,2566311
2026-04-30,CAT,890.11,5203322
2026-05-01,CAT,889.67,2376503
2026-05-04,CAT,874.78,2669860
2026-05-05,CAT,904.59,2581097
2026-05-06,CAT,926.93,3010561
2026-05-07,CAT,895.69,2957310
2026-05-08,CAT,897.45,2030291
2026-05-11,CAT,926.79,2811658
2026-05-12,CAT,912.14,2309512
2026-02-02,CB,310.3339,1518585
2026-02-03,CB,312.4576,1837375
2026-02-04,CB,328.4803,3244124
2026-02-05,CB,330.3049,2113344
2026-02-06,CB,329.9958,1839018
2026-02-09,CB,325.21,2205809
2026-02-10,CB,325.2897,1929417
2026-02-11,CB,328.1014,1348671
2026-02-12,CB,331.5313,2192855
2026-02-13,CB,323.9936,2019361
2026-02-17,CB,330.9131,1963512
2026-02-18,CB,328.3208,1558159
2026-02-19,CB,328.1912,1339253
2026-02-20,CB,330.6439,1463069
2026-02-23,CB,332.4087,1864933
2026-02-24,CB,335.8585,1591381
2026-02-25,CB,333.5553,1413131
2026-02-26,CB,336.9254,1815955
2026-02-27,CB,339.8567,2218011
2026-03-02,CB,341.7511,1886011
2026-03-03,CB,337.3043,2412711
2026-03-04,CB,333.1565,1531353
2026-03-05,CB,331.4815,1877006
2026-03-06,CB,327.0346,2091159
2026-03-09,CB,323.4452,1737653
2026-03-10,CB,324.2827,1243361
2026-03-11,CB,321.81,2219299
2026-03-12,CB,328.59,2014441
2026-03-13,CB,328.97,2018734
2026-03-16,CB,330.12,1757035
2026-03-17,CB,330.87,1559430
2026-03-18,CB,327.98,1478709
2026-03-19,CB,323.64,2207873
2026-03-20,CB,322.58,3736200
2026-03-23,CB,326.37,1620826
2026-03-24,CB,325.61,1235678
2026-03-25,CB,323.21,1626271
2026-03-26,CB,324.31,1538612
2026-03-27,CB,319.09,1643671
2026-03-30,CB,325.35,1168389
2026-03-31,CB,325.93,1866081
2026-04-01,CB,327.16,1212281
2026-04-02,CB,328.33,982454
2026-04-06,CB,326.9,1273431
2026-04-07,CB,327.4,1093784
2026-04-08,CB,332.64,1252027
2026-04-09,CB,332.94,1216723
2026-04-10,CB,327.91,1258574
2026-04-13,CB,329.98,1638563
2026-04-14,CB,325.74,1334573
2026-04-15,CB,327.27,1560955
2026-04-16,CB,328.42,1634913
2026-04-17,CB,330.83,2225216
2026-04-20,CB,329.99,1325505
2026-04-21,CB,329.29,2156690
2026-04-22,CB,325.43,2034529
2026-04-23,CB,332.88,1702886
2026-04-24,CB,326.12,1885353
2026-04-27,CB,324.6,1534296
2026-04-28,CB,330.34,1619127
2026-04-29,CB,325.75,2247199
2026-04-30,CB,327.0,2556830
2026-05-01,CB,326.22,1345211
2026-05-04,CB,325.12,1761094
2026-05-05,CB,322.57,1295651
2026-05-06,CB,321.9,1332313
2026-05-07,CB,321.28,1079314
2026-05-08,CB,319.64,926967
2026-05-11,CB,320.26,1275646
2026-05-12,CB,322.04,1593421
2026-02-02,CCJ,120.21,5398600
2026-02-03,CCJ,126.15,5320400
2026-02-04,CCJ,114.82,9143000
2026-02-05,CCJ,109.28,5927000
2026-02-06,CCJ,113.63,4496700
2026-02-09,CCJ,120.68,3616600
2026-02-10,CCJ,118.09,3481800
2026-02-11,CCJ,119.18,3330600
2026-02-12,CCJ,116.39,3956800
2026-02-13,CCJ,112.9,5975200
2026-02-17,CCJ,112.94,3724300
2026-02-18,CCJ,116.5,2693800
2026-02-19,CCJ,119.03,2938300
2026-02-20,CCJ,121.35,4784600
2026-02-23,CCJ,118.75,2771300
2026-02-24,CCJ,121.08,3468100
2026-02-25,CCJ,119.72,3431500
2026-02-26,CCJ,118.18,3628700
2026-02-27,CCJ,118.4,2115900
2026-03-02,CCJ,125.74,4348700
2026-03-03,CCJ,117.79,5520600
2026-03-04,CCJ,120.24,2855100
2026-03-05,CCJ,114.24,3892200
2026-03-06,CCJ,109.68,4112200
2026-03-09,CCJ,116.14,3306787
2026-03-10,CCJ,120.08,5357011
2026-03-11,CCJ,115.39,3474300
2026-03-12,CCJ,115.3,4007700
2026-03-13,CCJ,107.92,6618900
2026-03-16,CCJ,110.31,3507200
2026-03-17,CCJ,111.52,2562600
2026-03-18,CCJ,109.4,2682200
2026-03-19,CCJ,106.6,3958100
2026-03-20,CCJ,101.55,5443200
2026-03-23,CCJ,105.57,3932300
2026-03-24,CCJ,108.04,2914500
2026-03-25,CCJ,109.02,2516800
2026-03-26,CCJ,104.67,2541300
2026-03-27,CCJ,103.92,3182800
2026-03-30,CCJ,102.84,2722000
2026-03-31,CCJ,108.61,3989500
2026-04-01,CCJ,111.13,2879900
2026-04-02,CCJ,112.57,2348600
2026-04-06,CCJ,110.48,1722100
2026-04-07,CCJ,110.23,1808400
2026-04-08,CCJ,115.9,3500600
2026-04-09,CCJ,115.54,2210500
2026-04-10,CCJ,116.04,2134500
2026-04-13,CCJ,116.7,2664900
2026-04-14,CCJ,116.06,3463800
2026-04-15,CCJ,119.11,3124300
2026-04-16,CCJ,120.27,3387100
2026-04-17,CCJ,120.66,4220500
2026-04-20,CCJ,123.62,2992700
2026-04-21,CCJ,116.61,3814800
2026-04-22,CCJ,126.47,3840000
2026-04-23,CCJ,123.85,4424200
2026-04-24,CCJ,122.15,2285300
2026-04-27,CCJ,123.11,1982700
2026-04-28,CCJ,116.31,3167600
2026-04-29,CCJ,114.29,2273800
2026-04-30,CCJ,123.04,3007700
2026-05-01,CCJ,120.6,2168700
2026-05-04,CCJ,118.26,3292300
2026-05-05,CCJ,114.46,5412100
2026-05-06,CCJ,123.76,3845600
2026-05-07,CCJ,118.71,3121500
2026-05-08,CCJ,116.75,2182400
2026-05-11,CCJ,120.14,3158200
2026-05-12,CCJ,116.93,3796569
2026-02-02,CDLR,23.63,117300
2026-02-03,CDLR,23.84,132500
2026-02-04,CDLR,23.51,187500
2026-02-05,CDLR,23.1,142400
2026-02-06,CDLR,24.43,135600
2026-02-09,CDLR,25.66,152700
2026-02-10,CDLR,25.57,87000
2026-02-11,CDLR,25.83,116200
2026-02-12,CDLR,25.69,122400
2026-02-13,CDLR,25.9,71400
2026-02-17,CDLR,26.23,70800
2026-02-18,CDLR,26.43,56600
2026-02-19,CDLR,26.38,45400
2026-02-20,CDLR,26.64,67600
2026-02-23,CDLR,25.58,141852
2026-02-24,CDLR,26.04,118594
2026-02-25,CDLR,26.09,98400
2026-02-26,CDLR,26.23,123100
2026-02-27,CDLR,25.52,126100
2026-03-02,CDLR,26.31,106500
2026-03-03,CDLR,24.86,103800
2026-03-04,CDLR,24.64,102500
2026-03-05,CDLR,24.2,74500
2026-03-06,CDLR,24.19,90500
2026-03-09,CDLR,24.57,105138
2026-03-10,CDLR,24.75,69445
2026-03-11,CDLR,24.77,47600
2026-03-12,CDLR,23.97,97800
2026-03-13,CDLR,24.76,104300
2026-03-16,CDLR,23.82,119600
2026-03-17,CDLR,24.03,52200
2026-03-18,CDLR,23.79,47100
2026-03-19,CDLR,23.89,83600
2026-03-20,CDLR,23.11,169600
2026-03-23,CDLR,22.76,99300
2026-03-24,CDLR,23.11,113300
2026-03-25,CDLR,24.16,34200
2026-03-26,CDLR,22.49,153300
2026-03-27,CDLR,22.12,174600
2026-03-30,CDLR,21.94,273739
2026-03-31,CDLR,23.53,129834
2026-04-01,CDLR,24.16,90900
2026-04-02,CDLR,23.94,96000
2026-04-06,CDLR,24.11,66700
2026-04-07,CDLR,23.95,86000
2026-04-08,CDLR,24.94,81000
2026-04-09,CDLR,25.98,78000
2026-04-10,CDLR,25.81,76400
2026-04-13,CDLR,26.07,47900
2026-04-14,CDLR,26.58,68000
2026-04-15,CDLR,26.25,115700
2026-04-16,CDLR,25.29,64000
2026-04-17,CDLR,25.09,63200
2026-04-20,CDLR,25.39,42600
2026-04-21,CDLR,25.59,83600
2026-04-22,CDLR,25.8,96900
2026-04-23,CDLR,25.74,59000
2026-04-24,CDLR,26.38,61600
2026-04-27,CDLR,26.34,60230
2026-04-28,CDLR,26.18,71257
2026-04-29,CDLR,27.52,131300
2026-04-30,CDLR,27.68,66700
2026-05-01,CDLR,28.24,59400
2026-05-04,CDLR,28.13,61534
2026-05-05,CDLR,28.95,51586
2026-05-06,CDLR,28.95,46900
2026-05-07,CDLR,28.81,55600
2026-05-08,CDLR,29.57,73428
2026-05-11,CDLR,29.43,58981
2026-05-12,CDLR,28.77,43561
2026-02-02,CDNS,289.19,2881300
2026-02-03,CDNS,268.5,5168400
2026-02-04,CDNS,271.42,5166600
2026-02-05,CDNS,270.14,3584900
2026-02-06,CDNS,283.52,2843300
2026-02-09,CDNS,291.0,2723900
2026-02-10,CDNS,299.0,2812600
2026-02-11,CDNS,299.65,2357600
2026-02-12,CDNS,288.33,4186000
2026-02-13,CDNS,299.46,2855600
2026-02-17,CDNS,283.46,5580200
2026-02-18,CDNS,305.01,3947300
2026-02-19,CDNS,296.59,2677000
2026-02-20,CDNS,296.28,2534100
2026-02-23,CDNS,279.8,3343600
2026-02-24,CDNS,290.63,3039600
2026-02-25,CDNS,301.84,2947600
2026-02-26,CDNS,297.6,3286200
2026-02-27,CDNS,301.4,3535000
2026-03-02,CDNS,303.36,2801500
2026-03-03,CDNS,300.63,1994800
2026-03-04,CDNS,305.43,2829500
2026-03-05,CDNS,299.84,3707300
2026-03-06,CDNS,296.94,2605800
2026-03-09,CDNS,298.05,2493900
2026-03-10,CDNS,293.29,2084200
2026-03-11,CDNS,294.16,2099200
2026-03-12,CDNS,290.32,2493100
2026-03-13,CDNS,287.03,1838400
2026-03-16,CDNS,292.72,1516900
2026-03-17,CDNS,293.75,1339400
2026-03-18,CDNS,289.64,1666900
2026-03-19,CDNS,287.4,1574100
2026-03-20,CDNS,283.9,3349200
2026-03-23,CDNS,292.52,3531700
2026-03-24,CDNS,284.32,2832800
2026-03-25,CDNS,281.39,2617200
2026-03-26,CDNS,280.62,2002400
2026-03-27,CDNS,271.77,2186600
2026-03-30,CDNS,270.88,2151600
2026-03-31,CDNS,277.87,1883900
2026-04-01,CDNS,280.19,1762400
2026-04-02,CDNS,278.72,1511500
2026-04-06,CDNS,279.39,1173300
2026-04-07,CDNS,279.48,1275100
2026-04-08,CDNS,289.5,1913600
2026-04-09,CDNS,281.01,2209800
2026-04-10,CDNS,265.66,3492800
2026-04-13,CDNS,288.2,2649000
2026-04-14,CDNS,292.37,2182500
2026-04-15,CDNS,304.1,2514300
2026-04-16,CDNS,306.96,2158500
2026-04-17,CDNS,311.03,2211900
2026-04-20,CDNS,318.5,2268000
2026-04-21,CDNS,325.84,3475100
2026-04-22,CDNS,331.61,2206000
2026-04-23,CDNS,314.33,2318000
2026-04-24,CDNS,332.89,3316100
2026-04-27,CDNS,336.54,4034400
2026-04-28,CDNS,325.31,4885200
2026-04-29,CDNS,329.95,2949700
2026-04-30,CDNS,329.59,2077800
2026-05-01,CDNS,340.94,1825700
2026-05-04,CDNS,349.51,3152200
2026-05-05,CDNS,353.63,1965700
2026-05-06,CDNS,354.9,2420600
2026-05-07,CDNS,356.9,1870800
2026-05-08,CDNS,362.7,2317500
2026-05-11,CDNS,364.2,2642200
2026-05-12,CDNS,358.04,1981656
2026-02-02,CEG,270.5175,4044500
2026-02-03,CEG,268.0907,3584200
2026-02-04,CEG,250.1248,7172000
2026-02-05,CEG,246.7294,4001600
2026-02-06,CEG,261.0701,6306500
2026-02-09,CEG,271.7858,4182000
2026-02-10,CEG,270.7771,4603800
2026-02-11,CEG,276.4795,3862100
2026-02-12,CEG,275.7505,4893400
2026-02-13,CEG,288.044,5450300
2026-02-17,CEG,302.6045,5259200
2026-02-18,CEG,293.6565,3794400
2026-02-19,CEG,291.2697,2550000
2026-02-20,CEG,294.4454,3134000
2026-02-23,CEG,293.4068,3223200
2026-02-24,CEG,312.2216,4652100
2026-02-25,CEG,325.4039,4999700
2026-02-26,CEG,323.127,3960900
2026-02-27,CEG,329.4385,3439500
2026-03-02,CEG,326.7222,3539400
2026-03-03,CEG,324.4352,4260300
2026-03-04,CEG,322.4179,2342500
2026-03-05,CEG,331.6256,3129200
2026-03-06,CEG,318.633,3432400
2026-03-09,CEG,322.99,2736854
2026-03-10,CEG,317.09,2316631
2026-03-11,CEG,300.69,4343200
2026-03-12,CEG,301.55,2750500
2026-03-13,CEG,301.77,1988600
2026-03-16,CEG,305.58,2208300
2026-03-17,CEG,307.69,2007400
2026-03-18,CEG,317.22,2634700
2026-03-19,CEG,316.47,2386900
2026-03-20,CEG,281.99,6107400
2026-03-23,CEG,289.76,2717900
2026-03-24,CEG,294.85,2405900
2026-03-25,CEG,303.32,2424400
2026-03-26,CEG,295.19,3129200
2026-03-27,CEG,301.49,2495200
2026-03-30,CEG,298.61,2675000
2026-03-31,CEG,279.25,6205200
2026-04-01,CEG,279.46,3560400
2026-04-02,CEG,272.82,3256700
2026-04-06,CEG,275.16,2470900
2026-04-07,CEG,272.58,2829300
2026-04-08,CEG,284.27,2584900
2026-04-09,CEG,280.25,3002400
2026-04-10,CEG,286.5,2691800
2026-04-13,CEG,291.72,2696000
2026-04-14,CEG,296.61,2284800
2026-04-15,CEG,294.73,1930300
2026-04-16,CEG,299.14,2897400
2026-04-17,CEG,296.21,2266600
2026-04-20,CEG,287.56,2479700
2026-04-21,CEG,277.7,3395800
2026-04-22,CEG,287.16,2581900
2026-04-23,CEG,292.77,2767900
2026-04-24,CEG,313.53,3609900
2026-04-27,CEG,315.17,2372600
2026-04-28,CEG,305.71,2631200
2026-04-29,CEG,297.0,2732900
2026-04-30,CEG,313.0,2906400
2026-05-01,CEG,307.81,2102500
2026-05-04,CEG,321.05,2833800
2026-05-05,CEG,320.42,1895500
2026-05-06,CEG,322.78,3062200
2026-05-07,CEG,311.28,2630200
2026-05-08,CEG,303.63,2948600
2026-05-11,CEG,299.69,6274200
2026-05-12,CEG,293.6,3754893
2026-02-02,CEVA,21.08,385790
2026-02-03,CEVA,20.7,337904
2026-02-04,CEVA,20.67,380718
2026-02-05,CEVA,20.94,301294
2026-02-06,CEVA,22.54,320123
2026-02-09,CEVA,22.95,207466
2026-02-10,CEVA,23.1,311520
2026-02-11,CEVA,23.68,374652
2026-02-12,CEVA,22.55,531209
2026-02-13,CEVA,22.67,401823
2026-02-17,CEVA,20.45,812210
2026-02-18,CEVA,20.09,768616
2026-02-19,CEVA,19.67,505234
2026-02-20,CEVA,19.46,418595
2026-02-23,CEVA,18.76,372720
2026-02-24,CEVA,20.13,689981
2026-02-25,CEVA,21.32,730379
2026-02-26,CEVA,21.6,402223
2026-02-27,CEVA,20.86,491372
2026-03-02,CEVA,21.44,427330
2026-03-03,CEVA,20.97,448675
2026-03-04,CEVA,20.54,387864
2026-03-05,CEVA,19.48,298310
2026-03-06,CEVA,19.13,422161
2026-03-09,CEVA,19.69,456104
2026-03-10,CEVA,19.99,301893
2026-03-11,CEVA,19.87,333964
2026-03-12,CEVA,18.4,297798
2026-03-13,CEVA,18.24,290600
2026-03-16,CEVA,18.66,374062
2026-03-17,CEVA,18.5,273880
2026-03-18,CEVA,18.52,223690
2026-03-19,CEVA,18.97,333777
2026-03-20,CEVA,18.57,1221970
2026-03-23,CEVA,18.84,424381
2026-03-24,CEVA,19.09,293450
2026-03-25,CEVA,19.42,238183
2026-03-26,CEVA,18.82,224487
2026-03-27,CEVA,18.22,361548
2026-03-30,CEVA,17.21,374500
2026-03-31,CEVA,18.68,345500
2026-04-01,CEVA,19.49,471000
2026-04-02,CEVA,19.64,272600
2026-04-06,CEVA,19.63,185800
2026-04-07,CEVA,19.32,207000
2026-04-08,CEVA,20.67,597800
2026-04-09,CEVA,20.25,274600
2026-04-10,CEVA,20.59,304300
2026-04-13,CEVA,20.91,217500
2026-04-14,CEVA,21.47,305200
2026-04-15,CEVA,22.15,246900
2026-04-16,CEVA,22.35,308300
2026-04-17,CEVA,23.42,379700
2026-04-20,CEVA,23.91,271100
2026-04-21,CEVA,24.67,591400
2026-04-22,CEVA,24.71,402500
2026-04-23,CEVA,24.64,405000
2026-04-24,CEVA,28.87,1600800
2026-04-27,CEVA,27.14,1131200
2026-04-28,CEVA,24.84,714300
2026-04-29,CEVA,27.36,712300
2026-04-30,CEVA,30.54,1736000
2026-05-01,CEVA,32.28,1074300
2026-05-04,CEVA,32.53,1273400
2026-05-05,CEVA,33.72,1198100
2026-05-06,CEVA,34.66,1040800
2026-05-07,CEVA,33.72,945700
2026-05-08,CEVA,36.97,1051500
2026-05-11,CEVA,36.46,1979900
2026-05-12,CEVA,37.08,1636700
2026-02-02,CGC,1.09,12128300
2026-02-03,CGC,1.17,13673200
2026-02-04,CGC,1.16,15850900
2026-02-05,CGC,1.08,19896300
2026-02-06,CGC,1.1,11194200
2026-02-09,CGC,1.09,9683100
2026-02-10,CGC,1.09,11602800
2026-02-11,CGC,1.07,13625100
2026-02-12,CGC,1.03,11291500
2026-02-13,CGC,1.08,9266700
2026-02-17,CGC,1.09,8277600
2026-02-18,CGC,1.15,9829400
2026-02-19,CGC,1.17,13774300
2026-02-20,CGC,1.19,13961100
2026-02-23,CGC,1.15,9082700
2026-02-24,CGC,1.17,7766100
2026-02-25,CGC,1.17,5857300
2026-02-26,CGC,1.14,7023500
2026-02-27,CGC,1.12,4380600
2026-03-02,CGC,1.07,8566100
2026-03-03,CGC,1.06,7188900
2026-03-04,CGC,1.08,6765100
2026-03-05,CGC,1.04,11780100
2026-03-06,CGC,1.07,5733800
2026-03-09,CGC,1.07,10368410
2026-03-10,CGC,1.06,5178381
2026-03-11,CGC,1.07,6456800
2026-03-12,CGC,1.04,5108900
2026-03-13,CGC,1.02,7466900
2026-03-16,CGC,1.02,8791900
2026-03-17,CGC,1.07,6799000
2026-03-18,CGC,1.02,10518100
2026-03-19,CGC,1.01,10834300
2026-03-20,CGC,0.945,14126500
2026-03-23,CGC,0.967,7879300
2026-03-24,CGC,0.959,4653600
2026-03-25,CGC,0.973,3830600
2026-03-26,CGC,0.92,4275300
2026-03-27,CGC,0.893,4860200
2026-03-30,CGC,0.857,6136500
2026-03-31,CGC,0.949,3488300
2026-04-01,CGC,0.974,3977000
2026-04-02,CGC,1.0,6866600
2026-04-06,CGC,1.02,7120400
2026-04-07,CGC,0.992,3556900
2026-04-08,CGC,1.04,17880600
2026-04-09,CGC,1.09,16183400
2026-04-10,CGC,1.05,11004300
2026-04-13,CGC,1.08,10401600
2026-04-14,CGC,1.09,11360100
2026-04-15,CGC,1.15,11047600
2026-04-16,CGC,1.15,8080800
2026-04-17,CGC,1.14,9525400
2026-04-20,CGC,1.2,14889800
2026-04-21,CGC,1.14,11897100
2026-04-22,CGC,1.38,60337700
2026-04-23,CGC,1.22,58261400
2026-04-24,CGC,1.185,18662100
2026-04-27,CGC,1.2,13700400
2026-04-28,CGC,1.15,10474300
2026-04-29,CGC,1.09,13463800
2026-04-30,CGC,1.11,6703000
2026-05-01,CGC,1.13,6104700
2026-05-04,CGC,1.1,5648200
2026-05-05,CGC,1.08,6949700
2026-05-06,CGC,1.15,6416600
2026-05-07,CGC,1.13,5534400
2026-05-08,CGC,1.11,4533400
2026-05-11,CGC,1.12,6414300
2026-05-12,CGC,1.09,6764487
2026-02-02,CHAT,62.42,341000
2026-02-03,CHAT,61.9,424800
2026-02-04,CHAT,59.36,381300
2026-02-05,CHAT,58.28,344600
2026-02-06,CHAT,60.77,269200
2026-02-09,CHAT,62.69,314200
2026-02-10,CHAT,62.74,166900
2026-02-11,CHAT,62.72,155700
2026-02-12,CHAT,62.32,242600
2026-02-13,CHAT,63.34,318000
2026-02-17,CHAT,63.67,240100
2026-02-18,CHAT,64.23,213400
2026-02-19,CHAT,64.39,197400
2026-02-20,CHAT,66.31,458300
2026-02-23,CHAT,63.84,459000
2026-02-24,CHAT,65.29,232200
2026-02-25,CHAT,65.66,223400
2026-02-26,CHAT,64.79,232100
2026-02-27,CHAT,63.89,255200
2026-03-02,CHAT,63.74,265500
2026-03-03,CHAT,61.32,489400
2026-03-04,CHAT,62.5,502100
2026-03-05,CHAT,62.08,299700
2026-03-06,CHAT,60.9,349000
2026-03-09,CHAT,63.93,305771
2026-03-10,CHAT,65.32,475817
2026-03-11,CHAT,65.4,205000
2026-03-12,CHAT,63.23,527800
2026-03-13,CHAT,62.76,226100
2026-03-16,CHAT,65.05,219100
2026-03-17,CHAT,65.29,233900
2026-03-18,CHAT,66.0,305300
2026-03-19,CHAT,65.22,233100
2026-03-20,CHAT,62.53,371300
2026-03-23,CHAT,63.88,328500
2026-03-24,CHAT,63.69,221600
2026-03-25,CHAT,65.01,335700
2026-03-26,CHAT,61.4,315400
2026-03-27,CHAT,60.28,334800
2026-03-30,CHAT,59.06,303000
2026-03-31,CHAT,61.85,331500
2026-04-01,CHAT,64.29,438400
2026-04-02,CHAT,63.32,337000
2026-04-06,CHAT,64.03,429100
2026-04-07,CHAT,64.6,440500
2026-04-08,CHAT,67.92,392700
2026-04-09,CHAT,68.57,539100
2026-04-10,CHAT,69.4,557900
2026-04-13,CHAT,71.0,365100
2026-04-14,CHAT,73.46,518700
2026-04-15,CHAT,73.16,384900
2026-04-16,CHAT,74.24,564600
2026-04-17,CHAT,75.09,449600
2026-04-20,CHAT,75.84,462700
2026-04-21,CHAT,75.74,428500
2026-04-22,CHAT,78.39,653500
2026-04-23,CHAT,77.16,642700
2026-04-24,CHAT,79.19,679800
2026-04-27,CHAT,78.55,504200
2026-04-28,CHAT,75.64,637000
2026-04-29,CHAT,76.43,606600
2026-04-30,CHAT,77.99,478100
2026-05-01,CHAT,79.3,532400
2026-05-04,CHAT,80.43,1150100
2026-05-05,CHAT,82.34,1223300
2026-05-06,CHAT,85.87,885900
2026-05-07,CHAT,83.91,872400
2026-05-08,CHAT,86.18,638700
2026-05-11,CHAT,86.84,767200
2026-05-12,CHAT,84.24,810570
2026-02-02,CHKP,180.21,1262708
2026-02-03,CHKP,174.07,1542952
2026-02-04,CHKP,176.49,1710872
2026-02-05,CHKP,176.25,1228679
2026-02-06,CHKP,180.91,1105131
2026-02-09,CHKP,181.27,1047312
2026-02-10,CHKP,180.57,1251302
2026-02-11,CHKP,176.47,1663037
2026-02-12,CHKP,164.47,4146836
2026-02-13,CHKP,171.48,2087690
2026-02-17,CHKP,165.02,2135800
2026-02-18,CHKP,164.01,1834100
2026-02-19,CHKP,159.05,2356400
2026-02-20,CHKP,159.04,1559500
2026-02-23,CHKP,154.73,2210600
2026-02-24,CHKP,152.44,1480200
2026-02-25,CHKP,152.84,2390300
2026-02-26,CHKP,154.8,1481400
2026-02-27,CHKP,152.07,1803900
2026-03-02,CHKP,154.97,1448500
2026-03-03,CHKP,159.7,1393500
2026-03-04,CHKP,158.04,1176300
2026-03-05,CHKP,164.48,1080900
2026-03-06,CHKP,165.22,993800
2026-03-09,CHKP,160.85,942800
2026-03-10,CHKP,157.32,726353
2026-03-11,CHKP,154.04,963100
2026-03-12,CHKP,155.78,1312800
2026-03-13,CHKP,153.65,694900
2026-03-16,CHKP,152.83,562000
2026-03-17,CHKP,153.95,495900
2026-03-18,CHKP,153.16,563400
2026-03-19,CHKP,154.52,598900
2026-03-20,CHKP,152.73,1341200
2026-03-23,CHKP,151.25,544100
2026-03-24,CHKP,144.53,1343700
2026-03-25,CHKP,142.41,759000
2026-03-26,CHKP,142.82,802400
2026-03-27,CHKP,138.84,1054900
2026-03-30,CHKP,141.2,909500
2026-03-31,CHKP,142.85,881800
2026-04-01,CHKP,145.76,1162500
2026-04-02,CHKP,148.23,991500
2026-04-06,CHKP,148.19,737100
2026-04-07,CHKP,148.4,899600
2026-04-08,CHKP,145.87,1090200
2026-04-09,CHKP,141.85,834900
2026-04-10,CHKP,135.22,1533400
2026-04-13,CHKP,142.1,1081500
2026-04-14,CHKP,134.78,1588200
2026-04-15,CHKP,134.69,2010800
2026-04-16,CHKP,137.61,1490000
2026-04-17,CHKP,136.43,1167200
2026-04-20,CHKP,138.15,851000
2026-04-21,CHKP,140.08,1046600
2026-04-22,CHKP,141.68,859200
2026-04-23,CHKP,133.82,1357900
2026-04-24,CHKP,134.67,639100
2026-04-27,CHKP,138.11,1121200
2026-04-28,CHKP,139.29,1038100
2026-04-29,CHKP,139.96,1647600
2026-04-30,CHKP,112.47,8489500
2026-05-01,CHKP,114.51,3189100
2026-05-04,CHKP,116.91,2740700
2026-05-05,CHKP,117.64,2098100
2026-05-06,CHKP,114.27,2402700
2026-05-07,CHKP,115.56,3433200
2026-05-08,CHKP,114.93,2016200
2026-05-11,CHKP,115.42,1686500
2026-05-12,CHKP,116.34,1404037
2026-02-02,CHPS,56.8135,33600
2026-02-03,CHPS,55.5348,27000
2026-02-04,CHPS,53.4828,22200
2026-02-05,CHPS,53.4278,12000
2026-02-06,CHPS,56.2551,10200
2026-02-09,CHPS,57.1342,27000
2026-02-10,CHPS,56.8685,21700
2026-02-11,CHPS,58.5168,44400
2026-02-12,CHPS,56.7486,37000
2026-02-13,CHPS,57.6157,57700
2026-02-17,CHPS,57.5738,17500
2026-02-18,CHPS,58.2831,17500
2026-02-19,CHPS,57.6817,30000
2026-02-20,CHPS,58.5838,17100
2026-02-23,CHPS,58.2231,13800
2026-02-24,CHPS,59.5049,43500
2026-02-25,CHPS,60.6208,22600
2026-02-26,CHPS,59.0323,26100
2026-02-27,CHPS,58.1492,12400
2026-03-02,CHPS,57.8325,23700
2026-03-03,CHPS,54.7965,24900
2026-03-04,CHPS,56.1452,20700
2026-03-05,CHPS,54.6466,20800
2026-03-06,CHPS,52.7944,17100
2026-03-09,CHPS,54.6566,16100
2026-03-10,CHPS,55.1262,9500
2026-03-11,CHPS,55.7356,14400
2026-03-12,CHPS,53.2909,6500
2026-03-13,CHPS,53.5677,5700
2026-03-16,CHPS,55.1052,16400
2026-03-17,CHPS,55.2071,21800
2026-03-18,CHPS,54.9953,14300
2026-03-19,CHPS,55.286,14500
2026-03-20,CHPS,53.568,10700
2026-03-23,CHPS,54.715,23700
2026-03-24,CHPS,55.208,13500
2026-03-25,CHPS,55.721,22600
2026-03-26,CHPS,53.025,16200
2026-03-27,CHPS,52.134,16200
2026-03-30,CHPS,50.014,34200
2026-03-31,CHPS,52.933,20700
2026-04-01,CHPS,54.518,33600
2026-04-02,CHPS,54.11,12400
2026-04-06,CHPS,54.791,7000
2026-04-07,CHPS,55.111,3600
2026-04-08,CHPS,59.653,28600
2026-04-09,CHPS,60.81,21700
2026-04-10,CHPS,61.96,18800
2026-04-13,CHPS,62.75,16800
2026-04-14,CHPS,64.52,17900
2026-04-15,CHPS,64.34,19700
2026-04-16,CHPS,65.31,19000
2026-04-17,CHPS,66.67,32200
2026-04-20,CHPS,66.668,14000
2026-04-21,CHPS,67.14,18800
2026-04-22,CHPS,68.555,13500
2026-04-23,CHPS,69.49,23600
2026-04-24,CHPS,72.75,30300
2026-04-27,CHPS,72.172,18800
2026-04-28,CHPS,69.759,75200
2026-04-29,CHPS,70.984,9700
2026-04-30,CHPS,73.45,12400
2026-05-01,CHPS,74.338,37700
2026-05-04,CHPS,74.15,22600
2026-05-05,CHPS,77.835,53400
2026-05-06,CHPS,81.131,27500
2026-05-07,CHPS,79.46,28700
2026-05-08,CHPS,84.17,42800
2026-05-11,CHPS,86.04,51800
2026-05-12,CHPS,82.525,50070
2026-02-02,CHRS,2.17,1799183
2026-02-03,CHRS,2.22,1672465
2026-02-04,CHRS,2.22,2070720
2026-02-05,CHRS,2.09,1692772
2026-02-06,CHRS,2.14,2444996
2026-02-09,CHRS,2.06,1479656
2026-02-10,CHRS,2.11,805723
2026-02-11,CHRS,2.04,885959
2026-02-12,CHRS,2.01,911008
2026-02-13,CHRS,1.61,10920320
2026-02-17,CHRS,1.61,2768228
2026-02-18,CHRS,1.63,1851523
2026-02-19,CHRS,1.71,2358700
2026-02-20,CHRS,1.63,1368524
2026-02-23,CHRS,1.62,1307526
2026-02-24,CHRS,1.67,949872
2026-02-25,CHRS,1.68,778222
2026-02-26,CHRS,1.69,636534
2026-02-27,CHRS,1.67,1039075
2026-03-02,CHRS,1.65,1052573
2026-03-03,CHRS,1.65,1119924
2026-03-04,CHRS,1.76,1723242
2026-03-05,CHRS,1.76,1149722
2026-03-06,CHRS,1.82,1641141
2026-03-09,CHRS,1.93,2234121
2026-03-10,CHRS,1.95,2424904
2026-03-11,CHRS,1.78,1510219
2026-03-12,CHRS,1.69,2111505
2026-03-13,CHRS,1.63,1164578
2026-03-16,CHRS,1.66,846888
2026-03-17,CHRS,1.68,963287
2026-03-18,CHRS,1.58,1401837
2026-03-19,CHRS,1.61,900426
2026-03-20,CHRS,1.52,2667206
2026-03-23,CHRS,1.64,1256353
2026-03-24,CHRS,1.71,3107371
2026-03-25,CHRS,1.77,2295966
2026-03-26,CHRS,1.66,692741
2026-03-27,CHRS,1.63,684213
2026-03-30,CHRS,1.6,806500
2026-03-31,CHRS,1.69,865500
2026-04-01,CHRS,1.74,793800
2026-04-02,CHRS,1.73,537200
2026-04-06,CHRS,1.67,620600
2026-04-07,CHRS,1.67,735100
2026-04-08,CHRS,1.7,816700
2026-04-09,CHRS,1.65,990300
2026-04-10,CHRS,1.68,556800
2026-04-13,CHRS,1.71,939500
2026-04-14,CHRS,1.8,1031700
2026-04-15,CHRS,1.88,1070000
2026-04-16,CHRS,1.9,1645000
2026-04-17,CHRS,1.98,1755000
2026-04-20,CHRS,1.99,764200
2026-04-21,CHRS,1.82,1938700
2026-04-22,CHRS,1.8,816800
2026-04-23,CHRS,1.76,1379800
2026-04-24,CHRS,1.75,906300
2026-04-27,CHRS,1.84,1036100
2026-04-28,CHRS,1.77,624200
2026-04-29,CHRS,1.74,665400
2026-04-30,CHRS,1.775,523600
2026-05-01,CHRS,1.8,560600
2026-05-04,CHRS,1.73,717400
2026-05-05,CHRS,1.79,874700
2026-05-06,CHRS,1.75,1288300
2026-05-07,CHRS,1.76,921600
2026-05-08,CHRS,1.75,676100
2026-05-11,CHRS,1.95,3713100
2026-05-12,CHRS,1.71,3461192
2026-02-02,CHWY,28.39,7634226
2026-02-03,CHWY,27.09,9789475
2026-02-04,CHWY,27.56,11141840
2026-02-05,CHWY,26.57,6048428
2026-02-06,CHWY,28.02,11819750
2026-02-09,CHWY,27.39,5938142
2026-02-10,CHWY,27.2,7677455
2026-02-11,CHWY,25.93,10325070
2026-02-12,CHWY,24.29,8829160
2026-02-13,CHWY,24.23,8027243
2026-02-17,CHWY,23.8,9299224
2026-02-18,CHWY,24.17,7758878
2026-02-19,CHWY,25.86,8755203
2026-02-20,CHWY,26.45,8165223
2026-02-23,CHWY,24.71,6752850
2026-02-24,CHWY,25.48,8197416
2026-02-25,CHWY,26.46,8330038
2026-02-26,CHWY,26.97,8748743
2026-02-27,CHWY,27.42,7972911
2026-03-02,CHWY,27.07,5950969
2026-03-03,CHWY,26.84,13632400
2026-03-04,CHWY,25.51,12987160
2026-03-05,CHWY,26.07,8060997
2026-03-06,CHWY,25.43,7090212
2026-03-09,CHWY,26.15,11447690
2026-03-10,CHWY,25.64,9866740
2026-03-11,CHWY,25.7,6381379
2026-03-12,CHWY,24.6,6865679
2026-03-13,CHWY,25.47,4540910
2026-03-16,CHWY,25.12,5416417
2026-03-17,CHWY,25.22,4596253
2026-03-18,CHWY,24.33,6294884
2026-03-19,CHWY,24.28,5916431
2026-03-20,CHWY,23.37,11240120
2026-03-23,CHWY,23.59,8140228
2026-03-24,CHWY,23.45,12703090
2026-03-25,CHWY,26.57,24655510
2026-03-26,CHWY,27.01,11627690
2026-03-27,CHWY,26.12,9074033
2026-03-30,CHWY,25.88,9816900
2026-03-31,CHWY,27.0,8389700
2026-04-01,CHWY,26.62,6255700
2026-04-02,CHWY,26.87,6478800
2026-04-06,CHWY,26.54,7583500
2026-04-07,CHWY,26.22,8120100
2026-04-08,CHWY,26.46,10253100
2026-04-09,CHWY,26.0,7950700
2026-04-10,CHWY,25.21,7356900
2026-04-13,CHWY,25.36,6203700
2026-04-14,CHWY,25.89,4971700
2026-04-15,CHWY,27.17,8423200
2026-04-16,CHWY,26.97,5770000
2026-04-17,CHWY,27.52,5715900
2026-04-20,CHWY,28.86,8961100
2026-04-21,CHWY,27.74,7794200
2026-04-22,CHWY,27.04,6252900
2026-04-23,CHWY,25.65,7239900
2026-04-24,CHWY,26.02,5804400
2026-04-27,CHWY,25.22,7505700
2026-04-28,CHWY,25.59,6466600
2026-04-29,CHWY,25.96,6308900
2026-04-30,CHWY,25.42,8097500
2026-05-01,CHWY,25.54,5877500
2026-05-04,CHWY,24.56,7370600
2026-05-05,CHWY,24.54,5544900
2026-05-06,CHWY,24.59,4770600
2026-05-07,CHWY,23.67,11752100
2026-05-08,CHWY,22.97,13920300
2026-05-11,CHWY,22.49,12139500
2026-05-12,CHWY,22.9,7840357
2026-02-02,CIBR,69.4692,1207954
2026-02-03,CIBR,66.9735,1818645
2026-02-04,CIBR,66.4145,2105075
2026-02-05,CIBR,64.8373,2073870
2026-02-06,CIBR,67.0135,1143653
2026-02-09,CIBR,68.2214,2782955
2026-02-10,CIBR,68.7105,2242287
2026-02-11,CIBR,67.5026,1803370
2026-02-12,CIBR,64.987,2486389
2026-02-13,CIBR,66.714,1363664
2026-02-17,CIBR,65.4262,1505984
2026-02-18,CIBR,65.8156,1564596
2026-02-19,CIBR,65.7956,888075
2026-02-20,CIBR,63.7891,2538949
2026-02-23,CIBR,61.1636,4303112
2026-02-24,CIBR,61.4731,2475372
2026-02-25,CIBR,62.6011,1686043
2026-02-26,CIBR,63.7591,2967551
2026-02-27,CIBR,62.8008,1376317
2026-03-02,CIBR,63.2899,1417913
2026-03-03,CIBR,63.7991,2220453
2026-03-04,CIBR,64.5478,2117467
2026-03-05,CIBR,65.6758,2548950
2026-03-06,CIBR,65.8854,1431832
2026-03-09,CIBR,66.1649,1871235
2026-03-10,CIBR,65.6658,1859726
2026-03-11,CIBR,65.6459,1282401
2026-03-12,CIBR,65.1866,1778753
2026-03-13,CIBR,65.0369,1085220
2026-03-16,CIBR,64.388,2584357
2026-03-17,CIBR,64.8572,1191936
2026-03-18,CIBR,64.8472,1093552
2026-03-19,CIBR,65.1168,1001998
2026-03-20,CIBR,63.9189,1470952
2026-03-23,CIBR,64.8872,985743
2026-03-24,CIBR,62.9705,1874094
2026-03-25,CIBR,63.26,1892600
2026-03-26,CIBR,63.14,929300
2026-03-27,CIBR,60.76,2139300
2026-03-30,CIBR,60.79,3077100
2026-03-31,CIBR,62.68,1821700
2026-04-01,CIBR,63.15,1455100
2026-04-02,CIBR,64.19,983300
2026-04-06,CIBR,64.16,911500
2026-04-07,CIBR,65.25,1158300
2026-04-08,CIBR,65.66,1473500
2026-04-09,CIBR,63.08,2260900
2026-04-10,CIBR,60.74,2346700
2026-04-13,CIBR,63.19,1803700
2026-04-14,CIBR,62.79,2384400
2026-04-15,CIBR,64.52,1510800
2026-04-16,CIBR,65.92,1308700
2026-04-17,CIBR,66.48,2063300
2026-04-20,CIBR,67.05,1365900
2026-04-21,CIBR,68.04,1864600
2026-04-22,CIBR,68.91,1511900
2026-04-23,CIBR,66.59,1407600
2026-04-24,CIBR,67.24,1152900
2026-04-27,CIBR,67.55,1658725
2026-04-28,CIBR,67.15,1379483
2026-04-29,CIBR,67.87,917700
2026-04-30,CIBR,67.45,1301600
2026-05-01,CIBR,68.76,972700
2026-05-04,CIBR,69.75,1357600
2026-05-05,CIBR,70.87,715400
2026-05-06,CIBR,70.17,2400700
2026-05-07,CIBR,73.14,1520000
2026-05-08,CIBR,75.32,2489000
2026-05-11,CIBR,75.43,1274000
2026-05-12,CIBR,74.84,1091005
2026-02-02,CLH,261.38,439300
2026-02-03,CLH,261.49,457200
2026-02-04,CLH,260.95,469600
2026-02-05,CLH,262.19,519300
2026-02-06,CLH,265.98,497100
2026-02-09,CLH,267.62,440922
2026-02-10,CLH,268.0,523296
2026-02-11,CLH,274.6,471848
2026-02-12,CLH,266.91,295800
2026-02-13,CLH,273.82,707600
2026-02-17,CLH,269.08,1053900
2026-02-18,CLH,276.25,1096200
2026-02-19,CLH,281.34,750900
2026-02-20,CLH,284.69,813600
2026-02-23,CLH,280.82,425200
2026-02-24,CLH,284.66,551700
2026-02-25,CLH,286.04,646700
2026-02-26,CLH,292.53,589600
2026-02-27,CLH,293.2,553000
2026-03-02,CLH,297.02,532800
2026-03-03,CLH,297.15,488200
2026-03-04,CLH,293.0,543300
2026-03-05,CLH,289.74,607400
2026-03-06,CLH,282.97,489000
2026-03-09,CLH,285.9,630274
2026-03-10,CLH,286.03,424435
2026-03-11,CLH,289.53,467700
2026-03-12,CLH,289.41,488400
2026-03-13,CLH,288.93,449000
2026-03-16,CLH,289.37,503900
2026-03-17,CLH,290.55,516400
2026-03-18,CLH,291.0,594100
2026-03-19,CLH,289.46,495700
2026-03-20,CLH,275.88,940900
2026-03-23,CLH,286.1,568800
2026-03-24,CLH,285.2,626300
2026-03-25,CLH,288.29,379100
2026-03-26,CLH,282.85,361800
2026-03-27,CLH,279.0,296100
2026-03-30,CLH,279.76,440300
2026-03-31,CLH,286.73,556300
2026-04-01,CLH,290.04,385100
2026-04-02,CLH,297.0,495000
2026-04-06,CLH,299.64,395200
2026-04-07,CLH,298.86,300300
2026-04-08,CLH,302.58,895700
2026-04-09,CLH,302.16,842300
2026-04-10,CLH,302.23,310200
2026-04-13,CLH,303.6,532500
2026-04-14,CLH,304.41,469200
2026-04-15,CLH,296.0,523400
2026-04-16,CLH,296.63,736500
2026-04-17,CLH,300.7,661000
2026-04-20,CLH,303.6,352100
2026-04-21,CLH,304.82,303400
2026-04-22,CLH,304.4,289200
2026-04-23,CLH,310.32,278200
2026-04-24,CLH,308.99,314000
2026-04-27,CLH,307.33,395100
2026-04-28,CLH,306.2,197600
2026-04-29,CLH,306.44,328200
2026-04-30,CLH,312.68,429500
2026-05-01,CLH,311.43,250000
2026-05-04,CLH,310.44,349600
2026-05-05,CLH,313.7,431200
2026-05-06,CLH,287.98,2174300
2026-05-07,CLH,282.37,1409700
2026-05-08,CLH,291.15,1198000
2026-05-11,CLH,293.45,445900
2026-05-12,CLH,296.39,480392
2026-02-02,CLIX,59.1779,2421
2026-02-03,CLIX,57.9303,485
2026-02-04,CLIX,55.8331,472
2026-02-05,CLIX,54.6114,858
2026-02-06,CLIX,54.4305,931
2026-02-09,CLIX,54.4195,1046
2026-02-10,CLIX,54.4817,552
2026-02-11,CLIX,52.7329,411
2026-02-12,CLIX,50.8355,522
2026-02-13,CLIX,50.4256,892
2026-02-17,CLIX,50.6354,1783
2026-02-18,CLIX,51.8714,285
2026-02-19,CLIX,52.0191,357
2026-02-20,CLIX,52.9037,529
2026-02-23,CLIX,51.499,214
2026-02-24,CLIX,52.2519,161
2026-02-25,CLIX,52.3884,486
2026-02-26,CLIX,53.8496,1251
2026-02-27,CLIX,53.9605,660
2026-03-02,CLIX,53.7953,742
2026-03-03,CLIX,53.238,598
2026-03-04,CLIX,53.9666,2695
2026-03-05,CLIX,54.7288,1854
2026-03-06,CLIX,54.1553,436
2026-03-09,CLIX,54.2623,613
2026-03-10,CLIX,54.1279,809
2026-03-11,CLIX,54.1565,689
2026-03-12,CLIX,52.9256,837
2026-03-13,CLIX,53.0833,524
2026-03-16,CLIX,54.0031,267
2026-03-17,CLIX,54.8007,617
2026-03-18,CLIX,54.1231,742
2026-03-19,CLIX,53.03,569
2026-03-20,CLIX,52.0903,440
2026-03-23,CLIX,53.2346,700
2026-03-24,CLIX,52.668,800
2026-03-25,CLIX,54.109,600
2026-03-26,CLIX,53.038,700
2026-03-27,CLIX,51.893,300
2026-03-30,CLIX,51.719,500
2026-03-31,CLIX,53.391,300
2026-04-01,CLIX,53.442,900
2026-04-02,CLIX,53.359,800
2026-04-06,CLIX,53.741,200
2026-04-07,CLIX,53.472,200
2026-04-08,CLIX,54.935,700
2026-04-09,CLIX,55.472,700
2026-04-10,CLIX,55.905,400
2026-04-13,CLIX,56.543,300
2026-04-14,CLIX,57.986,300
2026-04-15,CLIX,58.824,100
2026-04-16,CLIX,59.621,300
2026-04-17,CLIX,60.416,100
2026-04-20,CLIX,60.4137,357
2026-04-21,CLIX,59.8627,1570
2026-04-22,CLIX,60.582,400
2026-04-23,CLIX,59.51,1000
2026-04-24,CLIX,60.389,1100
2026-04-27,CLIX,60.1281,423
2026-04-28,CLIX,59.4404,691
2026-04-29,CLIX,60.367,500
2026-04-30,CLIX,59.22,1000
2026-05-01,CLIX,60.074,400
2026-05-04,CLIX,60.6419,602
2026-05-05,CLIX,60.1494,25
2026-05-06,CLIX,60.574,200
2026-05-07,CLIX,60.411,100
2026-05-08,CLIX,59.422,200
2026-05-11,CLIX,58.988,100
2026-05-12,CLIX,58.492,19
2026-02-02,CLSK,11.04,29116500
2026-02-03,CLSK,11.36,33583700
2026-02-04,CLSK,10.22,32970500
2026-02-05,CLSK,8.265,43006000
2026-02-06,CLSK,10.08,40922100
2026-02-09,CLSK,10.19,38274700
2026-02-10,CLSK,10.03,28626400
2026-02-11,CLSK,9.62,29808900
2026-02-12,CLSK,9.31,21335100
2026-02-13,CLSK,9.85,28219400
2026-02-17,CLSK,9.28,21331800
2026-02-18,CLSK,9.27,23286300
2026-02-19,CLSK,9.82,20632300
2026-02-20,CLSK,9.65,21981300
2026-02-23,CLSK,9.82,21151000
2026-02-24,CLSK,10.35,25930900
2026-02-25,CLSK,10.45,21577800
2026-02-26,CLSK,10.44,18948800
2026-02-27,CLSK,9.95,16570000
2026-03-02,CLSK,10.55,19430500
2026-03-03,CLSK,9.89,18109900
2026-03-04,CLSK,10.66,21604800
2026-03-05,CLSK,9.95,18248400
2026-03-06,CLSK,9.21,16201800
2026-03-09,CLSK,9.61,16346100
2026-03-10,CLSK,9.63,14982100
2026-03-11,CLSK,9.81,15643800
2026-03-12,CLSK,9.55,13954100
2026-03-13,CLSK,9.76,23592100
2026-03-16,CLSK,10.02,19557100
2026-03-17,CLSK,10.11,17497500
2026-03-18,CLSK,9.88,16472200
2026-03-19,CLSK,9.83,16884500
2026-03-20,CLSK,9.4,25595200
2026-03-23,CLSK,9.98,24168400
2026-03-24,CLSK,9.58,18712900
2026-03-25,CLSK,9.96,24787600
2026-03-26,CLSK,9.3,16137300
2026-03-27,CLSK,8.66,18394700
2026-03-30,CLSK,8.18,19413700
2026-03-31,CLSK,8.51,20276300
2026-04-01,CLSK,8.62,16645500
2026-04-02,CLSK,8.79,17574700
2026-04-06,CLSK,9.1,17442200
2026-04-07,CLSK,9.06,16543500
2026-04-08,CLSK,9.88,27049400
2026-04-09,CLSK,10.2,22935300
2026-04-10,CLSK,10.02,16922300
2026-04-13,CLSK,10.76,21642600
2026-04-14,CLSK,11.27,23371900
2026-04-15,CLSK,11.26,16731700
2026-04-16,CLSK,11.42,16932400
2026-04-17,CLSK,11.97,27916000
2026-04-20,CLSK,12.05,18595000
2026-04-21,CLSK,11.51,16383400
2026-04-22,CLSK,12.21,22230100
2026-04-23,CLSK,12.23,21278900
2026-04-24,CLSK,12.76,26980700
2026-04-27,CLSK,12.25,20401800
2026-04-28,CLSK,11.79,13560100
2026-04-29,CLSK,11.37,15647700
2026-04-30,CLSK,12.53,26629700
2026-05-01,CLSK,12.17,16407800
2026-05-04,CLSK,12.82,21658200
2026-05-05,CLSK,13.41,16912400
2026-05-06,CLSK,14.5,27147100
2026-05-07,CLSK,13.98,19788600
2026-05-08,CLSK,14.2,15906800
2026-05-11,CLSK,14.3,30223100
2026-05-12,CLSK,13.47,31821640
2026-02-02,CNH,10.96,8175000
2026-02-03,CNH,11.22,10454000
2026-02-04,CNH,11.96,20978600
2026-02-05,CNH,11.93,14982700
2026-02-06,CNH,12.36,12794900
2026-02-09,CNH,12.37,8538611
2026-02-10,CNH,12.39,12803640
2026-02-11,CNH,12.8,17218279
2026-02-12,CNH,12.69,22198300
2026-02-13,CNH,12.75,20597400
2026-02-17,CNH,13.09,26783400
2026-02-18,CNH,12.67,21769800
2026-02-19,CNH,12.98,20436000
2026-02-20,CNH,13.06,18245400
2026-02-23,CNH,12.73,10731800
2026-02-24,CNH,12.75,11276400
2026-02-25,CNH,12.35,12470800
2026-02-26,CNH,12.15,14860800
2026-02-27,CNH,12.3,12556700
2026-03-02,CNH,12.33,10633400
2026-03-03,CNH,12.06,11418900
2026-03-04,CNH,11.9,7959600
2026-03-05,CNH,11.4,13503600
2026-03-06,CNH,11.15,11505100
2026-03-09,CNH,11.14,14939190
2026-03-10,CNH,11.03,13753860
2026-03-11,CNH,10.98,13007600
2026-03-12,CNH,10.75,12781200
2026-03-13,CNH,10.65,15649500
2026-03-16,CNH,10.52,11458100
2026-03-17,CNH,10.62,9313300
2026-03-18,CNH,10.12,10942800
2026-03-19,CNH,10.08,14166800
2026-03-20,CNH,9.94,27703000
2026-03-23,CNH,10.45,23321500
2026-03-24,CNH,10.74,27632900
2026-03-25,CNH,11.16,31162700
2026-03-26,CNH,10.96,22899400
2026-03-27,CNH,10.72,26129400
2026-03-30,CNH,10.4,19174100
2026-03-31,CNH,11.0,25998800
2026-04-01,CNH,11.02,17740400
2026-04-02,CNH,10.65,15304600
2026-04-06,CNH,10.73,11459900
2026-04-07,CNH,10.7,12375500
2026-04-08,CNH,11.43,19352300
2026-04-09,CNH,11.63,16333300
2026-04-10,CNH,11.57,9416300
2026-04-13,CNH,11.58,9255000
2026-04-14,CNH,11.49,18689700
2026-04-15,CNH,10.64,21546600
2026-04-16,CNH,10.41,19988000
2026-04-17,CNH,10.59,19513400
2026-04-20,CNH,10.84,11702300
2026-04-21,CNH,10.79,14824000
2026-04-22,CNH,10.47,10718300
2026-04-23,CNH,10.5,12380500
2026-04-24,CNH,10.25,13750800
2026-04-27,CNH,10.25,13813600
2026-04-28,CNH,10.04,15811200
2026-04-29,CNH,10.08,22226200
2026-04-30,CNH,10.71,29728500
2026-05-01,CNH,10.48,13586800
2026-05-04,CNH,10.22,16164000
2026-05-05,CNH,10.32,14865900
2026-05-06,CNH,10.82,15591400
2026-05-07,CNH,10.84,18322100
2026-05-08,CNH,10.96,18658700
2026-05-11,CNH,10.97,14421500
2026-05-12,CNH,10.74,12792686
2026-02-02,COHR,222.44,5212000
2026-02-03,COHR,229.18,6938800
2026-02-04,COHR,211.0,13363100
2026-02-05,COHR,209.24,12867100
2026-02-06,COHR,227.68,6589900
2026-02-09,COHR,242.46,5940600
2026-02-10,COHR,228.37,7514100
2026-02-11,COHR,223.69,5608400
2026-02-12,COHR,216.1,6733700
2026-02-13,COHR,217.23,4052200
2026-02-17,COHR,219.96,4616600
2026-02-18,COHR,223.89,3227100
2026-02-19,COHR,232.48,4084700
2026-02-20,COHR,248.18,6285900
2026-02-23,COHR,248.89,4712700
2026-02-24,COHR,254.86,4618900
2026-02-25,COHR,267.9,7096800
2026-02-26,COHR,250.14,7894000
2026-02-27,COHR,258.93,15226100
2026-03-02,COHR,298.91,10243400
2026-03-03,COHR,280.81,8099500
2026-03-04,COHR,274.86,10520100
2026-03-05,COHR,253.87,8812300
2026-03-06,COHR,235.72,8055900
2026-03-09,COHR,252.32,10589700
2026-03-10,COHR,260.64,7866100
2026-03-11,COHR,251.41,6806900
2026-03-12,COHR,241.27,5718800
2026-03-13,COHR,242.76,3932600
2026-03-16,COHR,247.37,6165200
2026-03-17,COHR,245.8,7599900
2026-03-18,COHR,257.21,9952700
2026-03-19,COHR,275.57,9382800
2026-03-20,COHR,253.63,51484800
2026-03-23,COHR,255.05,9205200
2026-03-24,COHR,272.33,9338800
2026-03-25,COHR,272.04,5314100
2026-03-26,COHR,243.29,6390900
2026-03-27,COHR,243.48,5433500
2026-03-30,COHR,219.65,8235200
2026-03-31,COHR,238.21,6152000
2026-04-01,COHR,247.8,6927800
2026-04-02,COHR,258.16,5188100
2026-04-06,COHR,253.22,3772200
2026-04-07,COHR,255.1,4027500
2026-04-08,COHR,281.79,7230100
2026-04-09,COHR,284.17,6374700
2026-04-10,COHR,307.5,7969000
2026-04-13,COHR,307.93,4516800
2026-04-14,COHR,313.42,4500100
2026-04-15,COHR,308.2,4953400
2026-04-16,COHR,328.0,6805400
2026-04-17,COHR,345.02,5628900
2026-04-20,COHR,347.51,3872500
2026-04-21,COHR,343.79,5115900
2026-04-22,COHR,350.47,5202300
2026-04-23,COHR,337.68,6064200
2026-04-24,COHR,336.09,5294900
2026-04-27,COHR,321.53,6217500
2026-04-28,COHR,303.97,6393400
2026-04-29,COHR,304.93,6884400
2026-04-30,COHR,319.71,6165400
2026-05-01,COHR,329.5,4620100
2026-05-04,COHR,329.89,6539000
2026-05-05,COHR,335.73,5601200
2026-05-06,COHR,344.67,9720600
2026-05-07,COHR,319.19,12673300
2026-05-08,COHR,335.26,7901600
2026-05-11,COHR,379.69,9856100
2026-05-12,COHR,374.01,5964230
2026-02-02,COIN,187.86,12288660
2026-02-03,COIN,179.66,12610290
2026-02-04,COIN,168.62,16627609
2026-02-05,COIN,146.12,29610520
2026-02-06,COIN,165.12,19776131
2026-02-09,COIN,167.25,10618460
2026-02-10,COIN,162.51,8835243
2026-02-11,COIN,153.2,13923800
2026-02-12,COIN,141.09,19986070
2026-02-13,COIN,164.32,32410119
2026-02-17,COIN,166.02,16770600
2026-02-18,COIN,164.05,13792200
2026-02-19,COIN,165.94,8001700
2026-02-20,COIN,171.35,13692200
2026-02-23,COIN,160.24,12685500
2026-02-24,COIN,162.03,10442900
2026-02-25,COIN,183.94,23793900
2026-02-26,COIN,181.06,12746600
2026-02-27,COIN,175.85,11427900
2026-03-02,COIN,185.24,12306800
2026-03-03,COIN,182.36,12828800
2026-03-04,COIN,208.93,27200300
2026-03-05,COIN,205.71,15036600
2026-03-06,COIN,197.22,11504900
2026-03-09,COIN,199.79,12064580
2026-03-10,COIN,196.52,10846080
2026-03-11,COIN,198.63,9531700
2026-03-12,COIN,193.23,7967100
2026-03-13,COIN,195.53,12137100
2026-03-16,COIN,203.32,13054000
2026-03-17,COIN,210.23,11948000
2026-03-18,COIN,202.29,12602200
2026-03-19,COIN,202.91,9273000
2026-03-20,COIN,197.5,13305100
2026-03-23,COIN,200.62,12466500
2026-03-24,COIN,181.04,20833000
2026-03-25,COIN,181.1,10432500
2026-03-26,COIN,173.38,9402600
2026-03-27,COIN,161.14,12289900
2026-03-30,COIN,160.79,11775200
2026-03-31,COIN,174.61,12665100
2026-04-01,COIN,172.99,8828600
2026-04-02,COIN,171.46,8869300
2026-04-06,COIN,174.79,7125200
2026-04-07,COIN,175.18,7653100
2026-04-08,COIN,175.09,9802400
2026-04-09,COIN,169.02,10754900
2026-04-10,COIN,167.85,7922400
2026-04-13,COIN,174.53,7481100
2026-04-14,COIN,184.41,10884800
2026-04-15,COIN,195.9,11817400
2026-04-16,COIN,199.83,11235800
2026-04-17,COIN,206.33,15670400
2026-04-20,COIN,211.63,9967500
2026-04-21,COIN,195.95,15121100
2026-04-22,COIN,206.24,12096800
2026-04-23,COIN,197.93,8778500
2026-04-24,COIN,199.77,5799100
2026-04-27,COIN,196.68,7855600
2026-04-28,COIN,194.1,6316100
2026-04-29,COIN,181.73,12609600
2026-04-30,COIN,187.77,7786700
2026-05-01,COIN,191.25,6771100
2026-05-04,COIN,202.99,11243400
2026-05-05,COIN,197.75,10074200
2026-05-06,COIN,197.96,7764900
2026-05-07,COIN,192.96,9158100
2026-05-08,COIN,201.16,12909400
2026-05-11,COIN,216.6,13659300
2026-05-12,COIN,207.64,9284223
2026-02-02,COPX,85.2,6741900
2026-02-03,COPX,90.76,8428500
2026-02-04,COPX,86.61,8498900
2026-02-05,COPX,81.31,9581200
2026-02-06,COPX,84.68,5515900
2026-02-09,COPX,89.03,4473400
2026-02-10,COPX,88.23,2321700
2026-02-11,COPX,90.12,5597500
2026-02-12,COPX,87.15,4338000
2026-02-13,COPX,87.94,3538300
2026-02-17,COPX,84.78,4051400
2026-02-18,COPX,86.66,3317000
2026-02-19,COPX,86.12,5685700
2026-02-20,COPX,89.09,4001000
2026-02-23,COPX,90.85,4701900
2026-02-24,COPX,93.37,5832600
2026-02-25,COPX,95.06,5975500
2026-02-26,COPX,94.45,6070700
2026-02-27,COPX,95.7,5134700
2026-03-02,COPX,93.6,3727200
2026-03-03,COPX,87.02,8541200
2026-03-04,COPX,88.16,2533300
2026-03-05,COPX,82.3,6996700
2026-03-06,COPX,79.95,8377100
2026-03-09,COPX,82.24,7219922
2026-03-10,COPX,83.06,5096728
2026-03-11,COPX,82.29,3317200
2026-03-12,COPX,79.74,2832400
2026-03-13,COPX,76.39,4238600
2026-03-16,COPX,78.66,4793600
2026-03-17,COPX,77.91,2205900
2026-03-18,COPX,74.93,6505900
2026-03-19,COPX,72.38,7091900
2026-03-20,COPX,69.08,5274500
2026-03-23,COPX,73.55,8727900
2026-03-24,COPX,73.0,4286000
2026-03-25,COPX,75.64,4079300
2026-03-26,COPX,70.89,4774000
2026-03-27,COPX,71.61,4436400
2026-03-30,COPX,70.75,3301200
2026-03-31,COPX,76.35,5228000
2026-04-01,COPX,78.15,6566800
2026-04-02,COPX,76.86,3108000
2026-04-06,COPX,76.72,1368500
2026-04-07,COPX,76.74,1657000
2026-04-08,COPX,82.03,5526900
2026-04-09,COPX,81.56,4756000
2026-04-10,COPX,83.52,4014200
2026-04-13,COPX,84.87,2217200
2026-04-14,COPX,86.43,2907700
2026-04-15,COPX,86.08,1902700
2026-04-16,COPX,86.21,1573700
2026-04-17,COPX,87.19,2650400
2026-04-20,COPX,86.25,1956600
2026-04-21,COPX,81.47,6985700
2026-04-22,COPX,84.9,2810500
2026-04-23,COPX,82.46,2910500
2026-04-24,COPX,82.37,2513100
2026-04-27,COPX,81.7,2401700
2026-04-28,COPX,78.69,5734700
2026-04-29,COPX,77.73,3027100
2026-04-30,COPX,79.61,3377900
2026-05-01,COPX,79.05,1542600
2026-05-04,COPX,76.65,5167800
2026-05-05,COPX,78.21,2344800
2026-05-06,COPX,83.57,5764400
2026-05-07,COPX,82.61,4670400
2026-05-08,COPX,85.97,3708600
2026-05-11,COPX,87.59,6562000
2026-05-12,COPX,90.77,10429907
2026-02-02,CORZ,17.87,10561800
2026-02-03,CORZ,17.74,10278500
2026-02-04,CORZ,16.15,14239200
2026-02-05,CORZ,14.815,16998600
2026-02-06,CORZ,16.81,18191400
2026-02-09,CORZ,18.55,16096300
2026-02-10,CORZ,18.13,8953600
2026-02-11,CORZ,18.09,6640300
2026-02-12,CORZ,17.48,8151100
2026-02-13,CORZ,17.84,8246300
2026-02-17,CORZ,17.23,9172400
2026-02-18,CORZ,17.27,5127400
2026-02-19,CORZ,17.98,13207400
2026-02-20,CORZ,17.3,11327600
2026-02-23,CORZ,16.89,10722700
2026-02-24,CORZ,17.87,13555200
2026-02-25,CORZ,18.08,8228700
2026-02-26,CORZ,17.98,8818800
2026-02-27,CORZ,16.97,13994200
2026-03-02,CORZ,16.49,15239600
2026-03-03,CORZ,15.3,26070600
2026-03-04,CORZ,15.84,10622200
2026-03-05,CORZ,16.0,12330600
2026-03-06,CORZ,14.86,13852600
2026-03-09,CORZ,15.16,12647190
2026-03-10,CORZ,15.46,13723640
2026-03-11,CORZ,16.54,18546200
2026-03-12,CORZ,16.24,17107900
2026-03-13,CORZ,16.49,10208200
2026-03-16,CORZ,16.97,8642033
2026-03-17,CORZ,16.42,9008698
2026-03-18,CORZ,16.35,8780800
2026-03-19,CORZ,16.48,13662500
2026-03-20,CORZ,15.81,11538600
2026-03-23,CORZ,16.58,10620100
2026-03-24,CORZ,16.85,8445700
2026-03-25,CORZ,17.05,9974400
2026-03-26,CORZ,15.79,7992900
2026-03-27,CORZ,15.07,7915600
2026-03-30,CORZ,13.91,15177500
2026-03-31,CORZ,14.96,13729900
2026-04-01,CORZ,15.3,10429900
2026-04-02,CORZ,16.23,12024100
2026-04-06,CORZ,16.29,7917300
2026-04-07,CORZ,16.83,9232700
2026-04-08,CORZ,17.66,14660400
2026-04-09,CORZ,17.98,12754900
2026-04-10,CORZ,18.32,16460000
2026-04-13,CORZ,18.71,11178200
2026-04-14,CORZ,18.68,15754600
2026-04-15,CORZ,19.08,9737700
2026-04-16,CORZ,19.44,10146500
2026-04-17,CORZ,19.85,12888000
2026-04-20,CORZ,19.87,11880300
2026-04-21,CORZ,20.77,24343000
2026-04-22,CORZ,21.19,15278200
2026-04-23,CORZ,20.81,16756800
2026-04-24,CORZ,20.88,15017000
2026-04-27,CORZ,21.1,18987200
2026-04-28,CORZ,20.02,14935300
2026-04-29,CORZ,19.56,11465400
2026-04-30,CORZ,20.0,15635400
2026-05-01,CORZ,20.35,11677200
2026-05-04,CORZ,21.1,16227600
2026-05-05,CORZ,22.19,14009700
2026-05-06,CORZ,24.63,39394500
2026-05-07,CORZ,22.36,37216800
2026-05-08,CORZ,22.92,14830900
2026-05-11,CORZ,22.95,13994400
2026-05-12,CORZ,22.79,9883665
2026-02-02,COST,966.9569,2451300
2026-02-03,COST,976.503,2960700
2026-02-04,COST,976.9324,2631500
2026-02-05,COST,987.8566,2988800
2026-02-06,COST,999.7094,2358600
2026-02-09,COST,996.1445,1861700
2026-02-10,COST,969.8227,1781500
2026-02-11,COST,976.7227,1769400
2026-02-12,COST,997.4127,2970400
2026-02-13,COST,1017.0043,2661600
2026-02-17,COST,1010.5836,1732200
2026-02-18,COST,994.6367,1926800
2026-02-19,COST,986.3887,1750000
2026-02-20,COST,983.8424,1662200
2026-02-23,COST,984.5913,1489300
2026-02-24,COST,996.9833,1671100
2026-02-25,COST,993.3186,1554600
2026-02-26,COST,985.3103,1804400
2026-02-27,COST,1009.3254,3935000
2026-03-02,COST,1001.317,1986900
2026-03-03,COST,1006.3098,1947100
2026-03-04,COST,1005.2813,1806600
2026-03-05,COST,981.1463,2766000
2026-03-06,COST,996.6538,2708900
2026-03-09,COST,1003.8434,2348200
2026-03-10,COST,995.9149,1613400
2026-03-11,COST,990.7923,1260500
2026-03-12,COST,1001.8662,1669200
2026-03-13,COST,1006.9688,1469700
2026-03-16,COST,1000.2885,1243400
2026-03-17,COST,994.7166,1210400
2026-03-18,COST,978.5001,1434400
2026-03-19,COST,973.3676,1340200
2026-03-20,COST,970.9211,2621600
2026-03-23,COST,964.3307,1779100
2026-03-24,COST,972.409,1259300
2026-03-25,COST,973.4475,1067100
2026-03-26,COST,978.2305,1498300
2026-03-27,COST,982.4344,1540900
2026-03-30,COST,995.136,2129100
2026-03-31,COST,994.9862,2447900
2026-04-01,COST,995.116,1769800
2026-04-02,COST,1013.4894,1828600
2026-04-06,COST,1017.0742,1448600
2026-04-07,COST,1011.7419,1428500
2026-04-08,COST,1028.7772,2265700
2026-04-09,COST,1030.5346,1433300
2026-04-10,COST,997.0233,2333000
2026-04-13,COST,979.4288,2255500
2026-04-14,COST,973.3876,2136500
2026-04-15,COST,983.3231,2346200
2026-04-16,COST,985.7796,1484300
2026-04-17,COST,998.4412,2346500
2026-04-20,COST,996.3942,1475400
2026-04-21,COST,1004.3526,1367100
2026-04-22,COST,1002.2457,1215200
2026-04-23,COST,1012.9102,1570700
2026-04-24,COST,1009.6849,1695200
2026-04-27,COST,996.5639,1620400
2026-04-28,COST,992.5597,1776000
2026-04-29,COST,997.223,1516900
2026-04-30,COST,1013.06,2049300
2026-05-01,COST,1011.7,1509700
2026-05-04,COST,1012.79,1479400
2026-05-05,COST,1016.42,1456300
2026-05-06,COST,995.75,2619100
2026-05-07,COST,1012.06,2014000
2026-05-08,COST,1008.79,1805200
2026-05-11,COST,999.47,2053500
2026-05-12,COST,1021.88,2110394
2026-02-02,CRM,210.2841,7950900
2026-02-03,CRM,195.8901,20194200
2026-02-04,CRM,198.9424,23010000
2026-02-05,CRM,189.4961,21956300
2026-02-06,CRM,190.8726,13652600
2026-02-09,CRM,193.5459,12112000
2026-02-10,CRM,192.9674,13393000
2026-02-11,CRM,184.5385,16350200
2026-02-12,CRM,184.9674,16849100
2026-02-13,CRM,189.2467,14822900
2026-02-17,CRM,183.8302,13692900
2026-02-18,CRM,187.3215,9852900
2026-02-19,CRM,184.8277,9565100
2026-02-20,CRM,184.6981,10816200
2026-02-23,CRM,177.7155,15498600
2026-02-24,CRM,184.9574,15564700
2026-02-25,CRM,191.2716,21875100
2026-02-26,CRM,198.9724,26680500
2026-02-27,CRM,194.304,16346500
2026-03-02,CRM,192.4686,9932700
2026-03-03,CRM,195.5609,13208900
2026-03-04,CRM,192.5983,11583700
2026-03-05,CRM,200.8876,15860900
2026-03-06,CRM,201.6058,9657400
2026-03-09,CRM,198.2941,10754800
2026-03-10,CRM,194.4237,14467400
2026-03-11,CRM,193.6457,9580000
2026-03-12,CRM,198.7828,26309700
2026-03-13,CRM,192.3489,14834700
2026-03-16,CRM,197.8452,13419600
2026-03-17,CRM,194.8227,11559300
2026-03-18,CRM,193.8552,10525100
2026-03-19,CRM,194.5035,9254300
2026-03-20,CRM,194.8926,20201100
2026-03-23,CRM,194.6931,13976200
2026-03-24,CRM,182.5634,18631400
2026-03-25,CRM,181.5061,12565200
2026-03-26,CRM,185.1769,10330700
2026-03-27,CRM,178.8627,9902000
2026-03-30,CRM,184.5684,11617700
2026-03-31,CRM,186.2043,11041400
2026-04-01,CRM,185.7754,11677700
2026-04-02,CRM,186.713,11635500
2026-04-06,CRM,184.5684,14391000
2026-04-07,CRM,182.5036,12344600
2026-04-08,CRM,175.93,13472100
2026-04-09,CRM,170.85,20855400
2026-04-10,CRM,164.96,18109300
2026-04-13,CRM,172.82,12390800
2026-04-14,CRM,171.31,13123600
2026-04-15,CRM,177.6,14340300
2026-04-16,CRM,181.22,11866700
2026-04-17,CRM,182.14,17225700
2026-04-20,CRM,186.27,14382300
2026-04-21,CRM,187.11,12073700
2026-04-22,CRM,189.8,14565900
2026-04-23,CRM,173.3,22719900
2026-04-24,CRM,178.16,10817600
2026-04-27,CRM,180.18,11907000
2026-04-28,CRM,181.32,8711700
2026-04-29,CRM,181.22,6882800
2026-04-30,CRM,176.53,14408300
2026-05-01,CRM,183.82,12324400
2026-05-04,CRM,185.48,8444700
2026-05-05,CRM,186.99,9740800
2026-05-06,CRM,181.19,11303400
2026-05-07,CRM,186.34,13955100
2026-05-08,CRM,181.82,15123900
2026-05-11,CRM,177.49,11145000
2026-05-12,CRM,171.31,10212215
2026-02-02,CRON,2.51,2701832
2026-02-03,CRON,2.57,1794511
2026-02-04,CRON,2.58,1052405
2026-02-05,CRON,2.56,1674382
2026-02-06,CRON,2.64,936678
2026-02-09,CRON,2.62,717317
2026-02-10,CRON,2.66,966541
2026-02-11,CRON,2.61,806356
2026-02-12,CRON,2.57,792660
2026-02-13,CRON,2.6,747112
2026-02-17,CRON,2.65,803025
2026-02-18,CRON,2.67,808324
2026-02-19,CRON,2.7,1331342
2026-02-20,CRON,2.7,1209199
2026-02-23,CRON,2.64,982080
2026-02-24,CRON,2.74,1034049
2026-02-25,CRON,2.77,1204943
2026-02-26,CRON,2.67,2623481
2026-02-27,CRON,2.67,1996933
2026-03-02,CRON,2.63,1036898
2026-03-03,CRON,2.6,1123100
2026-03-04,CRON,2.62,722174
2026-03-05,CRON,2.57,1127272
2026-03-06,CRON,2.57,1561212
2026-03-09,CRON,2.52,1651408
2026-03-10,CRON,2.52,946849
2026-03-11,CRON,2.56,584693
2026-03-12,CRON,2.49,946166
2026-03-13,CRON,2.5,1224914
2026-03-16,CRON,2.54,724872
2026-03-17,CRON,2.59,1175318
2026-03-18,CRON,2.54,808379
2026-03-19,CRON,2.46,1189440
2026-03-20,CRON,2.39,1083857
2026-03-23,CRON,2.52,1036800
2026-03-24,CRON,2.58,1491132
2026-03-25,CRON,2.62,800508
2026-03-26,CRON,2.52,908669
2026-03-27,CRON,2.5,779093
2026-03-30,CRON,2.44,1003100
2026-03-31,CRON,2.51,656900
2026-04-01,CRON,2.51,816400
2026-04-02,CRON,2.53,640300
2026-04-06,CRON,2.58,1014100
2026-04-07,CRON,2.52,675600
2026-04-08,CRON,2.53,654200
2026-04-09,CRON,2.55,893100
2026-04-10,CRON,2.58,540600
2026-04-13,CRON,2.57,760965
2026-04-14,CRON,2.57,1035509
2026-04-15,CRON,2.72,1664100
2026-04-16,CRON,2.68,1196900
2026-04-17,CRON,2.69,944500
2026-04-20,CRON,2.76,1217300
2026-04-21,CRON,2.73,1463500
2026-04-22,CRON,2.8,15383200
2026-04-23,CRON,2.6,5301100
2026-04-24,CRON,2.68,1778700
2026-04-27,CRON,2.7,1296700
2026-04-28,CRON,2.65,779300
2026-04-29,CRON,2.58,912600
2026-04-30,CRON,2.67,784200
2026-05-01,CRON,2.64,873000
2026-05-04,CRON,2.65,1160500
2026-05-05,CRON,2.63,1073500
2026-05-06,CRON,2.62,983300
2026-05-07,CRON,2.57,1291200
2026-05-08,CRON,2.54,1215600
2026-05-11,CRON,2.75,4655800
2026-05-12,CRON,2.77,1767100
2026-02-02,CRSP,51.31,1714800
2026-02-03,CRSP,52.0,1386400
2026-02-04,CRSP,50.17,1856900
2026-02-05,CRSP,45.88,2627300
2026-02-06,CRSP,48.74,1669500
2026-02-09,CRSP,49.7,1409300
2026-02-10,CRSP,48.83,1312900
2026-02-11,CRSP,48.32,1337300
2026-02-12,CRSP,48.93,1532600
2026-02-13,CRSP,53.07,2465700
2026-02-17,CRSP,53.17,1688100
2026-02-18,CRSP,53.52,1233200
2026-02-19,CRSP,54.64,984200
2026-02-20,CRSP,53.46,1297500
2026-02-23,CRSP,53.98,1280700
2026-02-24,CRSP,56.77,1690100
2026-02-25,CRSP,55.2,1223100
2026-02-26,CRSP,61.74,3663300
2026-02-27,CRSP,60.14,1690600
2026-03-02,CRSP,60.77,1332800
2026-03-03,CRSP,58.06,1470500
2026-03-04,CRSP,60.0,1174000
2026-03-05,CRSP,57.33,1541100
2026-03-06,CRSP,56.5,1167900
2026-03-09,CRSP,58.78,1261700
2026-03-10,CRSP,52.8,9434600
2026-03-11,CRSP,49.93,6326400
2026-03-12,CRSP,48.87,3290000
2026-03-13,CRSP,48.75,1972800
2026-03-16,CRSP,48.42,2258100
2026-03-17,CRSP,50.09,1874100
2026-03-18,CRSP,47.69,1476100
2026-03-19,CRSP,46.95,2235900
2026-03-20,CRSP,46.24,2561300
2026-03-23,CRSP,46.88,1443300
2026-03-24,CRSP,46.43,1185300
2026-03-25,CRSP,47.09,1081200
2026-03-26,CRSP,47.55,1263100
2026-03-27,CRSP,45.75,1594400
2026-03-30,CRSP,44.34,1617600
2026-03-31,CRSP,47.57,2167700
2026-04-01,CRSP,48.81,1310100
2026-04-02,CRSP,49.51,1727900
2026-04-06,CRSP,49.15,1145500
2026-04-07,CRSP,49.7,1319500
2026-04-08,CRSP,51.76,1723500
2026-04-09,CRSP,51.72,1100100
2026-04-10,CRSP,51.22,871400
2026-04-13,CRSP,54.83,1843800
2026-04-14,CRSP,56.86,2103900
2026-04-15,CRSP,56.76,1982300
2026-04-16,CRSP,55.72,1713600
2026-04-17,CRSP,57.99,1801500
2026-04-20,CRSP,57.69,1263800
2026-04-21,CRSP,55.54,2249700
2026-04-22,CRSP,56.42,1427300
2026-04-23,CRSP,55.18,1521100
2026-04-24,CRSP,48.785,3851300
2026-04-27,CRSP,50.99,2933200
2026-04-28,CRSP,52.06,1570500
2026-04-29,CRSP,50.71,1539800
2026-04-30,CRSP,52.34,1300100
2026-05-01,CRSP,51.63,1035700
2026-05-04,CRSP,53.58,1711800
2026-05-05,CRSP,52.38,3102100
2026-05-06,CRSP,55.08,2529800
2026-05-07,CRSP,52.42,1518900
2026-05-08,CRSP,54.83,1733500
2026-05-11,CRSP,54.01,1317800
2026-05-12,CRSP,52.83,969787
2026-02-02,CRWD,438.85,2073700
2026-02-03,CRWD,421.73,3834900
2026-02-04,CRWD,415.36,4733000
2026-02-05,CRWD,377.16,6053200
2026-02-06,CRWD,395.5,4943000
2026-02-09,CRWD,408.04,2825900
2026-02-10,CRWD,413.39,3121400
2026-02-11,CRWD,415.81,2470900
2026-02-12,CRWD,411.54,3502500
2026-02-13,CRWD,429.64,3536700
2026-02-17,CRWD,414.285,4428100
2026-02-18,CRWD,415.76,2752700
2026-02-19,CRWD,422.14,2000400
2026-02-20,CRWD,388.6,8360800
2026-02-23,CRWD,350.33,15076300
2026-02-24,CRWD,350.25,7138700
2026-02-25,CRWD,363.31,5697900
2026-02-26,CRWD,381.1,6199800
2026-02-27,CRWD,371.98,5125800
2026-03-02,CRWD,384.86,3771500
2026-03-03,CRWD,391.42,7713200
2026-03-04,CRWD,407.68,8352500
2026-03-05,CRWD,426.16,5946200
2026-03-06,CRWD,428.99,4604200
2026-03-09,CRWD,434.13,3850353
2026-03-10,CRWD,436.33,3316809
2026-03-11,CRWD,442.03,2905500
2026-03-12,CRWD,441.54,2360000
2026-03-13,CRWD,441.78,2227100
2026-03-16,CRWD,423.84,3666400
2026-03-17,CRWD,433.2,2931500
2026-03-18,CRWD,435.81,2799100
2026-03-19,CRWD,428.18,2359800
2026-03-20,CRWD,409.0,9111500
2026-03-23,CRWD,413.31,3603300
2026-03-24,CRWD,392.99,3636300
2026-03-25,CRWD,385.86,3128700
2026-03-26,CRWD,392.62,2458700
2026-03-27,CRWD,369.58,6032000
2026-03-30,CRWD,380.06,4381651
2026-03-31,CRWD,390.41,2976601
2026-04-01,CRWD,393.31,2118900
2026-04-02,CRWD,399.12,1990100
2026-04-06,CRWD,398.61,1595700
2026-04-07,CRWD,423.23,4626800
2026-04-08,CRWD,426.51,4727200
2026-04-09,CRWD,394.68,5420500
2026-04-10,CRWD,379.02,8939000
2026-04-13,CRWD,402.24,4166500
2026-04-14,CRWD,398.49,3187000
2026-04-15,CRWD,411.16,3108100
2026-04-16,CRWD,418.2,2991100
2026-04-17,CRWD,423.95,2906300
2026-04-20,CRWD,433.15,2885100
2026-04-21,CRWD,449.61,3671100
2026-04-22,CRWD,466.68,2892400
2026-04-23,CRWD,445.39,3225500
2026-04-24,CRWD,448.13,2271700
2026-04-27,CRWD,454.61,2297100
2026-04-28,CRWD,454.99,1872900
2026-04-29,CRWD,452.38,1914800
2026-04-30,CRWD,445.75,2442700
2026-05-01,CRWD,455.64,1522000
2026-05-04,CRWD,469.24,2183600
2026-05-05,CRWD,476.53,2225000
2026-05-06,CRWD,468.07,2198900
2026-05-07,CRWD,505.72,5114500
2026-05-08,CRWD,527.77,4041200
2026-05-11,CRWD,542.26,2793300
2026-05-12,CRWD,546.18,3501027
2026-02-02,CSCO,80.2054,28238600
2026-02-03,CSCO,82.6621,34962100
2026-02-04,CSCO,80.7226,39765700
2026-02-05,CSCO,81.9161,24236500
2026-02-06,CSCO,84.3629,23936600
2026-02-09,CSCO,86.3123,22908400
2026-02-10,CSCO,85.8249,32113800
2026-02-11,CSCO,85.079,34455800
2026-02-12,CSCO,74.5958,68098600
2026-02-13,CSCO,76.4358,42886400
2026-02-17,CSCO,76.4358,24792700
2026-02-18,CSCO,77.7587,20648800
2026-02-19,CSCO,78.1366,18443200
2026-02-20,CSCO,78.7732,29461600
2026-02-23,CSCO,77.321,24485900
2026-02-24,CSCO,77.7189,19485100
2026-02-25,CSCO,78.6936,22721800
2026-02-26,CSCO,77.6791,19608000
2026-02-27,CSCO,79.0318,27498000
2026-03-02,CSCO,78.992,18540400
2026-03-03,CSCO,78.5344,17521100
2026-03-04,CSCO,80.4342,20388100
2026-03-05,CSCO,79.5788,26844800
2026-03-06,CSCO,78.2162,20621200
2026-03-09,CSCO,75.7993,32855900
2026-03-10,CSCO,77.2812,24836000
2026-03-11,CSCO,77.6791,14719900
2026-03-12,CSCO,77.321,19969500
2026-03-13,CSCO,77.9078,19080400
2026-03-16,CSCO,78.4748,14715100
2026-03-17,CSCO,78.8428,16210500
2026-03-18,CSCO,77.1818,18827600
2026-03-19,CSCO,78.0869,17519600
2026-03-20,CSCO,77.2315,90380800
2026-03-23,CSCO,78.3952,20072200
2026-03-24,CSCO,80.4242,23528000
2026-03-25,CSCO,81.389,23146000
2026-03-26,CSCO,81.7172,26649600
2026-03-27,CSCO,79.4893,20557400
2026-03-30,CSCO,76.6248,24306300
2026-03-31,CSCO,77.1718,25105700
2026-04-01,CSCO,77.51,21309000
2026-04-02,CSCO,79.02,12634900
2026-04-06,CSCO,80.44,16388600
2026-04-07,CSCO,80.68,13428100
2026-04-08,CSCO,83.7,19621900
2026-04-09,CSCO,83.17,17611700
2026-04-10,CSCO,82.22,17571100
2026-04-13,CSCO,82.35,19997500
2026-04-14,CSCO,82.61,17856800
2026-04-15,CSCO,82.36,15066400
2026-04-16,CSCO,84.5,14609000
2026-04-17,CSCO,86.25,20321900
2026-04-20,CSCO,87.71,16695600
2026-04-21,CSCO,89.7,18653400
2026-04-22,CSCO,89.8,16986100
2026-04-23,CSCO,88.59,21156700
2026-04-24,CSCO,89.01,18969900
2026-04-27,CSCO,88.26,13810500
2026-04-28,CSCO,86.86,16889300
2026-04-29,CSCO,89.57,15427900
2026-04-30,CSCO,91.5,21686700
2026-05-01,CSCO,91.85,16095700
2026-05-04,CSCO,92.63,12684800
2026-05-05,CSCO,94.3,13456200
2026-05-06,CSCO,91.64,27026600
2026-05-07,CSCO,92.16,17062300
2026-05-08,CSCO,96.57,24652500
2026-05-11,CSCO,98.72,31852500
2026-05-12,CSCO,99.29,28783200
2026-02-02,CTVA,73.0355,3496600
2026-02-03,CTVA,74.8714,5662000
2026-02-04,CTVA,74.9512,7132800
2026-02-05,CTVA,72.3072,5733500
2026-02-06,CTVA,72.4369,4199200
2026-02-09,CTVA,73.4546,4262400
2026-02-10,CTVA,74.0533,3294500
2026-02-11,CTVA,75.1508,5684400
2026-02-12,CTVA,73.9435,4671000
2026-02-13,CTVA,74.8614,3500300
2026-02-17,CTVA,75.3803,3373500
2026-02-18,CTVA,76.4179,3040400
2026-02-19,CTVA,76.847,3716500
2026-02-20,CTVA,76.1386,5560900
2026-02-23,CTVA,76.2882,4076400
2026-02-24,CTVA,77.7948,3064200
2026-02-25,CTVA,77.4955,5502500
2026-02-26,CTVA,78.6429,3239200
2026-02-27,CTVA,79.94,5332100
2026-03-02,CTVA,80.52,4008800
2026-03-03,CTVA,78.93,4984400
2026-03-04,CTVA,78.0,4584600
2026-03-05,CTVA,76.59,3863600
2026-03-06,CTVA,76.96,3506800
2026-03-09,CTVA,78.3,3896288
2026-03-10,CTVA,76.31,3719843
2026-03-11,CTVA,78.63,3136000
2026-03-12,CTVA,79.75,3550300
2026-03-13,CTVA,79.21,5153000
2026-03-16,CTVA,79.04,3816200
2026-03-17,CTVA,80.05,3165200
2026-03-18,CTVA,79.34,3404300
2026-03-19,CTVA,78.07,4854400
2026-03-20,CTVA,77.33,9435800
2026-03-23,CTVA,77.76,5145300
2026-03-24,CTVA,80.58,4811500
2026-03-25,CTVA,82.03,3357600
2026-03-26,CTVA,82.73,3105500
2026-03-27,CTVA,81.99,4535600
2026-03-30,CTVA,82.95,5083200
2026-03-31,CTVA,83.71,5423200
2026-04-01,CTVA,83.81,5582100
2026-04-02,CTVA,85.46,3669600
2026-04-06,CTVA,84.25,3799600
2026-04-07,CTVA,85.33,2927300
2026-04-08,CTVA,83.96,5932500
2026-04-09,CTVA,83.56,3485800
2026-04-10,CTVA,83.83,1980800
2026-04-13,CTVA,83.51,2943000
2026-04-14,CTVA,82.95,3372600
2026-04-15,CTVA,81.32,3258800
2026-04-16,CTVA,81.16,3692800
2026-04-17,CTVA,80.34,4368400
2026-04-20,CTVA,80.29,3287200
2026-04-21,CTVA,80.35,2353900
2026-04-22,CTVA,79.35,2616700
2026-04-23,CTVA,79.63,2274300
2026-04-24,CTVA,79.8,2514200
2026-04-27,CTVA,79.42,2805000
2026-04-28,CTVA,78.94,2569000
2026-04-29,CTVA,79.37,2578100
2026-04-30,CTVA,81.01,3562400
2026-05-01,CTVA,80.85,3543100
2026-05-04,CTVA,81.69,3334600
2026-05-05,CTVA,83.9,5015500
2026-05-06,CTVA,81.77,5345100
2026-05-07,CTVA,79.07,6275000
2026-05-08,CTVA,81.13,4624200
2026-05-11,CTVA,82.83,4570700
2026-05-12,CTVA,82.59,2339502
2026-02-02,CWST,102.39,617295
2026-02-03,CWST,103.18,740679
2026-02-04,CWST,103.81,435621
2026-02-05,CWST,104.73,624050
2026-02-06,CWST,104.65,558422
2026-02-09,CWST,103.67,388380
2026-02-10,CWST,104.24,522057
2026-02-11,CWST,107.34,644924
2026-02-12,CWST,102.52,744106
2026-02-13,CWST,103.72,677643
2026-02-17,CWST,103.88,466900
2026-02-18,CWST,102.34,707000
2026-02-19,CWST,101.28,1004500
2026-02-20,CWST,95.46,1021800
2026-02-23,CWST,92.71,1589800
2026-02-24,CWST,91.87,848000
2026-02-25,CWST,89.09,1105300
2026-02-26,CWST,92.13,1720300
2026-02-27,CWST,93.16,782100
2026-03-02,CWST,91.92,706200
2026-03-03,CWST,91.64,949900
2026-03-04,CWST,93.55,935600
2026-03-05,CWST,97.48,1882800
2026-03-06,CWST,94.03,727200
2026-03-09,CWST,95.75,1176622
2026-03-10,CWST,89.17,916705
2026-03-11,CWST,88.23,1043500
2026-03-12,CWST,90.68,935500
2026-03-13,CWST,88.09,929500
2026-03-16,CWST,88.46,537200
2026-03-17,CWST,88.44,523700
2026-03-18,CWST,85.91,462200
2026-03-19,CWST,84.26,465400
2026-03-20,CWST,77.71,1712100
2026-03-23,CWST,78.01,927200
2026-03-24,CWST,76.06,883400
2026-03-25,CWST,76.43,813700
2026-03-26,CWST,76.62,504500
2026-03-27,CWST,74.97,848200
2026-03-30,CWST,78.38,983700
2026-03-31,CWST,79.34,959000
2026-04-01,CWST,81.54,897200
2026-04-02,CWST,87.18,1962400
2026-04-06,CWST,86.23,939200
2026-04-07,CWST,85.83,967700
2026-04-08,CWST,86.71,1006900
2026-04-09,CWST,86.77,559800
2026-04-10,CWST,86.98,744500
2026-04-13,CWST,84.89,600400
2026-04-14,CWST,83.44,575100
2026-04-15,CWST,81.54,505600
2026-04-16,CWST,82.09,458300
2026-04-17,CWST,81.22,911200
2026-04-20,CWST,79.54,758500
2026-04-21,CWST,77.96,1268500
2026-04-22,CWST,80.84,978200
2026-04-23,CWST,83.87,635100
2026-04-24,CWST,80.19,711800
2026-04-27,CWST,76.75,1064400
2026-04-28,CWST,77.75,1108000
2026-04-29,CWST,78.11,829800
2026-04-30,CWST,79.25,852800
2026-05-01,CWST,86.83,2383100
2026-05-04,CWST,86.4,1203200
2026-05-05,CWST,86.76,584200
2026-05-06,CWST,84.58,677100
2026-05-07,CWST,85.45,609100
2026-05-08,CWST,85.44,478600
2026-05-11,CWST,83.15,603600
2026-05-12,CWST,84.88,566476
2026-02-02,CXM,6.29,2873224
2026-02-03,CXM,5.94,3470145
2026-02-04,CXM,6.06,3770348
2026-02-05,CXM,5.95,3784303
2026-02-06,CXM,6.0,3576386
2026-02-09,CXM,5.82,1879404
2026-02-10,CXM,5.89,3537232
2026-02-11,CXM,5.68,2909768
2026-02-12,CXM,5.39,4413105
2026-02-13,CXM,5.49,3446571
2026-02-17,CXM,5.57,3984973
2026-02-18,CXM,5.57,1884903
2026-02-19,CXM,5.6,1505363
2026-02-20,CXM,5.59,2221273
2026-02-23,CXM,5.22,3193079
2026-02-24,CXM,5.29,2128893
2026-02-25,CXM,5.43,3373204
2026-02-26,CXM,5.78,3265560
2026-02-27,CXM,5.82,2862489
2026-03-02,CXM,5.77,2240312
2026-03-03,CXM,5.94,2736951
2026-03-04,CXM,5.94,1662408
2026-03-05,CXM,5.96,1786780
2026-03-06,CXM,5.95,1728118
2026-03-09,CXM,5.88,1799673
2026-03-10,CXM,5.62,2618751
2026-03-11,CXM,5.96,3609394
2026-03-12,CXM,5.88,2914601
2026-03-13,CXM,5.84,2408826
2026-03-16,CXM,5.74,18312881
2026-03-17,CXM,5.98,4233452
2026-03-18,CXM,5.95,3541342
2026-03-19,CXM,6.0,2904003
2026-03-20,CXM,5.88,4430687
2026-03-23,CXM,6.03,3700008
2026-03-24,CXM,5.78,2738648
2026-03-25,CXM,5.81,2494396
2026-03-26,CXM,5.96,2081791
2026-03-27,CXM,5.88,2391728
2026-03-30,CXM,5.94,2552811
2026-03-31,CXM,6.0,2614281
2026-04-01,CXM,5.98,2218875
2026-04-02,CXM,6.06,2321349
2026-04-06,CXM,6.1,1918019
2026-04-07,CXM,5.92,2204260
2026-04-08,CXM,5.65,4192800
2026-04-09,CXM,5.59,3463600
2026-04-10,CXM,5.4,3566732
2026-04-13,CXM,5.44,4520792
2026-04-14,CXM,5.33,3908123
2026-04-15,CXM,5.41,8461126
2026-04-16,CXM,5.62,5407184
2026-04-17,CXM,5.45,4427091
2026-04-20,CXM,5.33,8970077
2026-04-21,CXM,5.21,8894155
2026-04-22,CXM,5.24,9062435
2026-04-23,CXM,4.84,6645486
2026-04-24,CXM,5.02,4671549
2026-04-27,CXM,5.1,5106035
2026-04-28,CXM,5.07,4853137
2026-04-29,CXM,4.99,3895534
2026-04-30,CXM,4.92,4023342
2026-05-01,CXM,5.19,4036000
2026-05-04,CXM,5.38,4370312
2026-05-05,CXM,5.43,3245458
2026-05-06,CXM,5.25,4084568
2026-05-07,CXM,5.45,4612303
2026-05-08,CXM,5.33,3414532
2026-05-11,CXM,5.2,3141315
2026-05-12,CXM,5.06,4543256
2026-02-02,DAR,47.35,3399772
2026-02-03,DAR,47.86,2201489
2026-02-04,DAR,47.96,2238116
2026-02-05,DAR,47.23,1911133
2026-02-06,DAR,48.2,2116042
2026-02-09,DAR,48.4,1531026
2026-02-10,DAR,48.68,1825460
2026-02-11,DAR,49.62,3611567
2026-02-12,DAR,50.31,5658408
2026-02-13,DAR,50.96,4546686
2026-02-17,DAR,50.97,3579287
2026-02-18,DAR,51.67,3121683
2026-02-19,DAR,51.75,2178894
2026-02-20,DAR,51.6,2253034
2026-02-23,DAR,51.64,2707009
2026-02-24,DAR,52.68,2225037
2026-02-25,DAR,53.09,1635798
2026-02-26,DAR,52.95,1953579
2026-02-27,DAR,53.16,1938301
2026-03-02,DAR,54.2,1848550
2026-03-03,DAR,53.37,2051394
2026-03-04,DAR,53.32,1961303
2026-03-05,DAR,53.2,2753255
2026-03-06,DAR,52.91,3263083
2026-03-09,DAR,51.92,3273624
2026-03-10,DAR,52.6,3893443
2026-03-11,DAR,55.56,4777317
2026-03-12,DAR,56.33,4020964
2026-03-13,DAR,54.8,3097044
2026-03-16,DAR,55.21,4695690
2026-03-17,DAR,56.91,3469963
2026-03-18,DAR,56.75,3092592
2026-03-19,DAR,56.8,2593719
2026-03-20,DAR,55.14,3019545
2026-03-23,DAR,56.46,3260532
2026-03-24,DAR,58.08,4094142
2026-03-25,DAR,58.84,5312360
2026-03-26,DAR,58.98,2193491
2026-03-27,DAR,59.28,4275079
2026-03-30,DAR,60.37,4662600
2026-03-31,DAR,61.85,3553800
2026-04-01,DAR,62.16,4257800
2026-04-02,DAR,64.65,3590700
2026-04-06,DAR,63.89,2143600
2026-04-07,DAR,63.51,2374200
2026-04-08,DAR,63.05,5570400
2026-04-09,DAR,61.34,3395800
2026-04-10,DAR,61.27,2363300
2026-04-13,DAR,61.41,2281600
2026-04-14,DAR,59.6,3407900
2026-04-15,DAR,58.44,3535600
2026-04-16,DAR,60.36,2460500
2026-04-17,DAR,57.95,4730200
2026-04-20,DAR,59.08,2960400
2026-04-21,DAR,60.27,2549700
2026-04-22,DAR,60.25,2927400
2026-04-23,DAR,60.94,2046100
2026-04-24,DAR,60.18,1690800
2026-04-27,DAR,60.35,2155500
2026-04-28,DAR,61.33,2080800
2026-04-29,DAR,62.8,3749200
2026-04-30,DAR,64.23,4441700
2026-05-01,DAR,63.77,3620000
2026-05-04,DAR,64.38,2510000
2026-05-05,DAR,64.84,2301600
2026-05-06,DAR,63.11,2651500
2026-05-07,DAR,62.27,2724600
2026-05-08,DAR,63.12,1659100
2026-05-11,DAR,63.82,3883800
2026-05-12,DAR,63.46,2688100
2026-02-02,DE,530.6978,1557900
2026-02-03,DE,543.4106,1605300
2026-02-04,DE,565.6057,3209200
2026-02-05,DE,564.0802,1913100
2026-02-06,DE,581.4095,1440400
2026-02-09,DE,583.962,1101800
2026-02-10,DE,591.6794,1609100
2026-02-11,DE,610.9032,1826300
2026-02-12,DE,596.3657,2767800
2026-02-13,DE,601.1617,1565100
2026-02-17,DE,599.0878,1863200
2026-02-18,DE,591.5399,2558200
2026-02-19,DE,660.0694,6653300
2026-02-20,DE,660.558,2989900
2026-02-23,DE,644.9536,2074700
2026-02-24,DE,642.6603,1399200
2026-02-25,DE,621.7914,2100500
2026-02-26,DE,617.6535,1421700
2026-02-27,DE,627.8736,2015300
2026-03-02,DE,629.0402,996900
2026-03-03,DE,617.4142,1071400
2026-03-04,DE,612.2493,1073200
2026-03-05,DE,588.9674,1642100
2026-03-06,DE,588.0501,1412700
2026-03-09,DE,597.7317,1499500
2026-03-10,DE,590.9915,1092800
2026-03-11,DE,592.3076,998400
2026-03-12,DE,584.1215,1622500
2026-03-13,DE,575.8158,1381700
2026-03-16,DE,570.8105,1150900
2026-03-17,DE,572.5853,1462300
2026-03-18,DE,569.3547,1226400
2026-03-19,DE,565.9248,1449100
2026-03-20,DE,558.0977,2726900
2026-03-23,DE,567.3705,1244200
2026-03-24,DE,581.3197,1144900
2026-03-25,DE,576.3044,930100
2026-03-26,DE,579.4951,1516500
2026-03-27,DE,564.9875,1455800
2026-03-30,DE,553.88,1263246
2026-03-31,DE,563.3,1445717
2026-04-01,DE,570.7,1573509
2026-04-02,DE,575.71,1248799
2026-04-06,DE,575.09,1055712
2026-04-07,DE,576.0,876096
2026-04-08,DE,609.32,1449900
2026-04-09,DE,618.0,1205984
2026-04-10,DE,605.0,1263939
2026-04-13,DE,603.04,1178363
2026-04-14,DE,596.04,868072
2026-04-15,DE,576.64,1554193
2026-04-16,DE,584.19,1444050
2026-04-17,DE,590.46,1238842
2026-04-20,DE,594.52,920146
2026-04-21,DE,587.3,631987
2026-04-22,DE,579.99,796720
2026-04-23,DE,591.95,919494
2026-04-24,DE,562.64,1102594
2026-04-27,DE,567.69,1035331
2026-04-28,DE,563.86,894884
2026-04-29,DE,560.02,872355
2026-04-30,DE,589.87,1562256
2026-05-01,DE,577.26,802920
2026-05-04,DE,578.39,799299
2026-05-05,DE,575.79,906367
2026-05-06,DE,591.64,983612
2026-05-07,DE,580.54,828920
2026-05-08,DE,574.84,897013
2026-05-11,DE,588.74,907529
2026-05-12,DE,589.19,1264518
2026-02-02,DELL,118.7924,8019704
2026-02-03,DELL,116.7886,8764644
2026-02-04,DELL,121.6636,10914510
2026-02-05,DELL,115.0341,9298445
2026-02-06,DELL,120.6766,7918021
2026-02-09,DELL,120.537,5016813
2026-02-10,DELL,125.6213,6194076
2026-02-11,DELL,123.777,5431215
2026-02-12,DELL,112.472,11756645
2026-02-13,DELL,117.1276,10480404
2026-02-17,DELL,115.7319,5303651
2026-02-18,DELL,116.4198,5783427
2026-02-19,DELL,118.6927,7042264
2026-02-20,DELL,121.8928,7763458
2026-02-23,DELL,118.7725,6962259
2026-02-24,DELL,119.4105,4937680
2026-02-25,DELL,123.0991,8220005
2026-02-26,DELL,121.0754,14418103
2026-02-27,DELL,147.6232,33475578
2026-03-02,DELL,153.0764,12554157
2026-03-03,DELL,144.7322,15258237
2026-03-04,DELL,146.6463,8505495
2026-03-05,DELL,146.068,7032450
2026-03-06,DELL,146.0282,7100433
2026-03-09,DELL,146.0581,7400609
2026-03-10,DELL,143.3564,7518682
2026-03-11,DELL,146.9154,5405664
2026-03-12,DELL,149.4476,7340868
2026-03-13,DELL,151.1523,6441089
2026-03-16,DELL,156.0571,7923360
2026-03-17,DELL,152.538,6675798
2026-03-18,DELL,148.7497,5460722
2026-03-19,DELL,156.2765,7715340
2026-03-20,DELL,157.1837,23135869
2026-03-23,DELL,164.0823,10721325
2026-03-24,DELL,176.3643,15886495
2026-03-25,DELL,183.4424,11330772
2026-03-26,DELL,175.2777,11061283
2026-03-27,DELL,171.28,8011470
2026-03-30,DELL,164.1521,10135271
2026-03-31,DELL,163.6237,13713718
2026-04-01,DELL,168.8575,7311128
2026-04-02,DELL,173.8321,5217126
2026-04-06,DELL,172.6458,3925402
2026-04-07,DELL,177.1419,5753013
2026-04-08,DELL,184.8979,7212000
2026-04-09,DELL,180.9003,4500859
2026-04-10,DELL,177.2516,4279738
2026-04-13,DELL,189.2046,10506654
2026-04-14,DELL,183.9409,6256367
2026-04-15,DELL,176.7332,7793327
2026-04-16,DELL,192.4944,11474725
2026-04-17,DELL,195.9437,6311200
2026-04-20,DELL,204.24,7155812
2026-04-21,DELL,212.36,9078170
2026-04-22,DELL,214.65,5482147
2026-04-23,DELL,212.14,4421454
2026-04-24,DELL,216.09,4621365
2026-04-27,DELL,215.97,5820969
2026-04-28,DELL,205.93,4437704
2026-04-29,DELL,205.66,3635688
2026-04-30,DELL,208.95,5635830
2026-05-01,DELL,210.17,3010589
2026-05-04,DELL,211.64,3842381
2026-05-05,DELL,216.32,4360824
2026-05-06,DELL,238.8,9187209
2026-05-07,DELL,230.27,4848341
2026-05-08,DELL,260.46,12168099
2026-05-11,DELL,247.04,11517041
2026-05-12,DELL,238.94,7124144
2026-02-02,DFEN,77.9842,250298
2026-02-03,DFEN,81.4122,269642
2026-02-04,DFEN,74.5162,648764
2026-02-05,DFEN,72.4174,245534
2026-02-06,DFEN,80.2628,254465
2026-02-09,DFEN,81.1123,161813
2026-02-10,DFEN,79.0435,161200
2026-02-11,DFEN,77.2646,169284
2026-02-12,DFEN,78.9536,344408
2026-02-13,DFEN,81.0124,337101
2026-02-17,DFEN,84.4104,334207
2026-02-18,DFEN,86.6391,334458
2026-02-19,DFEN,90.0171,456562
2026-02-20,DFEN,90.137,412311
2026-02-23,DFEN,87.3886,296525
2026-02-24,DFEN,89.4974,267706
2026-02-25,DFEN,87.2487,355102
2026-02-26,DFEN,88.8078,275969
2026-02-27,DFEN,90.257,184815
2026-03-02,DFEN,97.4227,977833
2026-03-03,DFEN,91.0765,630718
2026-03-04,DFEN,93.0253,329042
2026-03-05,DFEN,85.5597,528985
2026-03-06,DFEN,87.2687,384155
2026-03-09,DFEN,87.3587,386351
2026-03-10,DFEN,84.7702,301877
2026-03-11,DFEN,84.0006,217408
2026-03-12,DFEN,76.1353,492351
2026-03-13,DFEN,74.0465,343808
2026-03-16,DFEN,77.4245,213101
2026-03-17,DFEN,77.4245,242520
2026-03-18,DFEN,76.0553,143006
2026-03-19,DFEN,72.1176,350584
2026-03-20,DFEN,67.2405,258676
2026-03-23,DFEN,68.1,275100
2026-03-24,DFEN,67.41,181400
2026-03-25,DFEN,70.43,174100
2026-03-26,DFEN,64.85,239200
2026-03-27,DFEN,61.27,219900
2026-03-30,DFEN,56.75,293200
2026-03-31,DFEN,63.1,241600
2026-04-01,DFEN,67.52,393700
2026-04-02,DFEN,65.81,228400
2026-04-06,DFEN,68.76,237600
2026-04-07,DFEN,66.82,312600
2026-04-08,DFEN,74.97,423100
2026-04-09,DFEN,74.44,165400
2026-04-10,DFEN,72.47,218600
2026-04-13,DFEN,75.4,142800
2026-04-14,DFEN,77.9,131900
2026-04-15,DFEN,76.23,159100
2026-04-16,DFEN,71.44,258800
2026-04-17,DFEN,74.31,255300
2026-04-20,DFEN,74.1,141600
2026-04-21,DFEN,65.44,669900
2026-04-22,DFEN,62.12,603000
2026-04-23,DFEN,62.03,279500
2026-04-24,DFEN,59.15,505400
2026-04-27,DFEN,59.44,240900
2026-04-28,DFEN,59.5,262300
2026-04-29,DFEN,56.88,320800
2026-04-30,DFEN,61.43,330800
2026-05-01,DFEN,59.39,234700
2026-05-04,DFEN,57.74,251800
2026-05-05,DFEN,58.66,285500
2026-05-06,DFEN,65.37,386400
2026-05-07,DFEN,64.42,270000
2026-05-08,DFEN,65.07,190800
2026-05-11,DFEN,67.25,261300
2026-05-12,DFEN,66.79,220821
2026-02-02,DFLI,2.59,1294600
2026-02-03,DFLI,2.74,397400
2026-02-04,DFLI,2.8,546500
2026-02-05,DFLI,2.57,292800
2026-02-06,DFLI,2.88,571800
2026-02-09,DFLI,2.84,279900
2026-02-10,DFLI,2.7,226400
2026-02-11,DFLI,2.54,393600
2026-02-12,DFLI,2.29,409400
2026-02-13,DFLI,2.23,317600
2026-02-17,DFLI,2.36,299000
2026-02-18,DFLI,2.51,271200
2026-02-19,DFLI,2.71,454800
2026-02-20,DFLI,2.48,369500
2026-02-23,DFLI,2.34,337300
2026-02-24,DFLI,2.51,316700
2026-02-25,DFLI,2.52,192900
2026-02-26,DFLI,2.67,332700
2026-02-27,DFLI,2.55,213000
2026-03-02,DFLI,2.62,225000
2026-03-03,DFLI,2.6,192100
2026-03-04,DFLI,2.73,215300
2026-03-05,DFLI,2.79,442500
2026-03-06,DFLI,2.59,369100
2026-03-09,DFLI,2.62,215400
2026-03-10,DFLI,2.67,348300
2026-03-11,DFLI,2.8,182700
2026-03-12,DFLI,2.75,278900
2026-03-13,DFLI,2.99,860500
2026-03-16,DFLI,2.92,2498200
2026-03-17,DFLI,2.28,1641000
2026-03-18,DFLI,2.225,465600
2026-03-19,DFLI,2.05,619700
2026-03-20,DFLI,2.02,383700
2026-03-23,DFLI,2.07,469000
2026-03-24,DFLI,2.09,203400
2026-03-25,DFLI,2.07,293600
2026-03-26,DFLI,1.94,227700
2026-03-27,DFLI,1.72,575200
2026-03-30,DFLI,1.58,611900
2026-03-31,DFLI,1.74,530800
2026-04-01,DFLI,1.73,277700
2026-04-02,DFLI,1.86,269500
2026-04-06,DFLI,2.04,433400
2026-04-07,DFLI,1.9,416500
2026-04-08,DFLI,2.02,327800
2026-04-09,DFLI,1.93,229900
2026-04-10,DFLI,1.99,264700
2026-04-13,DFLI,2.08,291800
2026-04-14,DFLI,2.03,402100
2026-04-15,DFLI,2.05,315100
2026-04-16,DFLI,2.02,417400
2026-04-17,DFLI,1.99,434600
2026-04-20,DFLI,2.05,1737900
2026-04-21,DFLI,1.93,551100
2026-04-22,DFLI,2.16,579300
2026-04-23,DFLI,2.08,475200
2026-04-24,DFLI,2.05,224000
2026-04-27,DFLI,2.0,355000
2026-04-28,DFLI,1.98,326500
2026-04-29,DFLI,1.93,205500
2026-04-30,DFLI,2.01,279900
2026-05-01,DFLI,2.08,227800
2026-05-04,DFLI,2.0,310700
2026-05-05,DFLI,2.09,899000
2026-05-06,DFLI,2.21,732300
2026-05-07,DFLI,2.07,442900
2026-05-08,DFLI,2.07,269200
2026-05-11,DFLI,2.0,519200
2026-05-12,DFLI,1.92,420708
2026-02-02,DKNG,27.42,17359500
2026-02-03,DKNG,26.76,16586600
2026-02-04,DKNG,27.24,15474400
2026-02-05,DKNG,25.52,15607300
2026-02-06,DKNG,26.62,17740700
2026-02-09,DKNG,27.22,12417600
2026-02-10,DKNG,27.12,18726000
2026-02-11,DKNG,26.3,11632100
2026-02-12,DKNG,25.16,28707900
2026-02-13,DKNG,21.76,65835000
2026-02-17,DKNG,22.59,25553000
2026-02-18,DKNG,23.21,19849200
2026-02-19,DKNG,22.49,13529600
2026-02-20,DKNG,22.31,11779200
2026-02-23,DKNG,21.81,13838200
2026-02-24,DKNG,22.37,12468300
2026-02-25,DKNG,22.94,10845400
2026-02-26,DKNG,23.49,12650100
2026-02-27,DKNG,23.84,18102300
2026-03-02,DKNG,23.82,13431900
2026-03-03,DKNG,24.45,16791100
2026-03-04,DKNG,25.43,20249600
2026-03-05,DKNG,25.46,16663700
2026-03-06,DKNG,25.15,12103800
2026-03-09,DKNG,25.16,14989705
2026-03-10,DKNG,25.14,12336128
2026-03-11,DKNG,25.57,15193200
2026-03-12,DKNG,25.56,14743700
2026-03-13,DKNG,25.87,11303423
2026-03-16,DKNG,24.895,12354300
2026-03-17,DKNG,25.22,14168300
2026-03-18,DKNG,25.28,15677300
2026-03-19,DKNG,24.91,11609700
2026-03-20,DKNG,23.67,15448500
2026-03-23,DKNG,23.96,18237500
2026-03-24,DKNG,23.31,16116300
2026-03-25,DKNG,21.42,21157400
2026-03-26,DKNG,21.27,17041400
2026-03-27,DKNG,20.72,13678900
2026-03-30,DKNG,20.93,14711500
2026-03-31,DKNG,21.62,11952300
2026-04-01,DKNG,22.16,13290300
2026-04-02,DKNG,23.16,10212800
2026-04-06,DKNG,22.9,9352200
2026-04-07,DKNG,22.95,7909600
2026-04-08,DKNG,23.94,9945800
2026-04-09,DKNG,22.25,15539900
2026-04-10,DKNG,22.23,13028500
2026-04-13,DKNG,22.51,11593700
2026-04-14,DKNG,22.96,9978300
2026-04-15,DKNG,23.64,8415500
2026-04-16,DKNG,23.74,9865100
2026-04-17,DKNG,22.82,16240600
2026-04-20,DKNG,22.89,14588100
2026-04-21,DKNG,22.99,10759900
2026-04-22,DKNG,22.47,9558700
2026-04-23,DKNG,22.17,8881300
2026-04-24,DKNG,23.18,16289400
2026-04-27,DKNG,23.53,14012600
2026-04-28,DKNG,23.4,6684600
2026-04-29,DKNG,23.14,6608200
2026-04-30,DKNG,23.32,8070300
2026-05-01,DKNG,23.0,8090800
2026-05-04,DKNG,23.57,9207800
2026-05-05,DKNG,24.17,9580600
2026-05-06,DKNG,23.92,19315200
2026-05-07,DKNG,25.22,21597500
2026-05-08,DKNG,25.52,28569200
2026-05-11,DKNG,24.51,13589200
2026-05-12,DKNG,24.61,11097500
2026-02-02,DLR,163.9934,1828500
2026-02-03,DLR,163.3379,1964300
2026-02-04,DLR,165.662,2019600
2026-02-05,DLR,163.5365,2359100
2026-02-06,DLR,170.4594,3404300
2026-02-09,DLR,170.9659,2249100
2026-02-10,DLR,171.3632,2153100
2026-02-11,DLR,173.3894,1552300
2026-02-12,DLR,179.0906,4574200
2026-02-13,DLR,179.7461,2374800
2026-02-17,DLR,178.6734,2213600
2026-02-18,DLR,174.8296,2283600
2026-02-19,DLR,175.7037,1299500
2026-02-20,DLR,174.4919,1379600
2026-02-23,DLR,174.8991,1598300
2026-02-24,DLR,177.0346,1373000
2026-02-25,DLR,178.3755,1938800
2026-02-26,DLR,175.1773,1992700
2026-02-27,DLR,176.0016,3258300
2026-03-02,DLR,177.4816,1513400
2026-03-03,DLR,176.9254,1506100
2026-03-04,DLR,181.385,1840500
2026-03-05,DLR,178.5344,3080400
2026-03-06,DLR,174.9985,2745700
2026-03-09,DLR,178.4351,2098600
2026-03-10,DLR,179.6369,1771700
2026-03-11,DLR,179.3687,2897300
2026-03-12,DLR,179.18,1878400
2026-03-13,DLR,179.61,1576700
2026-03-16,DLR,181.25,2082000
2026-03-17,DLR,180.39,1611800
2026-03-18,DLR,178.94,1348700
2026-03-19,DLR,179.85,1447000
2026-03-20,DLR,173.3,3062700
2026-03-23,DLR,176.47,1579600
2026-03-24,DLR,174.71,1426800
2026-03-25,DLR,176.43,1266100
2026-03-26,DLR,174.75,1133000
2026-03-27,DLR,175.42,1490600
2026-03-30,DLR,175.18,2528000
2026-03-31,DLR,180.21,3178900
2026-04-01,DLR,180.45,1906500
2026-04-02,DLR,181.69,1693800
2026-04-06,DLR,181.99,1341200
2026-04-07,DLR,182.42,1256000
2026-04-08,DLR,185.63,4000300
2026-04-09,DLR,188.15,2749100
2026-04-10,DLR,188.87,1317100
2026-04-13,DLR,191.85,1559800
2026-04-14,DLR,195.79,1766000
2026-04-15,DLR,195.69,1672900
2026-04-16,DLR,199.05,1462400
2026-04-17,DLR,203.62,2063100
2026-04-20,DLR,203.91,1579000
2026-04-21,DLR,201.27,2081200
2026-04-22,DLR,200.86,2001200
2026-04-23,DLR,200.0,2743200
2026-04-24,DLR,200.0,4627500
2026-04-27,DLR,196.34,1944100
2026-04-28,DLR,194.58,2936200
2026-04-29,DLR,194.56,1934700
2026-04-30,DLR,200.94,3230800
2026-05-01,DLR,200.7,1206700
2026-05-04,DLR,198.51,1700000
2026-05-05,DLR,196.69,1943600
2026-05-06,DLR,199.68,1625700
2026-05-07,DLR,194.78,2483000
2026-05-08,DLR,195.31,1376700
2026-05-11,DLR,196.24,1295300
2026-05-12,DLR,195.27,1893869
2026-02-02,DNA,9.16,883000
2026-02-03,DNA,8.79,815600
2026-02-04,DNA,8.27,784200
2026-02-05,DNA,8.32,4549900
2026-02-06,DNA,10.1,2658300
2026-02-09,DNA,10.15,1370600
2026-02-10,DNA,9.23,1047800
2026-02-11,DNA,9.35,852000
2026-02-12,DNA,8.79,1281500
2026-02-13,DNA,9.29,816200
2026-02-17,DNA,9.0,861100
2026-02-18,DNA,8.95,796900
2026-02-19,DNA,9.69,733700
2026-02-20,DNA,9.22,642300
2026-02-23,DNA,8.86,542200
2026-02-24,DNA,8.86,556900
2026-02-25,DNA,9.38,859800
2026-02-26,DNA,9.71,979200
2026-02-27,DNA,6.75,3908300
2026-03-02,DNA,7.05,1976000
2026-03-03,DNA,6.7,1726700
2026-03-04,DNA,6.69,1301600
2026-03-05,DNA,6.84,1031800
2026-03-06,DNA,6.5,940300
2026-03-09,DNA,6.61,819469
2026-03-10,DNA,6.34,877216
2026-03-11,DNA,6.83,1004100
2026-03-12,DNA,6.4,2438300
2026-03-13,DNA,6.8,1756500
2026-03-16,DNA,6.75,979500
2026-03-17,DNA,6.83,523500
2026-03-18,DNA,6.49,827800
2026-03-19,DNA,6.91,849500
2026-03-20,DNA,6.71,1490800
2026-03-23,DNA,6.99,1185686
2026-03-24,DNA,7.17,1191101
2026-03-25,DNA,7.36,1046300
2026-03-26,DNA,6.41,1201200
2026-03-27,DNA,5.93,1627600
2026-03-30,DNA,5.48,2116500
2026-03-31,DNA,6.13,1234100
2026-04-01,DNA,6.79,1062300
2026-04-02,DNA,6.9,1438300
2026-04-06,DNA,6.87,841100
2026-04-07,DNA,6.82,852800
2026-04-08,DNA,6.88,751100
2026-04-09,DNA,6.43,918200
2026-04-10,DNA,6.45,747900
2026-04-13,DNA,6.68,1019600
2026-04-14,DNA,7.72,2016600
2026-04-15,DNA,7.79,831300
2026-04-16,DNA,7.95,1471400
2026-04-17,DNA,8.03,1600500
2026-04-20,DNA,7.98,945000
2026-04-21,DNA,8.21,1224500
2026-04-22,DNA,8.44,847000
2026-04-23,DNA,7.7,870100
2026-04-24,DNA,7.87,517500
2026-04-27,DNA,7.82,811400
2026-04-28,DNA,7.85,537000
2026-04-29,DNA,7.5,1270200
2026-04-30,DNA,8.46,1533600
2026-05-01,DNA,9.7,2114400
2026-05-04,DNA,9.91,2178400
2026-05-05,DNA,9.71,1414500
2026-05-06,DNA,10.08,1907700
2026-05-07,DNA,10.32,2063000
2026-05-08,DNA,8.93,2213000
2026-05-11,DNA,8.67,1620600
2026-05-12,DNA,8.34,1319738
2026-02-02,DOCS,37.29,5214100
2026-02-03,DOCS,34.85,4362200
2026-02-04,DOCS,35.25,4664100
2026-02-05,DOCS,33.32,9770200
2026-02-06,DOCS,27.73,23126300
2026-02-09,DOCS,27.5,6883800
2026-02-10,DOCS,27.24,4399900
2026-02-11,DOCS,25.96,5136800
2026-02-12,DOCS,24.71,6262300
2026-02-13,DOCS,25.02,3724900
2026-02-17,DOCS,24.58,4865900
2026-02-18,DOCS,25.45,3683800
2026-02-19,DOCS,25.23,2711000
2026-02-20,DOCS,25.55,2253100
2026-02-23,DOCS,23.76,3837800
2026-02-24,DOCS,24.07,2940300
2026-02-25,DOCS,24.4,2635600
2026-02-26,DOCS,25.1,3162600
2026-02-27,DOCS,24.53,3102200
2026-03-02,DOCS,25.7,3595800
2026-03-03,DOCS,26.97,3608100
2026-03-04,DOCS,26.44,2173500
2026-03-05,DOCS,26.07,2783100
2026-03-06,DOCS,25.34,2210500
2026-03-09,DOCS,25.49,2014224
2026-03-10,DOCS,24.78,2836554
2026-03-11,DOCS,24.64,1938900
2026-03-12,DOCS,24.28,2876100
2026-03-13,DOCS,24.37,2226800
2026-03-16,DOCS,24.59,2312800
2026-03-17,DOCS,24.91,2398500
2026-03-18,DOCS,24.79,1876000
2026-03-19,DOCS,24.8,1724400
2026-03-20,DOCS,24.41,5112700
2026-03-23,DOCS,25.03,2130700
2026-03-24,DOCS,24.34,2390000
2026-03-25,DOCS,24.18,2056000
2026-03-26,DOCS,24.31,1681800
2026-03-27,DOCS,23.69,2082000
2026-03-30,DOCS,23.73,2109500
2026-03-31,DOCS,23.3,6239300
2026-04-01,DOCS,22.93,3612200
2026-04-02,DOCS,22.77,2401400
2026-04-06,DOCS,23.06,1373700
2026-04-07,DOCS,22.5,1922400
2026-04-08,DOCS,21.86,3430900
2026-04-09,DOCS,21.16,5092000
2026-04-10,DOCS,21.05,3635200
2026-04-13,DOCS,22.66,2826500
2026-04-14,DOCS,22.25,2237300
2026-04-15,DOCS,23.9,3681600
2026-04-16,DOCS,24.25,3792200
2026-04-17,DOCS,24.71,3838700
2026-04-20,DOCS,24.39,3703300
2026-04-21,DOCS,24.15,3365600
2026-04-22,DOCS,24.26,2450900
2026-04-23,DOCS,23.17,2269300
2026-04-24,DOCS,24.01,5697700
2026-04-27,DOCS,24.66,3071900
2026-04-28,DOCS,24.57,1757500
2026-04-29,DOCS,24.2,2045400
2026-04-30,DOCS,24.44,2428400
2026-05-01,DOCS,24.98,2690100
2026-05-04,DOCS,24.89,3219500
2026-05-05,DOCS,25.77,2964000
2026-05-06,DOCS,25.69,2638800
2026-05-07,DOCS,26.03,2173600
2026-05-08,DOCS,25.98,2075200
2026-05-11,DOCS,26.26,4192700
2026-05-12,DOCS,26.45,3587900
2026-02-02,DRIV,32.12,170545
2026-02-03,DRIV,32.34,182005
2026-02-04,DRIV,32.23,56443
2026-02-05,DRIV,31.4,73009
2026-02-06,DRIV,32.63,41379
2026-02-09,DRIV,32.85,38083
2026-02-10,DRIV,32.87,23166
2026-02-11,DRIV,33.18,40336
2026-02-12,DRIV,32.38,43799
2026-02-13,DRIV,32.71,27262
2026-02-17,DRIV,32.61,101322
2026-02-18,DRIV,32.65,42476
2026-02-19,DRIV,32.42,79793
2026-02-20,DRIV,32.5373,61115
2026-02-23,DRIV,32.5,27105
2026-02-24,DRIV,33.2513,37408
2026-02-25,DRIV,33.6307,73334
2026-02-26,DRIV,33.1728,42661
2026-02-27,DRIV,32.6563,27403
2026-03-02,DRIV,32.56,27034
2026-03-03,DRIV,31.09,61755
2026-03-04,DRIV,31.39,83301
2026-03-05,DRIV,30.731,40914
2026-03-06,DRIV,30.16,29558
2026-03-09,DRIV,30.71,123367
2026-03-10,DRIV,31.01,25460
2026-03-11,DRIV,31.21,22201
2026-03-12,DRIV,30.41,42674
2026-03-13,DRIV,30.14,10822
2026-03-16,DRIV,30.7,30306
2026-03-17,DRIV,30.8079,48972
2026-03-18,DRIV,30.2532,99117
2026-03-19,DRIV,30.3194,28625
2026-03-20,DRIV,29.32,23289
2026-03-23,DRIV,30.2339,17685
2026-03-24,DRIV,30.43,21537
2026-03-25,DRIV,30.89,16306
2026-03-26,DRIV,29.9098,12266
2026-03-27,DRIV,29.617,27098
2026-03-30,DRIV,29.115,22588
2026-03-31,DRIV,30.52,42426
2026-04-01,DRIV,30.91,31846
2026-04-02,DRIV,30.9613,66886
2026-04-06,DRIV,31.0672,26612
2026-04-07,DRIV,31.0226,19438
2026-04-08,DRIV,32.5183,42268
2026-04-09,DRIV,32.63,21405
2026-04-10,DRIV,32.9697,27103
2026-04-13,DRIV,33.6209,31945
2026-04-14,DRIV,34.23,74200
2026-04-15,DRIV,34.18,109750
2026-04-16,DRIV,34.98,47131
2026-04-17,DRIV,35.643,45260
2026-04-20,DRIV,35.648,81500
2026-04-21,DRIV,35.384,87300
2026-04-22,DRIV,35.786,35500
2026-04-23,DRIV,35.5,29400
2026-04-24,DRIV,36.108,53600
2026-04-27,DRIV,36.36,23300
2026-04-28,DRIV,35.659,22700
2026-04-29,DRIV,36.37,34100
2026-04-30,DRIV,37.482,57600
2026-05-01,DRIV,37.84,212800
2026-05-04,DRIV,37.465,98900
2026-05-05,DRIV,38.318,96900
2026-05-06,DRIV,39.498,265300
2026-05-07,DRIV,38.92,127800
2026-05-08,DRIV,39.81,51100
2026-05-11,DRIV,40.75,80300
2026-05-12,DRIV,39.85,170770
2026-02-02,DTCR,24.51,735800
2026-02-03,DTCR,24.29,771600
2026-02-04,DTCR,23.92,746300
2026-02-05,DTCR,23.5,733000
2026-02-06,DTCR,24.59,854100
2026-02-09,DTCR,25.01,743900
2026-02-10,DTCR,25.13,1071500
2026-02-11,DTCR,25.57,877500
2026-02-12,DTCR,26.04,1451000
2026-02-13,DTCR,26.21,976800
2026-02-17,DTCR,26.11,1344200
2026-02-18,DTCR,25.49,1016900
2026-02-19,DTCR,25.51,799000
2026-02-20,DTCR,25.55,804700
2026-02-23,DTCR,25.4,661500
2026-02-24,DTCR,25.77,670700
2026-02-25,DTCR,25.73,732300
2026-02-26,DTCR,25.41,775400
2026-02-27,DTCR,25.56,625600
2026-03-02,DTCR,25.34,1013900
2026-03-03,DTCR,24.93,913400
2026-03-04,DTCR,25.35,678100
2026-03-05,DTCR,24.99,880200
2026-03-06,DTCR,24.75,659100
2026-03-09,DTCR,25.08,1171347
2026-03-10,DTCR,25.35,861542
2026-03-11,DTCR,25.42,583100
2026-03-12,DTCR,24.88,465400
2026-03-13,DTCR,25.0,475200
2026-03-16,DTCR,25.25,528800
2026-03-17,DTCR,25.25,590400
2026-03-18,DTCR,24.97,713800
2026-03-19,DTCR,25.07,554400
2026-03-20,DTCR,24.0,737800
2026-03-23,DTCR,24.27,813000
2026-03-24,DTCR,23.96,620400
2026-03-25,DTCR,24.18,655400
2026-03-26,DTCR,23.6,604100
2026-03-27,DTCR,23.38,414900
2026-03-30,DTCR,23.06,487500
2026-03-31,DTCR,23.96,542100
2026-04-01,DTCR,24.34,415800
2026-04-02,DTCR,24.6,1332500
2026-04-06,DTCR,24.91,545200
2026-04-07,DTCR,24.9,421000
2026-04-08,DTCR,25.81,766700
2026-04-09,DTCR,26.03,594200
2026-04-10,DTCR,26.3,600600
2026-04-13,DTCR,26.66,1044600
2026-04-14,DTCR,27.14,1113200
2026-04-15,DTCR,27.09,740900
2026-04-16,DTCR,27.5,844300
2026-04-17,DTCR,28.04,785600
2026-04-20,DTCR,28.11,747900
2026-04-21,DTCR,27.7,916800
2026-04-22,DTCR,28.1,941200
2026-04-23,DTCR,28.44,919800
2026-04-24,DTCR,28.85,1632500
2026-04-27,DTCR,28.43,1238000
2026-04-28,DTCR,28.08,1119100
2026-04-29,DTCR,28.21,613300
2026-04-30,DTCR,28.84,912100
2026-05-01,DTCR,28.9,1603900
2026-05-04,DTCR,28.92,1703800
2026-05-05,DTCR,29.41,1648300
2026-05-06,DTCR,30.31,1684100
2026-05-07,DTCR,29.78,1326500
2026-05-08,DTCR,30.42,2260500
2026-05-11,DTCR,30.87,1448600
2026-05-12,DTCR,30.34,1062685
2026-02-02,DXCM,72.53,3274200
2026-02-03,DXCM,71.63,5026700
2026-02-04,DXCM,70.82,7051100
2026-02-05,DXCM,69.89,5572000
2026-02-06,DXCM,69.97,3659900
2026-02-09,DXCM,70.16,4031500
2026-02-10,DXCM,68.16,7885700
2026-02-11,DXCM,68.15,5173200
2026-02-12,DXCM,65.08,7685700
2026-02-13,DXCM,70.02,11020600
2026-02-17,DXCM,70.43,5909300
2026-02-18,DXCM,72.8,4450300
2026-02-19,DXCM,72.27,3459100
2026-02-20,DXCM,73.08,3325300
2026-02-23,DXCM,73.26,4864400
2026-02-24,DXCM,73.09,4141600
2026-02-25,DXCM,73.16,3239800
2026-02-26,DXCM,74.38,2883600
2026-02-27,DXCM,73.43,5454000
2026-03-02,DXCM,73.78,3699400
2026-03-03,DXCM,73.08,2380700
2026-03-04,DXCM,72.9,4340700
2026-03-05,DXCM,70.69,5099500
2026-03-06,DXCM,68.1,3930500
2026-03-09,DXCM,68.74,4072596
2026-03-10,DXCM,67.79,2521421
2026-03-11,DXCM,66.31,4027400
2026-03-12,DXCM,65.26,5287800
2026-03-13,DXCM,64.24,4076000
2026-03-16,DXCM,66.34,4922100
2026-03-17,DXCM,67.32,5158900
2026-03-18,DXCM,67.66,3986900
2026-03-19,DXCM,67.27,3744600
2026-03-20,DXCM,66.95,8047200
2026-03-23,DXCM,65.94,3662000
2026-03-24,DXCM,66.6,3843500
2026-03-25,DXCM,66.84,2941000
2026-03-26,DXCM,66.09,2160700
2026-03-27,DXCM,62.25,4310200
2026-03-30,DXCM,61.9,3991400
2026-03-31,DXCM,62.8,3977600
2026-04-01,DXCM,62.37,3530100
2026-04-02,DXCM,62.22,2407300
2026-04-06,DXCM,63.21,3192200
2026-04-07,DXCM,63.11,3870000
2026-04-08,DXCM,65.8,2807900
2026-04-09,DXCM,65.68,3762700
2026-04-10,DXCM,64.02,2107100
2026-04-13,DXCM,63.12,5701400
2026-04-14,DXCM,62.95,4730400
2026-04-15,DXCM,61.54,5682900
2026-04-16,DXCM,61.23,5747300
2026-04-17,DXCM,63.98,7831100
2026-04-20,DXCM,64.62,3766900
2026-04-21,DXCM,62.6,4354800
2026-04-22,DXCM,63.41,2680700
2026-04-23,DXCM,62.7,2505600
2026-04-24,DXCM,61.57,3599900
2026-04-27,DXCM,61.41,3376900
2026-04-28,DXCM,59.32,5590700
2026-04-29,DXCM,57.56,6558800
2026-04-30,DXCM,59.55,5343300
2026-05-01,DXCM,61.35,10563000
2026-05-04,DXCM,60.04,5492800
2026-05-05,DXCM,59.48,5528300
2026-05-06,DXCM,60.36,5905300
2026-05-07,DXCM,60.91,5080800
2026-05-08,DXCM,60.61,4217600
2026-05-11,DXCM,59.33,5272200
2026-05-12,DXCM,61.14,6099248
2026-02-02,EBAY,93.4675,3669600
2026-02-03,EBAY,92.0722,4267400
2026-02-04,EBAY,85.554,12644400
2026-02-05,EBAY,86.2317,6998200
2026-02-06,EBAY,86.2616,6139600
2026-02-09,EBAY,87.0689,4815000
2026-02-10,EBAY,87.1885,3598500
2026-02-11,EBAY,82.6039,6978200
2026-02-12,EBAY,79.1454,5304200
2026-02-13,EBAY,82.1055,6153700
2026-02-17,EBAY,79.6836,6254000
2026-02-18,EBAY,81.9062,11305000
2026-02-19,EBAY,84.4676,15876900
2026-02-20,EBAY,87.7766,8665100
2026-02-23,EBAY,84.0291,6852200
2026-02-24,EBAY,85.0158,5929700
2026-02-25,EBAY,85.0457,6452300
2026-02-26,EBAY,87.6071,4957100
2026-02-27,EBAY,90.5573,6450900
2026-03-02,EBAY,88.4842,4401800
2026-03-03,EBAY,89.3314,4280200
2026-03-04,EBAY,90.7267,4594200
2026-03-05,EBAY,92.73,5809500
2026-03-06,EBAY,92.71,4137300
2026-03-09,EBAY,92.91,4230421
2026-03-10,EBAY,90.86,4474809
2026-03-11,EBAY,91.68,4888100
2026-03-12,EBAY,90.0,3951900
2026-03-13,EBAY,91.34,4544000
2026-03-16,EBAY,91.41,4676700
2026-03-17,EBAY,93.61,5452700
2026-03-18,EBAY,91.77,4324800
2026-03-19,EBAY,90.74,4754600
2026-03-20,EBAY,88.98,10699200
2026-03-23,EBAY,89.85,5021500
2026-03-24,EBAY,89.1,6057600
2026-03-25,EBAY,89.55,5618000
2026-03-26,EBAY,89.43,4930800
2026-03-27,EBAY,87.98,4204600
2026-03-30,EBAY,88.01,3402400
2026-03-31,EBAY,91.02,5124200
2026-04-01,EBAY,93.13,4073500
2026-04-02,EBAY,94.14,3532400
2026-04-06,EBAY,97.71,4922700
2026-04-07,EBAY,96.01,3580200
2026-04-08,EBAY,96.79,4865700
2026-04-09,EBAY,95.58,4007300
2026-04-10,EBAY,95.4,4317800
2026-04-13,EBAY,98.15,4325500
2026-04-14,EBAY,100.4,4914400
2026-04-15,EBAY,100.01,3895300
2026-04-16,EBAY,101.96,4316300
2026-04-17,EBAY,104.65,4917000
2026-04-20,EBAY,107.13,4652800
2026-04-21,EBAY,105.4,5662700
2026-04-22,EBAY,105.63,4263400
2026-04-23,EBAY,103.4,5084400
2026-04-24,EBAY,97.94,8288500
2026-04-27,EBAY,100.29,5929900
2026-04-28,EBAY,100.36,3884700
2026-04-29,EBAY,103.79,6814700
2026-04-30,EBAY,103.48,12220800
2026-05-01,EBAY,104.07,12485900
2026-05-04,EBAY,109.33,20481100
2026-05-05,EBAY,105.26,7417700
2026-05-06,EBAY,108.15,7454100
2026-05-07,EBAY,106.42,5680600
2026-05-08,EBAY,107.69,4879200
2026-05-11,EBAY,108.13,6368500
2026-05-12,EBAY,110.4,6961361
2026-02-02,EBIZ,31.96,6400
2026-02-03,EBIZ,30.822,52300
2026-02-04,EBIZ,30.305,6700
2026-02-05,EBIZ,29.923,25100
2026-02-06,EBIZ,30.46,3500
2026-02-09,EBIZ,30.544,8600
2026-02-10,EBIZ,30.565,2900
2026-02-11,EBIZ,29.815,3000
2026-02-12,EBIZ,28.675,17000
2026-02-13,EBIZ,28.542,3600
2026-02-17,EBIZ,28.438,4000
2026-02-18,EBIZ,28.978,3700
2026-02-19,EBIZ,28.795,2200
2026-02-20,EBIZ,29.115,1700
2026-02-23,EBIZ,28.185,2000
2026-02-24,EBIZ,28.603,3900
2026-02-25,EBIZ,28.232,5000
2026-02-26,EBIZ,28.68,5500
2026-02-27,EBIZ,28.37,17600
2026-03-02,EBIZ,28.025,12300
2026-03-03,EBIZ,27.573,1900
2026-03-04,EBIZ,27.99,2300
2026-03-05,EBIZ,28.38,53900
2026-03-06,EBIZ,28.408,1300
2026-03-09,EBIZ,28.508,2167
2026-03-10,EBIZ,28.12,13442
2026-03-11,EBIZ,27.835,1900
2026-03-12,EBIZ,27.19,2500
2026-03-13,EBIZ,27.245,3300
2026-03-16,EBIZ,27.58,2200
2026-03-17,EBIZ,27.83,3200
2026-03-18,EBIZ,27.22,11100
2026-03-19,EBIZ,27.05,1400
2026-03-20,EBIZ,26.454,1600
2026-03-23,EBIZ,26.928,7100
2026-03-24,EBIZ,26.405,3300
2026-03-25,EBIZ,26.881,1000
2026-03-26,EBIZ,26.464,7500
2026-03-27,EBIZ,25.885,1300
2026-03-30,EBIZ,25.926,1900
2026-03-31,EBIZ,26.764,1600
2026-04-01,EBIZ,26.711,1800
2026-04-02,EBIZ,26.73,3600
2026-04-06,EBIZ,27.05,4000
2026-04-07,EBIZ,26.772,9100
2026-04-08,EBIZ,27.545,4600
2026-04-09,EBIZ,27.334,4200
2026-04-10,EBIZ,27.263,27000
2026-04-13,EBIZ,27.665,1800
2026-04-14,EBIZ,28.18,2200
2026-04-15,EBIZ,28.71,2500
2026-04-16,EBIZ,28.94,7100
2026-04-17,EBIZ,29.58,3100
2026-04-20,EBIZ,29.669,4000
2026-04-21,EBIZ,29.267,3000
2026-04-22,EBIZ,29.08,11500
2026-04-23,EBIZ,28.49,2800
2026-04-24,EBIZ,28.61,8600
2026-04-27,EBIZ,28.43,2400
2026-04-28,EBIZ,28.15,1700
2026-04-29,EBIZ,28.19,1500
2026-04-30,EBIZ,28.31,5800
2026-05-01,EBIZ,28.4,2200
2026-05-04,EBIZ,28.286,1500
2026-05-05,EBIZ,28.03,4300
2026-05-06,EBIZ,28.666,4900
2026-05-07,EBIZ,28.745,1400
2026-05-08,EBIZ,28.17,5100
2026-05-11,EBIZ,27.62,2200
2026-05-12,EBIZ,27.535,2661
2026-02-02,EFRA,35.325,5400
2026-02-03,EFRA,35.307,100
2026-02-04,EFRA,35.857,100
2026-02-05,EFRA,35.593,400
2026-02-06,EFRA,36.133,1000
2026-02-09,EFRA,36.262,900
2026-02-10,EFRA,36.464,100
2026-02-11,EFRA,36.924,100
2026-02-12,EFRA,36.775,300
2026-02-13,EFRA,37.091,200
2026-02-17,EFRA,36.917,1000
2026-02-18,EFRA,37.033,2100
2026-02-19,EFRA,36.977,2000
2026-02-20,EFRA,37.055,100
2026-02-23,EFRA,36.707,100
2026-02-24,EFRA,37.094,100
2026-02-25,EFRA,37.193,2700
2026-02-26,EFRA,37.396,700
2026-02-27,EFRA,37.455,100
2026-03-02,EFRA,37.211,600
2026-03-03,EFRA,36.445,1000
2026-03-04,EFRA,36.471,600
2026-03-05,EFRA,35.706,400
2026-03-06,EFRA,35.171,500
2026-03-09,EFRA,35.2335,348
2026-03-10,EFRA,35.0507,244
2026-03-11,EFRA,35.076,200
2026-03-12,EFRA,34.562,100
2026-03-13,EFRA,34.333,900
2026-03-16,EFRA,34.59,100
2026-03-17,EFRA,34.742,700
2026-03-18,EFRA,34.235,100
2026-03-19,EFRA,34.036,1900
2026-03-20,EFRA,33.262,100
2026-03-23,EFRA,33.965,200
2026-03-24,EFRA,34.002,100
2026-03-25,EFRA,34.465,600
2026-03-26,EFRA,33.992,100
2026-03-27,EFRA,33.527,200
2026-03-30,EFRA,33.552,1100
2026-03-31,EFRA,34.351,600
2026-04-01,EFRA,34.793,200
2026-04-02,EFRA,34.647,500
2026-04-06,EFRA,34.897,100
2026-04-07,EFRA,34.814,100
2026-04-08,EFRA,36.019,100
2026-04-09,EFRA,36.288,200
2026-04-10,EFRA,36.218,500
2026-04-13,EFRA,36.239,500
2026-04-14,EFRA,36.484,800
2026-04-15,EFRA,35.898,100
2026-04-16,EFRA,35.78,300
2026-04-17,EFRA,36.083,500
2026-04-20,EFRA,36.109,3000
2026-04-21,EFRA,35.639,500
2026-04-22,EFRA,35.574,1300
2026-04-23,EFRA,35.829,300
2026-04-24,EFRA,35.69,400
2026-04-27,EFRA,35.79,400
2026-04-28,EFRA,35.353,800
2026-04-29,EFRA,34.943,1800
2026-04-30,EFRA,35.706,300
2026-05-01,EFRA,35.462,300
2026-05-04,EFRA,35.15,400
2026-05-05,EFRA,35.514,7300
2026-05-06,EFRA,35.958,100
2026-05-07,EFRA,35.555,1900
2026-05-08,EFRA,35.611,400
2026-05-11,EFRA,35.514,300
2026-05-12,EFRA,35.2888,165
2026-02-02,EH,12.42,681488
2026-02-03,EH,12.11,1180898
2026-02-04,EH,11.86,957061
2026-02-05,EH,11.27,981674
2026-02-06,EH,11.92,501988
2026-02-09,EH,12.11,431455
2026-02-10,EH,12.14,543554
2026-02-11,EH,11.98,313424
2026-02-12,EH,11.46,531463
2026-02-13,EH,11.58,293879
2026-02-17,EH,12.01,341433
2026-02-18,EH,12.29,273346
2026-02-19,EH,12.34,246670
2026-02-20,EH,12.2,341155
2026-02-23,EH,12.25,402821
2026-02-24,EH,12.58,378552
2026-02-25,EH,12.72,367743
2026-02-26,EH,12.6,448483
2026-02-27,EH,12.27,345855
2026-03-02,EH,12.22,421390
2026-03-03,EH,11.1,894114
2026-03-04,EH,11.48,393883
2026-03-05,EH,11.34,468034
2026-03-06,EH,11.51,430506
2026-03-09,EH,11.76,657197
2026-03-10,EH,12.01,707538
2026-03-11,EH,12.27,587878
2026-03-12,EH,12.11,1609370
2026-03-13,EH,11.85,1133623
2026-03-16,EH,12.03,513372
2026-03-17,EH,11.59,642437
2026-03-18,EH,11.17,953433
2026-03-19,EH,10.87,815424
2026-03-20,EH,9.95,1030158
2026-03-23,EH,10.23,761542
2026-03-24,EH,9.89,688780
2026-03-25,EH,10.19,359845
2026-03-26,EH,9.7,451996
2026-03-27,EH,9.39,470357
2026-03-30,EH,9.13,477000
2026-03-31,EH,9.71,556900
2026-04-01,EH,10.11,827600
2026-04-02,EH,10.36,491100
2026-04-06,EH,10.95,600100
2026-04-07,EH,10.75,471100
2026-04-08,EH,11.04,536300
2026-04-09,EH,10.83,540800
2026-04-10,EH,10.72,458400
2026-04-13,EH,10.81,345600
2026-04-14,EH,11.29,515000
2026-04-15,EH,11.35,496000
2026-04-16,EH,11.69,641600
2026-04-17,EH,11.55,479800
2026-04-20,EH,11.22,501100
2026-04-21,EH,10.78,504800
2026-04-22,EH,11.05,428100
2026-04-23,EH,10.37,574500
2026-04-24,EH,10.21,828700
2026-04-27,EH,10.04,614000
2026-04-28,EH,9.86,450200
2026-04-29,EH,9.28,788000
2026-04-30,EH,9.76,604200
2026-05-01,EH,10.15,449600
2026-05-04,EH,10.15,477900
2026-05-05,EH,10.12,375400
2026-05-06,EH,10.5,527700
2026-05-07,EH,10.41,457000
2026-05-08,EH,10.3,267400
2026-05-11,EH,10.21,552000
2026-05-12,EH,9.85,751294
2026-02-02,EL,118.3885,4868805
2026-02-03,EL,115.9063,3543415
2026-02-04,EL,119.2359,5171594
2026-02-05,EL,96.3577,18416641
2026-02-06,EL,99.1589,8558292
2026-02-09,EL,98.7003,4715423
2026-02-10,EL,100.9931,4211271
2026-02-11,EL,105.0604,4716118
2026-02-12,EL,106.0871,5383303
2026-02-13,EL,107.9014,3414083
2026-02-17,EL,111.7892,4394150
2026-02-18,EL,111.2509,5347693
2026-02-19,EL,111.3905,2067417
2026-02-20,EL,113.8727,2667207
2026-02-23,EL,112.6665,3556638
2026-02-24,EL,114.9294,3379715
2026-02-25,EL,112.5668,2900592
2026-02-26,EL,111.55,3531898
2026-02-27,EL,109.47,5885215
2026-03-02,EL,100.19,5245065
2026-03-03,EL,98.71,5841891
2026-03-04,EL,99.21,3580473
2026-03-05,EL,95.87,3354185
2026-03-06,EL,92.72,4607423
2026-03-09,EL,92.63,4666235
2026-03-10,EL,94.27,4947605
2026-03-11,EL,91.54,2854676
2026-03-12,EL,84.29,5679588
2026-03-13,EL,87.88,4275524
2026-03-16,EL,88.76,3365606
2026-03-17,EL,88.91,2578699
2026-03-18,EL,86.02,3541609
2026-03-19,EL,85.6,3755334
2026-03-20,EL,85.92,5640415
2026-03-23,EL,79.29,9878834
2026-03-24,EL,71.48,19705830
2026-03-25,EL,73.11,6761812
2026-03-26,EL,69.75,5360331
2026-03-27,EL,67.23,4195124
2026-03-30,EL,67.98,5267000
2026-03-31,EL,71.77,5428700
2026-04-01,EL,70.71,7895100
2026-04-02,EL,69.12,8326300
2026-04-06,EL,70.91,4161100
2026-04-07,EL,69.17,4225200
2026-04-08,EL,71.44,4558500
2026-04-09,EL,73.29,3494000
2026-04-10,EL,72.67,4912200
2026-04-13,EL,74.55,4792900
2026-04-14,EL,76.42,3927700
2026-04-15,EL,76.6,2726900
2026-04-16,EL,75.34,3201600
2026-04-17,EL,76.2,4179300
2026-04-20,EL,77.85,3231700
2026-04-21,EL,75.86,3371800
2026-04-22,EL,76.66,3545200
2026-04-23,EL,76.4,2502300
2026-04-24,EL,77.82,2251300
2026-04-27,EL,77.32,3105500
2026-04-28,EL,77.1,3821900
2026-04-29,EL,75.69,3164800
2026-04-30,EL,76.71,4812400
2026-05-01,EL,79.3,7022700
2026-05-04,EL,81.33,5333600
2026-05-05,EL,82.85,3988300
2026-05-06,EL,86.67,3745600
2026-05-07,EL,85.29,3023300
2026-05-08,EL,86.2,2310600
2026-05-11,EL,82.75,3091300
2026-05-12,EL,84.89,2414595
2026-02-02,ELAN,24.75,3502000
2026-02-03,ELAN,24.35,3613700
2026-02-04,ELAN,24.4,4556200
2026-02-05,ELAN,24.31,6675200
2026-02-06,ELAN,25.2,5821400
2026-02-09,ELAN,24.83,3182600
2026-02-10,ELAN,25.61,3139800
2026-02-11,ELAN,25.71,5586200
2026-02-12,ELAN,24.79,6289400
2026-02-13,ELAN,25.13,3343500
2026-02-17,ELAN,24.86,3415400
2026-02-18,ELAN,24.78,5658000
2026-02-19,ELAN,25.2,2933700
2026-02-20,ELAN,24.98,4957400
2026-02-23,ELAN,24.75,3775200
2026-02-24,ELAN,26.38,8607300
2026-02-25,ELAN,26.84,7567100
2026-02-26,ELAN,26.19,5234700
2026-02-27,ELAN,26.4,4933200
2026-03-02,ELAN,26.09,3220100
2026-03-03,ELAN,24.88,2601400
2026-03-04,ELAN,24.44,4091200
2026-03-05,ELAN,23.92,4497000
2026-03-06,ELAN,23.36,3154000
2026-03-09,ELAN,23.94,4227108
2026-03-10,ELAN,23.67,3982669
2026-03-11,ELAN,23.45,3495900
2026-03-12,ELAN,22.68,3425500
2026-03-13,ELAN,22.94,2963700
2026-03-16,ELAN,23.4,3818600
2026-03-17,ELAN,25.18,15043600
2026-03-18,ELAN,24.83,13037700
2026-03-19,ELAN,25.12,6646300
2026-03-20,ELAN,23.98,9322800
2026-03-23,ELAN,24.44,4430800
2026-03-24,ELAN,24.9,7962300
2026-03-25,ELAN,25.5,6975700
2026-03-26,ELAN,24.58,5211600
2026-03-27,ELAN,23.13,5442100
2026-03-30,ELAN,23.44,5258000
2026-03-31,ELAN,23.93,5342600
2026-04-01,ELAN,23.12,4866500
2026-04-02,ELAN,23.08,4254900
2026-04-06,ELAN,22.82,4661800
2026-04-07,ELAN,22.8,3478200
2026-04-08,ELAN,23.6,5221200
2026-04-09,ELAN,23.46,4505000
2026-04-10,ELAN,23.13,3442100
2026-04-13,ELAN,23.86,5716500
2026-04-14,ELAN,24.11,2611300
2026-04-15,ELAN,23.23,4220000
2026-04-16,ELAN,23.13,4061100
2026-04-17,ELAN,23.68,3631900
2026-04-20,ELAN,23.68,2692100
2026-04-21,ELAN,22.61,4864300
2026-04-22,ELAN,22.46,4925500
2026-04-23,ELAN,22.39,3672300
2026-04-24,ELAN,22.75,3884300
2026-04-27,ELAN,22.09,7490600
2026-04-28,ELAN,22.15,4236400
2026-04-29,ELAN,21.8,3259800
2026-04-30,ELAN,22.37,3250400
2026-05-01,ELAN,22.51,4142900
2026-05-04,ELAN,22.51,6236000
2026-05-05,ELAN,22.99,6295500
2026-05-06,ELAN,26.18,12365400
2026-05-07,ELAN,24.01,11810700
2026-05-08,ELAN,23.65,8288000
2026-05-11,ELAN,21.72,8236200
2026-05-12,ELAN,21.43,10856900
2026-02-02,EMR,148.061,4534100
2026-02-03,EMR,151.5177,4908500
2026-02-04,EMR,156.7178,9706700
2026-02-05,EMR,150.3622,5617200
2026-02-06,EMR,156.7775,3400800
2026-02-09,EMR,159.3975,3058200
2026-02-10,EMR,161.071,3171200
2026-02-11,EMR,154.0779,7595500
2026-02-12,EMR,144.425,9898100
2026-02-13,EMR,148.13,5181300
2026-02-17,EMR,148.85,4608200
2026-02-18,EMR,151.14,3699400
2026-02-19,EMR,151.3,2254000
2026-02-20,EMR,148.62,3140300
2026-02-23,EMR,145.51,2446400
2026-02-24,EMR,150.88,2927800
2026-02-25,EMR,148.44,2418700
2026-02-26,EMR,152.72,2676300
2026-02-27,EMR,150.75,2904600
2026-03-02,EMR,152.08,2504600
2026-03-03,EMR,146.57,2915700
2026-03-04,EMR,145.21,2660000
2026-03-05,EMR,142.22,3889800
2026-03-06,EMR,138.36,2060900
2026-03-09,EMR,141.12,3148959
2026-03-10,EMR,140.1,3156452
2026-03-11,EMR,139.57,2043000
2026-03-12,EMR,132.18,3356800
2026-03-13,EMR,132.24,3531500
2026-03-16,EMR,133.09,2352700
2026-03-17,EMR,132.49,3407500
2026-03-18,EMR,129.88,1997500
2026-03-19,EMR,129.9,3141600
2026-03-20,EMR,128.15,3353000
2026-03-23,EMR,129.83,4006500
2026-03-24,EMR,130.15,2950600
2026-03-25,EMR,130.86,3087600
2026-03-26,EMR,126.31,2484400
2026-03-27,EMR,125.4,3474600
2026-03-30,EMR,123.3,2986500
2026-03-31,EMR,131.02,5004400
2026-04-01,EMR,132.37,2898100
2026-04-02,EMR,131.7,2562600
2026-04-06,EMR,132.66,2897800
2026-04-07,EMR,134.64,3030400
2026-04-08,EMR,142.66,4869700
2026-04-09,EMR,144.67,2344400
2026-04-10,EMR,143.77,2029400
2026-04-13,EMR,144.46,2606900
2026-04-14,EMR,144.56,1986100
2026-04-15,EMR,140.4,2565900
2026-04-16,EMR,140.37,3274100
2026-04-17,EMR,146.35,3831100
2026-04-20,EMR,146.77,2222700
2026-04-21,EMR,144.83,1706400
2026-04-22,EMR,142.77,2261800
2026-04-23,EMR,142.44,2660900
2026-04-24,EMR,141.35,2455200
2026-04-27,EMR,141.47,2595300
2026-04-28,EMR,138.42,1779300
2026-04-29,EMR,136.56,2866400
2026-04-30,EMR,140.44,2736900
2026-05-01,EMR,137.45,2759800
2026-05-04,EMR,135.46,3316600
2026-05-05,EMR,138.38,4138800
2026-05-06,EMR,147.99,5843800
2026-05-07,EMR,141.09,3937800
2026-05-08,EMR,141.31,2534500
2026-05-11,EMR,139.43,2487500
2026-05-12,EMR,137.28,2776266
2026-02-02,ENPH,36.47,6169000
2026-02-03,ENPH,37.28,11415400
2026-02-04,ENPH,51.67,50002200
2026-02-05,ENPH,47.27,11739800
2026-02-06,ENPH,49.8,11018300
2026-02-09,ENPH,50.3,6911900
2026-02-10,ENPH,50.25,8133600
2026-02-11,ENPH,48.23,8035100
2026-02-12,ENPH,44.14,8674200
2026-02-13,ENPH,43.49,4748900
2026-02-17,ENPH,45.64,6112500
2026-02-18,ENPH,46.04,4736800
2026-02-19,ENPH,44.25,4829100
2026-02-20,ENPH,46.56,5731300
2026-02-23,ENPH,47.4,4425000
2026-02-24,ENPH,49.74,5973400
2026-02-25,ENPH,48.49,5972500
2026-02-26,ENPH,45.77,5023700
2026-02-27,ENPH,42.27,6853200
2026-03-02,ENPH,44.71,6116600
2026-03-03,ENPH,43.2,3581900
2026-03-04,ENPH,42.66,3269000
2026-03-05,ENPH,41.15,5788800
2026-03-06,ENPH,40.23,5982800
2026-03-09,ENPH,40.86,6468534
2026-03-10,ENPH,43.59,5382082
2026-03-11,ENPH,43.34,3518700
2026-03-12,ENPH,42.6,3702700
2026-03-13,ENPH,44.07,4072100
2026-03-16,ENPH,45.89,4249100
2026-03-17,ENPH,44.7,4528400
2026-03-18,ENPH,43.28,4215200
2026-03-19,ENPH,44.64,4762100
2026-03-20,ENPH,44.11,6996900
2026-03-23,ENPH,40.76,5869900
2026-03-24,ENPH,40.97,4507000
2026-03-25,ENPH,42.53,4790500
2026-03-26,ENPH,40.18,4239100
2026-03-27,ENPH,37.84,6476400
2026-03-30,ENPH,35.64,5347100
2026-03-31,ENPH,37.81,4668600
2026-04-01,ENPH,38.28,4044300
2026-04-02,ENPH,34.92,6442000
2026-04-06,ENPH,33.64,5857500
2026-04-07,ENPH,32.04,8540600
2026-04-08,ENPH,32.56,6154600
2026-04-09,ENPH,31.26,6562800
2026-04-10,ENPH,31.19,5660100
2026-04-13,ENPH,31.37,4870800
2026-04-14,ENPH,32.0,5045300
2026-04-15,ENPH,32.18,9179800
2026-04-16,ENPH,31.96,5782400
2026-04-17,ENPH,32.48,7974500
2026-04-20,ENPH,33.88,9055600
2026-04-21,ENPH,33.62,7178800
2026-04-22,ENPH,35.36,5801900
2026-04-23,ENPH,36.16,7628700
2026-04-24,ENPH,35.77,5217600
2026-04-27,ENPH,35.24,4406600
2026-04-28,ENPH,34.3,9706800
2026-04-29,ENPH,31.19,17279000
2026-04-30,ENPH,32.96,9936400
2026-05-01,ENPH,33.85,5870300
2026-05-04,ENPH,32.54,5524000
2026-05-05,ENPH,36.02,8529000
2026-05-06,ENPH,35.8,4826300
2026-05-07,ENPH,35.47,4724500
2026-05-08,ENPH,36.45,3710900
2026-05-11,ENPH,37.65,6512600
2026-05-12,ENPH,37.48,4818767
2026-02-02,ENVX,6.85,6433100
2026-02-03,ENVX,6.54,9461700
2026-02-04,ENVX,6.41,8530600
2026-02-05,ENVX,5.645,10449100
2026-02-06,ENVX,6.38,9661700
2026-02-09,ENVX,6.48,7990200
2026-02-10,ENVX,6.28,5690200
2026-02-11,ENVX,6.13,5847300
2026-02-12,ENVX,5.76,7019500
2026-02-13,ENVX,5.92,4874500
2026-02-17,ENVX,5.92,4132300
2026-02-18,ENVX,5.95,3769700
2026-02-19,ENVX,6.03,2664600
2026-02-20,ENVX,5.95,3945800
2026-02-23,ENVX,5.87,3552800
2026-02-24,ENVX,6.11,4844100
2026-02-25,ENVX,6.15,8118600
2026-02-26,ENVX,5.95,12787200
2026-02-27,ENVX,5.27,10542600
2026-03-02,ENVX,5.45,7351700
2026-03-03,ENVX,5.07,6851400
2026-03-04,ENVX,5.11,5227200
2026-03-05,ENVX,5.05,6356000
2026-03-06,ENVX,4.85,7165500
2026-03-09,ENVX,5.09,7242638
2026-03-10,ENVX,4.94,6874551
2026-03-11,ENVX,5.01,5007100
2026-03-12,ENVX,4.92,5456300
2026-03-13,ENVX,4.94,4920600
2026-03-16,ENVX,5.07,4631900
2026-03-17,ENVX,5.11,3607200
2026-03-18,ENVX,4.84,5109400
2026-03-19,ENVX,5.08,4838400
2026-03-20,ENVX,4.86,8010200
2026-03-23,ENVX,5.02,4686800
2026-03-24,ENVX,5.04,4520600
2026-03-25,ENVX,5.39,6204200
2026-03-26,ENVX,5.12,4568900
2026-03-27,ENVX,5.23,5279600
2026-03-30,ENVX,4.88,8061700
2026-03-31,ENVX,5.18,6213300
2026-04-01,ENVX,4.97,5096400
2026-04-02,ENVX,5.06,3977400
2026-04-06,ENVX,5.75,9991600
2026-04-07,ENVX,5.56,6853100
2026-04-08,ENVX,5.73,5213000
2026-04-09,ENVX,5.58,4553500
2026-04-10,ENVX,6.09,7862700
2026-04-13,ENVX,5.98,4416900
2026-04-14,ENVX,6.36,6070700
2026-04-15,ENVX,6.31,5185400
2026-04-16,ENVX,6.54,5909400
2026-04-17,ENVX,6.62,5620200
2026-04-20,ENVX,6.83,4802500
2026-04-21,ENVX,6.53,6766300
2026-04-22,ENVX,7.0,6691100
2026-04-23,ENVX,6.64,5925000
2026-04-24,ENVX,6.61,4294300
2026-04-27,ENVX,6.51,4881300
2026-04-28,ENVX,6.37,4008600
2026-04-29,ENVX,6.4,4309500
2026-04-30,ENVX,6.67,4311700
2026-05-01,ENVX,6.77,2876200
2026-05-04,ENVX,6.75,4408900
2026-05-05,ENVX,6.88,5655700
2026-05-06,ENVX,6.69,8118100
2026-05-07,ENVX,6.42,4951600
2026-05-08,ENVX,6.61,4728900
2026-05-11,ENVX,7.18,11830500
2026-05-12,ENVX,6.97,6912701
2026-02-02,EQIX,805.9871,603300
2026-02-03,EQIX,797.4835,499700
2026-02-04,EQIX,797.7819,520300
2026-02-05,EQIX,803.1824,595700
2026-02-06,EQIX,843.5226,615500
2026-02-09,EQIX,853.0904,436700
2026-02-10,EQIX,852.0958,510600
2026-02-11,EQIX,862.8174,652400
2026-02-12,EQIX,952.6776,2685300
2026-02-13,EQIX,951.0067,1063900
2026-02-17,EQIX,946.8096,700200
2026-02-18,EQIX,919.2299,837500
2026-02-19,EQIX,913.0536,647800
2026-02-20,EQIX,923.079,993600
2026-02-23,EQIX,940.5139,665100
2026-02-24,EQIX,946.74,486100
2026-02-25,EQIX,960.52,639500
2026-02-26,EQIX,948.02,612300
2026-02-27,EQIX,974.26,1141200
2026-03-02,EQIX,966.1,409300
2026-03-03,EQIX,972.01,849500
2026-03-04,EQIX,969.04,624700
2026-03-05,EQIX,953.0,692500
2026-03-06,EQIX,937.2,688400
2026-03-09,EQIX,944.91,699460
2026-03-10,EQIX,956.07,658615
2026-03-11,EQIX,973.43,661200
2026-03-12,EQIX,971.47,756300
2026-03-13,EQIX,969.9,512300
2026-03-16,EQIX,984.46,790300
2026-03-17,EQIX,976.88,422100
2026-03-18,EQIX,973.56,462900
2026-03-19,EQIX,974.76,416300
2026-03-20,EQIX,959.16,1817800
2026-03-23,EQIX,966.96,576000
2026-03-24,EQIX,964.53,499400
2026-03-25,EQIX,965.95,380100
2026-03-26,EQIX,963.39,530200
2026-03-27,EQIX,963.0,397500
2026-03-30,EQIX,964.05,717500
2026-03-31,EQIX,980.24,647800
2026-04-01,EQIX,995.98,476800
2026-04-02,EQIX,1000.37,464300
2026-04-06,EQIX,1016.08,301500
2026-04-07,EQIX,1007.29,424300
2026-04-08,EQIX,1017.66,505800
2026-04-09,EQIX,1031.5699,405800
2026-04-10,EQIX,1030.24,342800
2026-04-13,EQIX,1056.84,450700
2026-04-14,EQIX,1057.37,510600
2026-04-15,EQIX,1052.98,614000
2026-04-16,EQIX,1070.9,467500
2026-04-17,EQIX,1088.62,463000
2026-04-20,EQIX,1103.97,373300
2026-04-21,EQIX,1094.34,507400
2026-04-22,EQIX,1102.28,519900
2026-04-23,EQIX,1115.29,563800
2026-04-24,EQIX,1108.76,610000
2026-04-27,EQIX,1089.85,589500
2026-04-28,EQIX,1076.4,807100
2026-04-29,EQIX,1089.0699,673000
2026-04-30,EQIX,1082.83,1077300
2026-05-01,EQIX,1085.03,658200
2026-05-04,EQIX,1083.2,485500
2026-05-05,EQIX,1078.46,385800
2026-05-06,EQIX,1087.96,545400
2026-05-07,EQIX,1066.76,443800
2026-05-08,EQIX,1072.08,428700
2026-05-11,EQIX,1086.22,679400
2026-05-12,EQIX,1080.63,392617
2026-02-02,EQNR,25.6083,6855200
2026-02-03,EQNR,25.9932,8097300
2026-02-04,EQNR,26.4372,8650900
2026-02-05,EQNR,26.1116,5824700
2026-02-06,EQNR,27.1576,6520400
2026-02-09,EQNR,27.2958,3785100
2026-02-10,EQNR,27.4932,5430000
2026-02-11,EQNR,28.2037,4192900
2026-02-12,EQNR,27.2465,5893400
2026-02-13,EQNR,27.73,3638600
2026-02-17,EQNR,27.32,3903800
2026-02-18,EQNR,28.25,5385200
2026-02-19,EQNR,28.85,10922200
2026-02-20,EQNR,28.82,6386700
2026-02-23,EQNR,29.03,2177200
2026-02-24,EQNR,29.12,3169500
2026-02-25,EQNR,29.16,3477100
2026-02-26,EQNR,28.95,4359000
2026-02-27,EQNR,29.83,4494300
2026-03-02,EQNR,32.07,14377800
2026-03-03,EQNR,31.25,11777300
2026-03-04,EQNR,31.58,6158000
2026-03-05,EQNR,31.76,10378600
2026-03-06,EQNR,33.59,10989600
2026-03-09,EQNR,32.43,15344370
2026-03-10,EQNR,32.44,13068820
2026-03-11,EQNR,33.53,6649300
2026-03-12,EQNR,34.37,9686000
2026-03-13,EQNR,35.25,10486500
2026-03-16,EQNR,35.63,5265400
2026-03-17,EQNR,36.94,5474900
2026-03-18,EQNR,38.53,11512800
2026-03-19,EQNR,40.51,22092000
2026-03-20,EQNR,41.6,13555300
2026-03-23,EQNR,39.37,17726600
2026-03-24,EQNR,39.95,14088600
2026-03-25,EQNR,40.44,9982200
2026-03-26,EQNR,41.12,7682300
2026-03-27,EQNR,41.53,8504200
2026-03-30,EQNR,42.4,7797042
2026-03-31,EQNR,42.2,10491980
2026-04-01,EQNR,40.39,12140600
2026-04-02,EQNR,41.75,7193800
2026-04-06,EQNR,41.95,3227300
2026-04-07,EQNR,42.07,5764700
2026-04-08,EQNR,39.33,11372400
2026-04-09,EQNR,38.55,6520000
2026-04-10,EQNR,38.96,5880100
2026-04-13,EQNR,39.2,4716000
2026-04-14,EQNR,38.0,5975700
2026-04-15,EQNR,36.82,7921600
2026-04-16,EQNR,38.27,6308400
2026-04-17,EQNR,35.47,13499000
2026-04-20,EQNR,36.01,5430900
2026-04-21,EQNR,37.65,5769800
2026-04-22,EQNR,37.97,3871000
2026-04-23,EQNR,38.61,4664400
2026-04-24,EQNR,37.94,2661400
2026-04-27,EQNR,38.05,2664500
2026-04-28,EQNR,38.51,4249500
2026-04-29,EQNR,40.07,4097000
2026-04-30,EQNR,40.75,4594600
2026-05-01,EQNR,39.71,3472500
2026-05-04,EQNR,41.32,4615400
2026-05-05,EQNR,41.36,2794100
2026-05-06,EQNR,38.03,6446600
2026-05-07,EQNR,36.91,7367000
2026-05-08,EQNR,36.69,4510200
2026-05-11,EQNR,38.22,3568900
2026-05-12,EQNR,38.52,2741750
2026-02-02,ERTH,47.5561,2400
2026-02-03,ERTH,47.9256,3300
2026-02-04,ERTH,48.0554,6300
2026-02-05,ERTH,47.5361,2000
2026-02-06,ERTH,48.7245,3600
2026-02-09,ERTH,49.0241,3100
2026-02-10,ERTH,49.1639,3300
2026-02-11,ERTH,49.4336,6300
2026-02-12,ERTH,48.8843,2700
2026-02-13,ERTH,49.0741,1000
2026-02-17,ERTH,49.4336,1900
2026-02-18,ERTH,49.4136,1000
2026-02-19,ERTH,49.134,1800
2026-02-20,ERTH,49.5135,2000
2026-02-23,ERTH,49.2738,1800
2026-02-24,ERTH,49.7831,6200
2026-02-25,ERTH,49.6833,3200
2026-02-26,ERTH,48.7445,9000
2026-02-27,ERTH,48.2552,2400
2026-03-02,ERTH,48.1253,2300
2026-03-03,ERTH,46.927,3900
2026-03-04,ERTH,47.4263,3900
2026-03-05,ERTH,46.7672,4200
2026-03-06,ERTH,46.3877,3200
2026-03-09,ERTH,46.9369,3700
2026-03-10,ERTH,47.3064,4500
2026-03-11,ERTH,47.636,2900
2026-03-12,ERTH,47.0768,3000
2026-03-13,ERTH,46.7772,2300
2026-03-16,ERTH,47.9356,7500
2026-03-17,ERTH,48.0654,1100
2026-03-18,ERTH,47.3364,1600
2026-03-19,ERTH,47.3464,5900
2026-03-20,ERTH,46.148,4600
2026-03-23,ERTH,47.0,3699
2026-03-24,ERTH,47.0313,857
2026-03-25,ERTH,47.58,5700
2026-03-26,ERTH,46.6,4500
2026-03-27,ERTH,45.95,3700
2026-03-30,ERTH,45.98,5300
2026-03-31,ERTH,47.41,9200
2026-04-01,ERTH,47.62,4600
2026-04-02,ERTH,47.42,3600
2026-04-06,ERTH,47.2967,2429
2026-04-07,ERTH,47.0357,2922
2026-04-08,ERTH,48.32,3300
2026-04-09,ERTH,48.22,1400
2026-04-10,ERTH,48.82,700
2026-04-13,ERTH,49.08,2200
2026-04-14,ERTH,49.8,2200
2026-04-15,ERTH,49.82,1900
2026-04-16,ERTH,49.89,2800
2026-04-17,ERTH,50.19,4100
2026-04-20,ERTH,50.1044,1198
2026-04-21,ERTH,49.5569,2651
2026-04-22,ERTH,49.9,2300
2026-04-23,ERTH,49.6,1800
2026-04-24,ERTH,49.8,1000
2026-04-27,ERTH,49.9764,1973
2026-04-28,ERTH,49.4351,1206
2026-04-29,ERTH,49.14,600
2026-04-30,ERTH,49.76,1900
2026-05-01,ERTH,49.78,3300
2026-05-04,ERTH,49.3152,1129
2026-05-05,ERTH,49.7276,3325
2026-05-06,ERTH,50.5,6500
2026-05-07,ERTH,49.9696,1001
2026-05-08,ERTH,50.3998,5930
2026-05-11,ERTH,50.8671,2119
2026-05-12,ERTH,50.1623,932
2026-02-02,ETN,357.3352,3867500
2026-02-03,ETN,360.4071,5853300
2026-02-04,ETN,362.8626,5131600
2026-02-05,ETN,352.5931,3303300
2026-02-06,ETN,371.631,3105600
2026-02-09,ETN,374.852,2809400
2026-02-10,ETN,375.2596,1795300
2026-02-11,ETN,393.7706,3826600
2026-02-12,ETN,388.0443,4603600
2026-02-13,ETN,386.9706,2253500
2026-02-17,ETN,389.1975,2094500
2026-02-18,ETN,378.1526,2740000
2026-02-19,ETN,375.1105,2277400
2026-02-20,ETN,371.1936,2600300
2026-02-23,ETN,359.9299,2920800
2026-02-24,ETN,372.3667,2387200
2026-02-25,ETN,371.3427,2300100
2026-02-26,ETN,372.3965,2231100
2026-02-27,ETN,373.7187,2169000
2026-03-02,ETN,375.19,1828400
2026-03-03,ETN,353.4779,2864200
2026-03-04,ETN,352.3844,1793000
2026-03-05,ETN,352.7124,3219700
2026-03-06,ETN,345.7137,3795100
2026-03-09,ETN,351.7978,3409100
2026-03-10,ETN,360.065,3646400
2026-03-11,ETN,354.8095,2807300
2026-03-12,ETN,347.6792,2429200
2026-03-13,ETN,354.4206,3581800
2026-03-16,ETN,360.045,3493900
2026-03-17,ETN,362.947,1942300
2026-03-18,ETN,359.5464,2240200
2026-03-19,ETN,359.2373,2144800
2026-03-20,ETN,355.8167,4219100
2026-03-23,ETN,358.7486,2618100
2026-03-24,ETN,373.069,2666100
2026-03-25,ETN,373.9666,2527400
2026-03-26,ETN,356.1159,2036900
2026-03-27,ETN,356.3752,2152100
2026-03-30,ETN,342.5833,3239200
2026-03-31,ETN,356.6843,2175100
2026-04-01,ETN,364.5526,1980500
2026-04-02,ETN,360.1049,1424600
2026-04-06,ETN,362.8872,1360900
2026-04-07,ETN,367.8335,2185300
2026-04-08,ETN,384.5174,2255100
2026-04-09,ETN,399.3364,2134100
2026-04-10,ETN,401.8894,2218700
2026-04-13,ETN,402.2484,1818700
2026-04-14,ETN,400.7924,1825900
2026-04-15,ETN,393.9713,2266900
2026-04-16,ETN,391.6477,1815700
2026-04-17,ETN,405.0905,2624700
2026-04-20,ETN,406.4468,2416200
2026-04-21,ETN,408.5709,2022300
2026-04-22,ETN,412.7294,2683000
2026-04-23,ETN,423.3301,2912100
2026-04-24,ETN,422.7517,2490300
2026-04-27,ETN,415.6214,2463900
2026-04-28,ETN,411.9316,2483900
2026-04-29,ETN,409.638,1932500
2026-04-30,ETN,431.8167,3251000
2026-05-01,ETN,424.3772,2478400
2026-05-04,ETN,421.2758,3298500
2026-05-05,ETN,409.7277,6876500
2026-05-06,ETN,420.2287,3289700
2026-05-07,ETN,398.05,3590000
2026-05-08,ETN,401.51,2386900
2026-05-11,ETN,419.0,3724700
2026-05-12,ETN,401.53,2951200
2026-02-02,ETSY,53.61,2656110
2026-02-03,ETSY,53.29,3767696
2026-02-04,ETSY,53.09,5556695
2026-02-05,ETSY,54.46,5998175
2026-02-06,ETSY,57.82,4399713
2026-02-09,ETSY,55.1,2789876
2026-02-10,ETSY,54.08,3733792
2026-02-11,ETSY,47.46,6705838
2026-02-12,ETSY,46.24,5332611
2026-02-13,ETSY,45.73,3223651
2026-02-17,ETSY,44.36,4452249
2026-02-18,ETSY,44.05,7448212
2026-02-19,ETSY,48.14,13378650
2026-02-20,ETSY,52.18,9931675
2026-02-23,ETSY,52.37,5178930
2026-02-24,ETSY,54.4,4632187
2026-02-25,ETSY,53.44,3257469
2026-02-26,ETSY,55.18,2671196
2026-02-27,ETSY,54.88,2281130
2026-03-02,ETSY,53.97,2575294
2026-03-03,ETSY,54.46,3420151
2026-03-04,ETSY,55.65,3795947
2026-03-05,ETSY,56.63,3602835
2026-03-06,ETSY,56.4,3669904
2026-03-09,ETSY,55.78,2502671
2026-03-10,ETSY,53.35,3199423
2026-03-11,ETSY,52.69,2410713
2026-03-12,ETSY,51.99,2731173
2026-03-13,ETSY,52.02,2015859
2026-03-16,ETSY,53.14,2047487
2026-03-17,ETSY,54.92,2288938
2026-03-18,ETSY,54.12,1621899
2026-03-19,ETSY,54.76,1830239
2026-03-20,ETSY,52.84,3372155
2026-03-23,ETSY,52.49,2769880
2026-03-24,ETSY,49.46,5683822
2026-03-25,ETSY,48.23,3045584
2026-03-26,ETSY,48.52,2359058
2026-03-27,ETSY,47.31,3039806
2026-03-30,ETSY,47.5,2273655
2026-03-31,ETSY,49.98,2510543
2026-04-01,ETSY,49.97,1822201
2026-04-02,ETSY,51.64,2597609
2026-04-06,ETSY,54.4,3567484
2026-04-07,ETSY,53.94,1989189
2026-04-08,ETSY,53.99,2859822
2026-04-09,ETSY,53.42,2615974
2026-04-10,ETSY,52.69,1881831
2026-04-13,ETSY,55.34,2706731
2026-04-14,ETSY,55.99,1745858
2026-04-15,ETSY,57.92,2036325
2026-04-16,ETSY,59.61,3082053
2026-04-17,ETSY,61.9,3263314
2026-04-20,ETSY,64.18,2876696
2026-04-21,ETSY,65.19,2949358
2026-04-22,ETSY,66.06,2663742
2026-04-23,ETSY,63.48,2839895
2026-04-24,ETSY,62.79,2704328
2026-04-27,ETSY,65.11,2756595
2026-04-28,ETSY,63.21,5154346
2026-04-29,ETSY,69.6,8898272
2026-04-30,ETSY,64.34,5905985
2026-05-01,ETSY,63.17,3159118
2026-05-04,ETSY,64.04,3692255
2026-05-05,ETSY,62.95,2781025
2026-05-06,ETSY,64.97,2689119
2026-05-07,ETSY,64.02,2462083
2026-05-08,ETSY,64.38,2342848
2026-05-11,ETSY,59.86,3571958
2026-05-12,ETSY,57.51,3969549
2026-02-02,EVEX,3.8,1214488
2026-02-03,EVEX,3.74,1748225
2026-02-04,EVEX,3.65,2286659
2026-02-05,EVEX,3.17,2036040
2026-02-06,EVEX,3.32,1379603
2026-02-09,EVEX,3.26,1646920
2026-02-10,EVEX,3.21,1026819
2026-02-11,EVEX,3.07,1508793
2026-02-12,EVEX,3.02,1474159
2026-02-13,EVEX,3.01,1164630
2026-02-17,EVEX,3.05,716627
2026-02-18,EVEX,3.07,788109
2026-02-19,EVEX,3.13,576390
2026-02-20,EVEX,3.1,727996
2026-02-23,EVEX,2.95,1390637
2026-02-24,EVEX,2.99,1312149
2026-02-25,EVEX,3.01,928022
2026-02-26,EVEX,3.15,916014
2026-02-27,EVEX,3.0,862156
2026-03-02,EVEX,3.13,870618
2026-03-03,EVEX,3.02,1100993
2026-03-04,EVEX,3.08,873631
2026-03-05,EVEX,3.04,960036
2026-03-06,EVEX,2.92,1066463
2026-03-09,EVEX,3.01,1180477
2026-03-10,EVEX,2.99,1200194
2026-03-11,EVEX,2.97,927019
2026-03-12,EVEX,2.78,1098999
2026-03-13,EVEX,2.76,1718039
2026-03-16,EVEX,2.79,1221409
2026-03-17,EVEX,2.57,1612858
2026-03-18,EVEX,2.5,1709930
2026-03-19,EVEX,2.43,1593336
2026-03-20,EVEX,2.4,2239833
2026-03-23,EVEX,2.49,1192840
2026-03-24,EVEX,2.49,1491526
2026-03-25,EVEX,2.6,1741276
2026-03-26,EVEX,2.57,1259329
2026-03-27,EVEX,2.43,1527787
2026-03-30,EVEX,2.38,1319777
2026-03-31,EVEX,2.48,1568989
2026-04-01,EVEX,2.55,1130111
2026-04-02,EVEX,2.64,1319660
2026-04-06,EVEX,2.69,1119958
2026-04-07,EVEX,2.57,955482
2026-04-08,EVEX,2.7,1029500
2026-04-09,EVEX,2.66,827863
2026-04-10,EVEX,2.7,723848
2026-04-13,EVEX,2.69,1259261
2026-04-14,EVEX,2.7,1500310
2026-04-15,EVEX,2.77,1872555
2026-04-16,EVEX,2.75,1132361
2026-04-17,EVEX,2.94,1771443
2026-04-20,EVEX,2.95,1921530
2026-04-21,EVEX,2.94,2309609
2026-04-22,EVEX,2.9,1779125
2026-04-23,EVEX,2.76,1592595
2026-04-24,EVEX,2.77,1154092
2026-04-27,EVEX,2.87,1233911
2026-04-28,EVEX,2.86,894957
2026-04-29,EVEX,2.78,1159547
2026-04-30,EVEX,2.88,1330700
2026-05-01,EVEX,2.9,856836
2026-05-04,EVEX,2.85,1022567
2026-05-05,EVEX,2.69,2125551
2026-05-06,EVEX,3.24,1974043
2026-05-07,EVEX,3.21,1474587
2026-05-08,EVEX,3.23,1100601
2026-05-11,EVEX,3.12,1256911
2026-05-12,EVEX,3.26,1124680
2026-02-02,EVTL,4.71,1107773
2026-02-03,EVTL,4.68,1475241
2026-02-04,EVTL,4.45,1452282
2026-02-05,EVTL,4.06,1358316
2026-02-06,EVTL,4.53,1413765
2026-02-09,EVTL,4.83,1062102
2026-02-10,EVTL,4.63,1184921
2026-02-11,EVTL,4.48,1075361
2026-02-12,EVTL,4.26,1042056
2026-02-13,EVTL,4.39,758483
2026-02-17,EVTL,4.46,673446
2026-02-18,EVTL,4.49,515758
2026-02-19,EVTL,4.6,525205
2026-02-20,EVTL,4.4,721926
2026-02-23,EVTL,4.07,1942193
2026-02-24,EVTL,4.18,781356
2026-02-25,EVTL,4.14,948364
2026-02-26,EVTL,4.34,902220
2026-02-27,EVTL,4.24,1233651
2026-03-02,EVTL,4.29,803826
2026-03-03,EVTL,4.03,1048831
2026-03-04,EVTL,4.12,645225
2026-03-05,EVTL,4.13,573177
2026-03-06,EVTL,4.01,650226
2026-03-09,EVTL,4.07,1020012
2026-03-10,EVTL,4.0,497069
2026-03-11,EVTL,4.02,391729
2026-03-12,EVTL,3.82,739941
2026-03-13,EVTL,3.74,700950
2026-03-16,EVTL,3.82,438980
2026-03-17,EVTL,3.92,550936
2026-03-18,EVTL,3.69,748584
2026-03-19,EVTL,3.71,822344
2026-03-20,EVTL,3.59,606426
2026-03-23,EVTL,3.52,1022807
2026-03-24,EVTL,2.88,3262222
2026-03-25,EVTL,2.65,3390428
2026-03-26,EVTL,2.39,2779419
2026-03-27,EVTL,2.06,3602523
2026-03-30,EVTL,2.02,8719059
2026-03-31,EVTL,2.21,12370510
2026-04-01,EVTL,2.26,7595784
2026-04-02,EVTL,2.28,2651088
2026-04-06,EVTL,2.31,4417509
2026-04-07,EVTL,2.18,3153854
2026-04-08,EVTL,2.48,6728641
2026-04-09,EVTL,2.3,2973525
2026-04-10,EVTL,2.34,1601876
2026-04-13,EVTL,2.44,2085394
2026-04-14,EVTL,2.63,2285569
2026-04-15,EVTL,2.66,3110066
2026-04-16,EVTL,3.34,17219051
2026-04-17,EVTL,2.99,10466670
2026-04-20,EVTL,2.86,3886429
2026-04-21,EVTL,2.66,3529893
2026-04-22,EVTL,2.69,2223022
2026-04-23,EVTL,2.47,3658397
2026-04-24,EVTL,2.37,1672122
2026-04-27,EVTL,2.38,3383591
2026-04-28,EVTL,2.35,1356912
2026-04-29,EVTL,2.24,2589466
2026-04-30,EVTL,2.34,2105838
2026-05-01,EVTL,2.43,1874692
2026-05-04,EVTL,2.36,2512147
2026-05-05,EVTL,2.39,2490262
2026-05-06,EVTL,2.72,10735800
2026-05-07,EVTL,2.68,2908879
2026-05-08,EVTL,2.81,3273633
2026-05-11,EVTL,2.65,3409759
2026-05-12,EVTL,2.55,2989490
2026-02-02,EVX,40.77,6125
2026-02-03,EVX,40.853,9481
2026-02-04,EVX,41.28,8372
2026-02-05,EVX,41.13,13199
2026-02-06,EVX,41.6933,16822
2026-02-09,EVX,41.86,10270
2026-02-10,EVX,42.07,7854
2026-02-11,EVX,42.32,10037
2026-02-12,EVX,41.43,5462
2026-02-13,EVX,41.78,9724
2026-02-17,EVX,41.76,8925
2026-02-18,EVX,41.75,6750
2026-02-19,EVX,41.85,5868
2026-02-20,EVX,41.65,16167
2026-02-23,EVX,41.34,8512
2026-02-24,EVX,41.56,8605
2026-02-25,EVX,41.63,12212
2026-02-26,EVX,41.86,8607
2026-02-27,EVX,42.09,5911
2026-03-02,EVX,42.07,5462
2026-03-03,EVX,41.67,16255
2026-03-04,EVX,41.5447,4145
2026-03-05,EVX,40.88,4031
2026-03-06,EVX,40.38,5461
2026-03-09,EVX,40.353,19004
2026-03-10,EVX,39.873,16346
2026-03-11,EVX,39.89,10688
2026-03-12,EVX,39.57,8491
2026-03-13,EVX,39.12,2893
2026-03-16,EVX,39.27,6018
2026-03-17,EVX,39.4909,4730
2026-03-18,EVX,38.75,5790
2026-03-19,EVX,38.75,8915
2026-03-20,EVX,37.85,9471
2026-03-23,EVX,38.2657,12130
2026-03-24,EVX,38.19,5052
2026-03-25,EVX,38.5896,5315
2026-03-26,EVX,38.23,9726
2026-03-27,EVX,37.73,6211
2026-03-30,EVX,37.9917,5407
2026-03-31,EVX,38.7208,26073
2026-04-01,EVX,39.3331,3718
2026-04-02,EVX,39.62,8514
2026-04-06,EVX,39.6925,7503
2026-04-07,EVX,39.5963,4380
2026-04-08,EVX,40.3859,1703
2026-04-09,EVX,40.4066,5103
2026-04-10,EVX,40.17,3847
2026-04-13,EVX,40.24,7849
2026-04-14,EVX,40.2501,2830
2026-04-15,EVX,39.76,13753
2026-04-16,EVX,39.63,5236
2026-04-17,EVX,39.8639,1645
2026-04-20,EVX,39.88,4600
2026-04-21,EVX,39.51,9200
2026-04-22,EVX,39.51,1700
2026-04-23,EVX,40.12,24500
2026-04-24,EVX,39.9,7700
2026-04-27,EVX,39.9,4500
2026-04-28,EVX,39.71,9600
2026-04-29,EVX,39.63,9200
2026-04-30,EVX,40.57,2400
2026-05-01,EVX,40.14,2800
2026-05-04,EVX,39.64,21817
2026-05-05,EVX,39.8778,4119
2026-05-06,EVX,39.91,6100
2026-05-07,EVX,39.55,6000
2026-05-08,EVX,39.59,4600
2026-05-11,EVX,39.55,12500
2026-05-12,EVX,39.4547,7596
2026-02-02,EXPE,276.0711,2202000
2026-02-03,EXPE,233.9524,6845300
2026-02-04,EXPE,235.9681,4455800
2026-02-05,EXPE,230.7993,2490700
2026-02-06,EXPE,236.3373,3285500
2026-02-09,EXPE,235.9381,2957200
2026-02-10,EXPE,241.0171,3326400
2026-02-11,EXPE,233.0943,3380700
2026-02-12,EXPE,226.7481,6143500
2026-02-13,EXPE,212.2096,6149000
2026-02-17,EXPE,199.9861,5687600
2026-02-18,EXPE,203.3488,4171600
2026-02-19,EXPE,199.3276,5044900
2026-02-20,EXPE,203.0395,3601300
2026-02-23,EXPE,188.1019,4790800
2026-02-24,EXPE,197.6911,3597700
2026-02-25,EXPE,203.2989,2988000
2026-02-26,EXPE,217.4582,4058300
2026-02-27,EXPE,215.2231,3820900
2026-03-02,EXPE,212.7784,3179300
2026-03-03,EXPE,214.6743,2090400
2026-03-04,EXPE,221.25,2443000
2026-03-05,EXPE,251.54,8058400
2026-03-06,EXPE,249.62,3619300
2026-03-09,EXPE,241.54,3042504
2026-03-10,EXPE,231.66,2383133
2026-03-11,EXPE,230.35,1601000
2026-03-12,EXPE,227.65,1283700
2026-03-13,EXPE,228.37,1197000
2026-03-16,EXPE,231.46,1539800
2026-03-17,EXPE,241.25,2047300
2026-03-18,EXPE,240.04,1357100
2026-03-19,EXPE,239.41,1741900
2026-03-20,EXPE,235.18,4867000
2026-03-23,EXPE,236.65,1992300
2026-03-24,EXPE,236.99,1704300
2026-03-25,EXPE,236.26,1508300
2026-03-26,EXPE,232.84,1189900
2026-03-27,EXPE,225.81,1165000
2026-03-30,EXPE,226.51,1568900
2026-03-31,EXPE,230.89,1939100
2026-04-01,EXPE,227.67,1623100
2026-04-02,EXPE,225.3,1642800
2026-04-06,EXPE,229.04,1384300
2026-04-07,EXPE,224.3,1979700
2026-04-08,EXPE,236.9,1990200
2026-04-09,EXPE,230.26,1549300
2026-04-10,EXPE,228.09,1385500
2026-04-13,EXPE,240.21,2101800
2026-04-14,EXPE,248.57,2111700
2026-04-15,EXPE,257.44,1426600
2026-04-16,EXPE,254.43,1064400
2026-04-17,EXPE,265.84,1882500
2026-04-20,EXPE,273.24,1486100
2026-04-21,EXPE,273.8,1535100
2026-04-22,EXPE,264.6,1509600
2026-04-23,EXPE,250.37,1697300
2026-04-24,EXPE,251.44,876100
2026-04-27,EXPE,245.22,1195800
2026-04-28,EXPE,242.17,1698900
2026-04-29,EXPE,250.57,2029600
2026-04-30,EXPE,248.37,1229800
2026-05-01,EXPE,251.84,711400
2026-05-04,EXPE,246.5,986400
2026-05-05,EXPE,248.65,1029000
2026-05-06,EXPE,246.66,1796800
2026-05-07,EXPE,252.79,3292400
2026-05-08,EXPE,229.98,4189800
2026-05-11,EXPE,221.46,2937500
2026-05-12,EXPE,221.48,1860911
2026-02-02,FAN,22.65,68600
2026-02-03,FAN,23.04,60400
2026-02-04,FAN,22.83,29300
2026-02-05,FAN,22.22,43500
2026-02-06,FAN,22.71,21300
2026-02-09,FAN,23.16,82100
2026-02-10,FAN,23.03,33100
2026-02-11,FAN,23.25,104900
2026-02-12,FAN,23.02,47600
2026-02-13,FAN,23.08,14500
2026-02-17,FAN,23.6,180000
2026-02-18,FAN,23.63,115300
2026-02-19,FAN,23.3,40700
2026-02-20,FAN,23.5,36700
2026-02-23,FAN,23.55,16900
2026-02-24,FAN,23.72,45000
2026-02-25,FAN,24.29,37200
2026-02-26,FAN,24.42,90500
2026-02-27,FAN,24.47,30700
2026-03-02,FAN,24.53,39500
2026-03-03,FAN,23.47,46900
2026-03-04,FAN,23.88,103700
2026-03-05,FAN,23.74,39900
2026-03-06,FAN,23.58,105000
2026-03-09,FAN,23.82,116588
2026-03-10,FAN,23.66,36820
2026-03-11,FAN,23.73,176200
2026-03-12,FAN,23.63,33900
2026-03-13,FAN,23.45,22400
2026-03-16,FAN,23.91,27600
2026-03-17,FAN,24.09,26500
2026-03-18,FAN,23.87,98500
2026-03-19,FAN,24.02,24800
2026-03-20,FAN,23.24,151400
2026-03-23,FAN,23.69,175217
2026-03-24,FAN,23.77,39030
2026-03-25,FAN,24.38,30500
2026-03-26,FAN,24.03,63600
2026-03-27,FAN,23.62,41500
2026-03-30,FAN,23.84,37500
2026-03-31,FAN,24.74,38300
2026-04-01,FAN,24.76,57000
2026-04-02,FAN,24.86,53500
2026-04-06,FAN,24.86,47400
2026-04-07,FAN,24.96,46400
2026-04-08,FAN,25.36,61900
2026-04-09,FAN,25.7,47500
2026-04-10,FAN,25.8,44600
2026-04-13,FAN,25.68,69500
2026-04-14,FAN,25.9,76500
2026-04-15,FAN,25.86,49600
2026-04-16,FAN,25.7,72200
2026-04-17,FAN,25.56,272000
2026-04-20,FAN,25.57,116700
2026-04-21,FAN,25.37,76100
2026-04-22,FAN,25.85,96700
2026-04-23,FAN,25.97,110000
2026-04-24,FAN,26.29,36900
2026-04-27,FAN,26.6,68200
2026-04-28,FAN,26.32,52600
2026-04-29,FAN,26.04,32100
2026-04-30,FAN,27.04,56800
2026-05-01,FAN,26.87,46100
2026-05-04,FAN,26.61,352400
2026-05-05,FAN,27.09,255900
2026-05-06,FAN,27.23,431700
2026-05-07,FAN,26.54,383700
2026-05-08,FAN,26.78,241700
2026-05-11,FAN,27.22,310200
2026-05-12,FAN,26.63,238161
2026-02-02,FAST,44.5625,10133000
2026-02-03,FAST,46.0944,14090200
2026-02-04,FAST,48.0241,16477300
2026-02-05,FAST,47.0791,13340600
2026-02-06,FAST,47.477,6479600
2026-02-09,FAST,46.2734,9493600
2026-02-10,FAST,46.4127,5840200
2026-02-11,FAST,46.7708,6070500
2026-02-12,FAST,45.2986,10177500
2026-02-13,FAST,46.164,9921100
2026-02-17,FAST,45.4478,5750700
2026-02-18,FAST,45.7363,5214600
2026-02-19,FAST,45.9651,6156000
2026-02-20,FAST,45.975,11672300
2026-02-23,FAST,44.8112,6648900
2026-02-24,FAST,45.219,5318600
2026-02-25,FAST,44.3934,6168600
2026-02-26,FAST,45.4379,5984100
2026-02-27,FAST,45.796,9926400
2026-03-02,FAST,46.0844,7522800
2026-03-03,FAST,45.985,7327900
2026-03-04,FAST,46.1839,9006300
2026-03-05,FAST,47.0493,11530000
2026-03-06,FAST,46.2137,8186600
2026-03-09,FAST,46.5519,9592800
2026-03-10,FAST,46.0546,7194900
2026-03-11,FAST,46.3431,6015900
2026-03-12,FAST,45.0102,7256200
2026-03-13,FAST,45.219,6190700
2026-03-16,FAST,45.4379,5124800
2026-03-17,FAST,45.6866,6182100
2026-03-18,FAST,44.8411,6363400
2026-03-19,FAST,44.2542,8655100
2026-03-20,FAST,43.5281,30102700
2026-03-23,FAST,44.2144,6455700
2026-03-24,FAST,44.6521,5117600
2026-03-25,FAST,45.1295,5085000
2026-03-26,FAST,44.8709,5845700
2026-03-27,FAST,44.7117,5709100
2026-03-30,FAST,44.8808,6411700
2026-03-31,FAST,46.1541,10751000
2026-04-01,FAST,46.3828,5737600
2026-04-02,FAST,46.0546,7128200
2026-04-06,FAST,45.6269,7363300
2026-04-07,FAST,45.3981,7128700
2026-04-08,FAST,47.9246,7429100
2026-04-09,FAST,48.8398,7316900
2026-04-10,FAST,48.9094,7289900
2026-04-13,FAST,45.5572,16217600
2026-04-14,FAST,44.3835,11386300
2026-04-15,FAST,44.1647,8872500
2026-04-16,FAST,44.483,6685400
2026-04-17,FAST,45.5373,9131600
2026-04-20,FAST,45.3185,5427100
2026-04-21,FAST,45.4578,6424100
2026-04-22,FAST,44.5725,5685800
2026-04-23,FAST,45.2091,5229200
2026-04-24,FAST,44.4531,4079000
2026-04-27,FAST,45.04,5547400
2026-04-28,FAST,44.68,5630800
2026-04-29,FAST,43.71,6212300
2026-04-30,FAST,44.93,8650300
2026-05-01,FAST,44.91,5941400
2026-05-04,FAST,44.88,6452600
2026-05-05,FAST,44.33,6411800
2026-05-06,FAST,44.71,10982100
2026-05-07,FAST,44.36,7490800
2026-05-08,FAST,44.17,4384300
2026-05-11,FAST,43.3,9109900
2026-05-12,FAST,43.32,4407667
2026-02-02,FCX,60.6265,21334600
2026-02-03,FCX,64.5279,31102700
2026-02-04,FCX,61.7241,31834200
2026-02-05,FCX,59.0899,22330400
2026-02-06,FCX,60.5367,20119100
2026-02-09,FCX,63.4702,14752000
2026-02-10,FCX,63.121,11647400
2026-02-11,FCX,65.3162,15495800
2026-02-12,FCX,61.9037,23459900
2026-02-13,FCX,62.7019,14370600
2026-02-17,FCX,60.9558,12238400
2026-02-18,FCX,62.4126,17244800
2026-02-19,FCX,62.4325,13357900
2026-02-20,FCX,64.1986,14680000
2026-02-23,FCX,65.406,15631300
2026-02-24,FCX,67.7309,20299300
2026-02-25,FCX,68.6688,16182000
2026-02-26,FCX,68.2298,17726800
2026-02-27,FCX,67.9304,19425700
2026-03-02,FCX,68.14,15851100
2026-03-03,FCX,65.4259,25564300
2026-03-04,FCX,65.7851,17438500
2026-03-05,FCX,62.5223,23068000
2026-03-06,FCX,59.2296,25912800
2026-03-09,FCX,60.3571,26344800
2026-03-10,FCX,62.2629,16982400
2026-03-11,FCX,61.4048,17754700
2026-03-12,FCX,59.0799,17564000
2026-03-13,FCX,56.2561,21443200
2026-03-16,FCX,57.8027,17824100
2026-03-17,FCX,57.9624,10610300
2026-03-18,FCX,55.3282,17258700
2026-03-19,FCX,53.5022,27550300
2026-03-20,FCX,51.9756,25007300
2026-03-23,FCX,54.8193,24888600
2026-03-24,FCX,56.3559,17123000
2026-03-25,FCX,56.9646,13965000
2026-03-26,FCX,55.7073,16016500
2026-03-27,FCX,56.1164,12327400
2026-03-30,FCX,54.5299,14246700
2026-03-31,FCX,58.6509,18882500
2026-04-01,FCX,61.0655,23684000
2026-04-02,FCX,61.2451,16880000
2026-04-06,FCX,60.9159,8511500
2026-04-07,FCX,60.6265,18276900
2026-04-08,FCX,64.957,20338000
2026-04-09,FCX,66.304,12664700
2026-04-10,FCX,67.651,15706800
2026-04-13,FCX,67.8805,13134100
2026-04-14,FCX,68.12,12330800
2026-04-15,FCX,68.7,15405600
2026-04-16,FCX,68.28,10342700
2026-04-17,FCX,70.21,20218300
2026-04-20,FCX,70.18,12297800
2026-04-21,FCX,67.57,17092800
2026-04-22,FCX,70.36,14213100
2026-04-23,FCX,61.48,38773500
2026-04-24,FCX,61.05,17741600
2026-04-27,FCX,60.57,15199300
2026-04-28,FCX,58.21,14754700
2026-04-29,FCX,56.93,11444700
2026-04-30,FCX,57.78,16181400
2026-05-01,FCX,56.55,14899700
2026-05-04,FCX,55.57,14777200
2026-05-05,FCX,57.68,13861100
2026-05-06,FCX,60.89,17655500
2026-05-07,FCX,60.61,18316100
2026-05-08,FCX,61.65,12202700
2026-05-11,FCX,64.37,14852300
2026-05-12,FCX,66.03,14397481
2026-02-02,FINX,26.63,48810
2026-02-03,FINX,25.01,130214
2026-02-04,FINX,24.64,636990
2026-02-05,FINX,23.66,172808
2026-02-06,FINX,24.695,113428
2026-02-09,FINX,25.04,109791
2026-02-10,FINX,25.12,52145
2026-02-11,FINX,24.17,46544
2026-02-12,FINX,22.81,221019
2026-02-13,FINX,23.32,64044
2026-02-17,FINX,23.46,138090
2026-02-18,FINX,23.885,58108
2026-02-19,FINX,23.84,35156
2026-02-20,FINX,23.81,95902
2026-02-23,FINX,22.84,75529
2026-02-24,FINX,23.31,59051
2026-02-25,FINX,24.23,103266
2026-02-26,FINX,24.7,96384
2026-02-27,FINX,24.42,31153
2026-03-02,FINX,24.7778,261560
2026-03-03,FINX,24.7,104107
2026-03-04,FINX,25.3,125221
2026-03-05,FINX,25.46,76847
2026-03-06,FINX,25.17,158277
2026-03-09,FINX,25.3,566842
2026-03-10,FINX,24.96,55913
2026-03-11,FINX,24.815,46602
2026-03-12,FINX,24.03,196183
2026-03-13,FINX,24.18,71619
2026-03-16,FINX,24.52,54784
2026-03-17,FINX,24.95,29655
2026-03-18,FINX,24.25,437686
2026-03-19,FINX,24.27,64117
2026-03-20,FINX,23.91,34612
2026-03-23,FINX,24.5,46384
2026-03-24,FINX,23.51,71057
2026-03-25,FINX,23.71,29482
2026-03-26,FINX,23.17,62537
2026-03-27,FINX,22.26,44888
2026-03-30,FINX,22.25,48334
2026-03-31,FINX,23.1,85073
2026-04-01,FINX,22.895,74101
2026-04-02,FINX,22.97,28674
2026-04-06,FINX,23.27,46521
2026-04-07,FINX,23.06,46068
2026-04-08,FINX,23.65,48966
2026-04-09,FINX,23.16,47988
2026-04-10,FINX,23.0,45924
2026-04-13,FINX,24.0,128558
2026-04-14,FINX,24.74,53989
2026-04-15,FINX,25.76,54525
2026-04-16,FINX,25.89,116523
2026-04-17,FINX,26.62,111829
2026-04-20,FINX,26.837,54500
2026-04-21,FINX,26.09,67400
2026-04-22,FINX,26.6,65100
2026-04-23,FINX,25.57,44800
2026-04-24,FINX,25.82,26100
2026-04-27,FINX,25.61,34000
2026-04-28,FINX,25.45,23800
2026-04-29,FINX,24.87,53000
2026-04-30,FINX,25.25,70500
2026-05-01,FINX,25.61,30300
2026-05-04,FINX,26.02,116200
2026-05-05,FINX,25.776,41600
2026-05-06,FINX,26.03,26000
2026-05-07,FINX,25.86,38700
2026-05-08,FINX,25.7,49000
2026-05-11,FINX,25.92,60300
2026-05-12,FINX,25.5,50605
2026-02-02,FIVN,17.98,2059138
2026-02-03,FIVN,16.71,4011854
2026-02-04,FIVN,17.1,2904657
2026-02-05,FIVN,16.01,3488721
2026-02-06,FIVN,17.08,2248907
2026-02-09,FIVN,17.04,2244009
2026-02-10,FIVN,17.77,2238629
2026-02-11,FIVN,16.59,3309078
2026-02-12,FIVN,16.57,2323793
2026-02-13,FIVN,16.75,1691279
2026-02-17,FIVN,16.33,2528800
2026-02-18,FIVN,16.73,1704700
2026-02-19,FIVN,17.18,2972600
2026-02-20,FIVN,19.32,9079100
2026-02-23,FIVN,17.74,5551400
2026-02-24,FIVN,17.83,2751600
2026-02-25,FIVN,17.85,2190700
2026-02-26,FIVN,18.7,3250300
2026-02-27,FIVN,17.44,3405600
2026-03-02,FIVN,17.47,2846200
2026-03-03,FIVN,17.66,4319400
2026-03-04,FIVN,17.89,3025900
2026-03-05,FIVN,18.24,5152200
2026-03-06,FIVN,18.09,2376800
2026-03-09,FIVN,18.04,2437448
2026-03-10,FIVN,16.97,1975884
2026-03-11,FIVN,16.78,2096200
2026-03-12,FIVN,16.25,1547500
2026-03-13,FIVN,15.76,2118800
2026-03-16,FIVN,15.73,1814500
2026-03-17,FIVN,15.98,2101500
2026-03-18,FIVN,15.64,1254600
2026-03-19,FIVN,15.8,1953900
2026-03-20,FIVN,15.53,2186600
2026-03-23,FIVN,16.07,2525600
2026-03-24,FIVN,15.03,1989400
2026-03-25,FIVN,14.605,2232300
2026-03-26,FIVN,15.12,1828700
2026-03-27,FIVN,14.43,1752900
2026-03-30,FIVN,14.77,1862000
2026-03-31,FIVN,15.17,1750500
2026-04-01,FIVN,15.06,1785300
2026-04-02,FIVN,15.01,2581000
2026-04-06,FIVN,15.17,1527400
2026-04-07,FIVN,14.96,1551300
2026-04-08,FIVN,14.59,2200700
2026-04-09,FIVN,13.82,2621200
2026-04-10,FIVN,13.61,2375500
2026-04-13,FIVN,14.44,1992900
2026-04-14,FIVN,14.43,1859700
2026-04-15,FIVN,15.36,2071500
2026-04-16,FIVN,15.68,2277200
2026-04-17,FIVN,15.78,2013600
2026-04-20,FIVN,16.24,1814800
2026-04-21,FIVN,16.49,2352400
2026-04-22,FIVN,16.59,1531000
2026-04-23,FIVN,15.46,2433700
2026-04-24,FIVN,16.55,2222800
2026-04-27,FIVN,16.56,2289600
2026-04-28,FIVN,16.76,1830000
2026-04-29,FIVN,17.05,1760000
2026-04-30,FIVN,17.2,4820700
2026-05-01,FIVN,22.24,15302500
2026-05-04,FIVN,23.34,8980700
2026-05-05,FIVN,24.26,6288700
2026-05-06,FIVN,21.9,5457600
2026-05-07,FIVN,22.2,3095500
2026-05-08,FIVN,22.1,2942100
2026-05-11,FIVN,21.41,2692800
2026-05-12,FIVN,20.93,2439575
2026-02-02,FIW,113.4118,70733
2026-02-03,FIW,112.2239,51864
2026-02-04,FIW,113.6014,101768
2026-02-05,FIW,113.302,31966
2026-02-06,FIW,115.1785,75641
2026-02-09,FIW,113.9009,34613
2026-02-10,FIW,115.0687,51139
2026-02-11,FIW,114.6794,41115
2026-02-12,FIW,112.4535,43671
2026-02-13,FIW,112.8428,52675
2026-02-17,FIW,112.0143,52704
2026-02-18,FIW,112.7629,59273
2026-02-19,FIW,112.8628,33809
2026-02-20,FIW,112.8927,41509
2026-02-23,FIW,111.7348,52018
2026-02-24,FIW,113.0724,44564
2026-02-25,FIW,112.7629,55354
2026-02-26,FIW,114.35,68194
2026-02-27,FIW,113.7212,42869
2026-03-02,FIW,113.0225,51849
2026-03-03,FIW,112.1042,76519
2026-03-04,FIW,112.4336,50223
2026-03-05,FIW,109.5788,44929
2026-03-06,FIW,107.6224,77050
2026-03-09,FIW,108.1414,50014
2026-03-10,FIW,106.4845,43700
2026-03-11,FIW,106.2349,88805
2026-03-12,FIW,103.9791,104688
2026-03-13,FIW,104.0689,45683
2026-03-16,FIW,104.4482,37106
2026-03-17,FIW,104.7876,39730
2026-03-18,FIW,103.1207,32592
2026-03-19,FIW,102.9609,59756
2026-03-20,FIW,101.5435,54112
2026-03-23,FIW,103.3003,55115
2026-03-24,FIW,103.4401,44914
2026-03-25,FIW,104.019,29800
2026-03-26,FIW,102.66,56700
2026-03-27,FIW,101.12,83500
2026-03-30,FIW,100.9,171000
2026-03-31,FIW,103.13,82200
2026-04-01,FIW,104.12,37800
2026-04-02,FIW,103.68,61600
2026-04-06,FIW,104.35,34400
2026-04-07,FIW,103.77,54200
2026-04-08,FIW,106.98,37900
2026-04-09,FIW,107.62,87300
2026-04-10,FIW,106.89,33400
2026-04-13,FIW,108.4,43414
2026-04-14,FIW,108.91,77265
2026-04-15,FIW,107.38,46400
2026-04-16,FIW,106.54,115300
2026-04-17,FIW,107.8,52600
2026-04-20,FIW,107.82,49800
2026-04-21,FIW,108.09,42100
2026-04-22,FIW,108.33,76600
2026-04-23,FIW,108.6,48800
2026-04-24,FIW,108.28,56400
2026-04-27,FIW,108.46,41000
2026-04-28,FIW,107.01,38400
2026-04-29,FIW,105.64,40000
2026-04-30,FIW,107.19,63100
2026-05-01,FIW,106.34,50400
2026-05-04,FIW,105.22,60083
2026-05-05,FIW,106.89,71187
2026-05-06,FIW,107.45,63900
2026-05-07,FIW,106.57,43000
2026-05-08,FIW,105.58,43400
2026-05-11,FIW,104.51,58300
2026-05-12,FIW,103.32,53177
2026-02-02,FLUT,162.51,2363937
2026-02-03,FLUT,153.2,3429197
2026-02-04,FLUT,153.9,3180500
2026-02-05,FLUT,149.47,3124200
2026-02-06,FLUT,152.53,2076800
2026-02-09,FLUT,154.51,20766700
2026-02-10,FLUT,151.63,5026600
2026-02-11,FLUT,144.28,3070900
2026-02-12,FLUT,141.37,2759500
2026-02-13,FLUT,125.17,8684300
2026-02-17,FLUT,123.91,3527900
2026-02-18,FLUT,126.08,6317900
2026-02-19,FLUT,122.16,4893400
2026-02-20,FLUT,121.02,2915500
2026-02-23,FLUT,115.42,3334400
2026-02-24,FLUT,118.39,3153400
2026-02-25,FLUT,119.84,5263200
2026-02-26,FLUT,123.13,6174400
2026-02-27,FLUT,106.14,21975500
2026-03-02,FLUT,106.08,7063500
2026-03-03,FLUT,111.4,4842600
2026-03-04,FLUT,112.68,3304600
2026-03-05,FLUT,114.57,2612600
2026-03-06,FLUT,112.25,3671000
2026-03-09,FLUT,109.41,3756520
2026-03-10,FLUT,107.25,3368143
2026-03-11,FLUT,109.59,3280700
2026-03-12,FLUT,105.53,5866100
2026-03-13,FLUT,108.37,2584200
2026-03-16,FLUT,108.67,2847600
2026-03-17,FLUT,109.25,3246500
2026-03-18,FLUT,106.5,2484000
2026-03-19,FLUT,106.41,1725000
2026-03-20,FLUT,104.81,3815600
2026-03-23,FLUT,109.38,3312200
2026-03-24,FLUT,107.83,2477000
2026-03-25,FLUT,103.4,3870100
2026-03-26,FLUT,103.57,2206500
2026-03-27,FLUT,100.5,3094000
2026-03-30,FLUT,99.5,2887500
2026-03-31,FLUT,101.95,3603800
2026-04-01,FLUT,102.73,2116500
2026-04-02,FLUT,106.38,2475800
2026-04-06,FLUT,104.67,1703900
2026-04-07,FLUT,103.63,2184800
2026-04-08,FLUT,109.51,2673900
2026-04-09,FLUT,105.25,3055200
2026-04-10,FLUT,102.38,2711900
2026-04-13,FLUT,105.33,2563100
2026-04-14,FLUT,106.76,2579600
2026-04-15,FLUT,111.79,1932700
2026-04-16,FLUT,109.06,5427400
2026-04-17,FLUT,110.08,5473700
2026-04-20,FLUT,109.63,1680500
2026-04-21,FLUT,109.5,2082900
2026-04-22,FLUT,106.61,3390100
2026-04-23,FLUT,106.05,1688000
2026-04-24,FLUT,111.57,3685000
2026-04-27,FLUT,110.93,3703900
2026-04-28,FLUT,109.09,3429100
2026-04-29,FLUT,107.6,1472800
2026-04-30,FLUT,107.93,3086100
2026-05-01,FLUT,106.13,1590200
2026-05-04,FLUT,104.45,3090400
2026-05-05,FLUT,103.33,3207900
2026-05-06,FLUT,99.11,7006000
2026-05-07,FLUT,101.2,5868100
2026-05-08,FLUT,101.19,2897100
2026-05-11,FLUT,93.96,4556100
2026-05-12,FLUT,95.96,3217136
2026-02-02,FRPT,70.01,865620
2026-02-03,FRPT,69.89,1193715
2026-02-04,FRPT,69.2,1582322
2026-02-05,FRPT,67.37,1095199
2026-02-06,FRPT,69.9,1151564
2026-02-09,FRPT,69.92,971874
2026-02-10,FRPT,69.38,758137
2026-02-11,FRPT,68.52,935364
2026-02-12,FRPT,67.89,879738
2026-02-13,FRPT,67.72,981338
2026-02-17,FRPT,71.69,1857100
2026-02-18,FRPT,72.97,1944700
2026-02-19,FRPT,74.67,1414100
2026-02-20,FRPT,74.51,2478600
2026-02-23,FRPT,78.58,2415000
2026-02-24,FRPT,80.89,2582900
2026-02-25,FRPT,79.63,1330100
2026-02-26,FRPT,81.26,1409000
2026-02-27,FRPT,84.45,1509000
2026-03-02,FRPT,84.36,1714800
2026-03-03,FRPT,84.11,1694700
2026-03-04,FRPT,85.5,1552100
2026-03-05,FRPT,85.19,976800
2026-03-06,FRPT,82.64,1572700
2026-03-09,FRPT,82.83,1634690
2026-03-10,FRPT,81.79,1050156
2026-03-11,FRPT,80.33,853900
2026-03-12,FRPT,78.04,1578800
2026-03-13,FRPT,76.6,1455000
2026-03-16,FRPT,75.37,1231100
2026-03-17,FRPT,67.42,5179900
2026-03-18,FRPT,65.1,1859100
2026-03-19,FRPT,63.17,2506800
2026-03-20,FRPT,64.54,1724700
2026-03-23,FRPT,64.68,1410000
2026-03-24,FRPT,58.93,5192800
2026-03-25,FRPT,60.1,2900000
2026-03-26,FRPT,58.79,1703300
2026-03-27,FRPT,55.93,1446200
2026-03-30,FRPT,56.6,1199300
2026-03-31,FRPT,58.96,1065100
2026-04-01,FRPT,60.08,1708500
2026-04-02,FRPT,59.4,1514600
2026-04-06,FRPT,59.01,1219400
2026-04-07,FRPT,63.04,2186200
2026-04-08,FRPT,65.03,2042500
2026-04-09,FRPT,66.63,1242900
2026-04-10,FRPT,64.8,1198700
2026-04-13,FRPT,68.25,1179500
2026-04-14,FRPT,69.11,1010600
2026-04-15,FRPT,68.79,851500
2026-04-16,FRPT,67.34,994000
2026-04-17,FRPT,69.5,1700600
2026-04-20,FRPT,68.12,877500
2026-04-21,FRPT,64.83,1342900
2026-04-22,FRPT,65.96,928300
2026-04-23,FRPT,65.56,1041500
2026-04-24,FRPT,66.15,889800
2026-04-27,FRPT,65.45,847500
2026-04-28,FRPT,65.65,648000
2026-04-29,FRPT,66.14,1035500
2026-04-30,FRPT,67.38,952800
2026-05-01,FRPT,65.15,951800
2026-05-04,FRPT,63.56,1195400
2026-05-05,FRPT,60.17,2040100
2026-05-06,FRPT,54.925,4818000
2026-05-07,FRPT,55.87,2859600
2026-05-08,FRPT,53.08,1869800
2026-05-11,FRPT,49.64,1888300
2026-05-12,FRPT,51.27,2078333
2026-02-02,FRSH,10.66,4608937
2026-02-03,FRSH,9.53,7890792
2026-02-04,FRSH,9.47,7733392
2026-02-05,FRSH,8.75,8699021
2026-02-06,FRSH,8.92,6819140
2026-02-09,FRSH,8.63,9258147
2026-02-10,FRSH,8.73,13117300
2026-02-11,FRSH,7.3,24405660
2026-02-12,FRSH,7.04,12861010
2026-02-13,FRSH,7.24,7562185
2026-02-17,FRSH,7.29,5867800
2026-02-18,FRSH,7.42,7029600
2026-02-19,FRSH,7.63,6763200
2026-02-20,FRSH,7.46,5094200
2026-02-23,FRSH,6.88,6876800
2026-02-24,FRSH,7.16,5862900
2026-02-25,FRSH,7.28,4515200
2026-02-26,FRSH,7.96,8186300
2026-02-27,FRSH,7.82,6687500
2026-03-02,FRSH,8.08,7367200
2026-03-03,FRSH,8.3,5640400
2026-03-04,FRSH,8.47,4938200
2026-03-05,FRSH,8.62,6429300
2026-03-06,FRSH,8.63,5081800
2026-03-09,FRSH,8.39,6483830
2026-03-10,FRSH,8.0,8144204
2026-03-11,FRSH,8.0,6153800
2026-03-12,FRSH,7.95,6139900
2026-03-13,FRSH,8.13,5275300
2026-03-16,FRSH,8.155,4949700
2026-03-17,FRSH,8.01,4383500
2026-03-18,FRSH,8.02,3511900
2026-03-19,FRSH,8.1,4458100
2026-03-20,FRSH,8.03,11505100
2026-03-23,FRSH,8.17,5255795
2026-03-24,FRSH,7.95,5674041
2026-03-25,FRSH,7.92,4566000
2026-03-26,FRSH,8.01,3304600
2026-03-27,FRSH,7.87,4459300
2026-03-30,FRSH,8.04,4926900
2026-03-31,FRSH,8.03,4554900
2026-04-01,FRSH,8.07,5116300
2026-04-02,FRSH,8.32,4447200
2026-04-06,FRSH,8.25,3506900
2026-04-07,FRSH,8.13,3304600
2026-04-08,FRSH,8.04,5756900
2026-04-09,FRSH,7.94,8602600
2026-04-10,FRSH,7.55,7024600
2026-04-13,FRSH,7.89,8626600
2026-04-14,FRSH,7.82,10156900
2026-04-15,FRSH,8.26,7663400
2026-04-16,FRSH,8.42,9295000
2026-04-17,FRSH,8.54,20545800
2026-04-20,FRSH,8.78,18223800
2026-04-21,FRSH,8.83,26732000
2026-04-22,FRSH,8.91,23656900
2026-04-23,FRSH,8.26,12127400
2026-04-24,FRSH,8.46,5746800
2026-04-27,FRSH,8.34,6129300
2026-04-28,FRSH,8.29,5277000
2026-04-29,FRSH,8.25,6507400
2026-04-30,FRSH,8.16,6166600
2026-05-01,FRSH,8.75,7181000
2026-05-04,FRSH,8.98,7169300
2026-05-05,FRSH,9.19,11048100
2026-05-06,FRSH,8.89,21207000
2026-05-07,FRSH,9.03,10571900
2026-05-08,FRSH,8.83,9173100
2026-05-11,FRSH,8.61,12920400
2026-05-12,FRSH,8.5,9538889
2026-02-02,FSLR,230.55,2029910
2026-02-03,FSLR,239.04,1906592
2026-02-04,FSLR,238.06,2156317
2026-02-05,FSLR,234.36,1714475
2026-02-06,FSLR,218.73,5263860
2026-02-09,FSLR,222.13,2651329
2026-02-10,FSLR,226.24,2459483
2026-02-11,FSLR,227.74,1211838
2026-02-12,FSLR,220.45,1648741
2026-02-13,FSLR,225.65,2629491
2026-02-17,FSLR,226.05,2160200
2026-02-18,FSLR,238.57,2557300
2026-02-19,FSLR,233.3,2654600
2026-02-20,FSLR,241.88,2804300
2026-02-23,FSLR,242.15,1670300
2026-02-24,FSLR,243.21,3336900
2026-02-25,FSLR,210.12,9798300
2026-02-26,FSLR,200.1,4995600
2026-02-27,FSLR,197.2,3775800
2026-03-02,FSLR,199.86,2343000
2026-03-03,FSLR,197.53,1694000
2026-03-04,FSLR,197.27,1882100
2026-03-05,FSLR,191.8,1898500
2026-03-06,FSLR,189.21,1801400
2026-03-09,FSLR,195.38,1955777
2026-03-10,FSLR,197.8,1954600
2026-03-11,FSLR,200.25,1419400
2026-03-12,FSLR,197.56,1536500
2026-03-13,FSLR,196.07,1173100
2026-03-16,FSLR,199.48,1052400
2026-03-17,FSLR,200.42,1358400
2026-03-18,FSLR,197.81,1219900
2026-03-19,FSLR,199.65,1319200
2026-03-20,FSLR,192.82,3564900
2026-03-23,FSLR,189.92,2122000
2026-03-24,FSLR,192.85,2141300
2026-03-25,FSLR,193.51,1141000
2026-03-26,FSLR,185.83,1568200
2026-03-27,FSLR,190.29,2260100
2026-03-30,FSLR,184.7,1737800
2026-03-31,FSLR,197.26,2280400
2026-04-01,FSLR,199.42,1580200
2026-04-02,FSLR,195.32,1527300
2026-04-06,FSLR,195.57,1599800
2026-04-07,FSLR,192.31,1858600
2026-04-08,FSLR,200.78,1395800
2026-04-09,FSLR,197.25,1054700
2026-04-10,FSLR,203.47,1610400
2026-04-13,FSLR,200.35,1621300
2026-04-14,FSLR,200.61,2496100
2026-04-15,FSLR,195.2,3515400
2026-04-16,FSLR,191.65,2498700
2026-04-17,FSLR,190.44,3406200
2026-04-20,FSLR,192.49,1868800
2026-04-21,FSLR,186.61,1860900
2026-04-22,FSLR,188.71,1967300
2026-04-23,FSLR,196.19,2212500
2026-04-24,FSLR,193.76,1506400
2026-04-27,FSLR,197.48,1999700
2026-04-28,FSLR,195.86,1687600
2026-04-29,FSLR,190.61,1671400
2026-04-30,FSLR,201.89,3259000
2026-05-01,FSLR,211.71,5067600
2026-05-04,FSLR,211.39,2927600
2026-05-05,FSLR,219.38,3165100
2026-05-06,FSLR,218.0,2513200
2026-05-07,FSLR,214.57,3018500
2026-05-08,FSLR,219.95,1938300
2026-05-11,FSLR,233.27,4050600
2026-05-12,FSLR,228.06,2691787
2026-02-02,FTI,56.4057,2421500
2026-02-03,FTI,57.295,5799800
2026-02-04,FTI,56.4956,5130300
2026-02-05,FTI,56.2059,3413700
2026-02-06,FTI,59.0137,5123100
2026-02-09,FTI,59.9229,4432000
2026-02-10,FTI,60.1528,2893500
2026-02-11,FTI,61.7715,4701400
2026-02-12,FTI,60.9921,3689100
2026-02-13,FTI,61.3119,2960100
2026-02-17,FTI,61.2219,3694000
2026-02-18,FTI,62.2211,4620500
2026-02-19,FTI,61.7115,7844000
2026-02-20,FTI,63.4402,6198300
2026-02-23,FTI,64.1996,4625300
2026-02-24,FTI,65.3487,4251800
2026-02-25,FTI,66.0781,3692300
2026-02-26,FTI,67.2372,3482400
2026-02-27,FTI,66.258,4747200
2026-03-02,FTI,67.447,4694300
2026-03-03,FTI,66.0781,4191700
2026-03-04,FTI,65.2188,4688400
2026-03-05,FTI,64.3894,4206300
2026-03-06,FTI,62.9705,4578000
2026-03-09,FTI,63.4002,5865100
2026-03-10,FTI,64.8491,4481100
2026-03-11,FTI,64.3295,3128400
2026-03-12,FTI,62.4709,6886000
2026-03-13,FTI,62.9805,3038500
2026-03-16,FTI,63.67,3099600
2026-03-17,FTI,65.34,3894200
2026-03-18,FTI,65.13,4396800
2026-03-19,FTI,66.22,4962900
2026-03-20,FTI,65.26,9919500
2026-03-23,FTI,68.0,5972900
2026-03-24,FTI,70.16,4202100
2026-03-25,FTI,70.77,3348000
2026-03-26,FTI,70.33,2769000
2026-03-27,FTI,71.19,3184300
2026-03-30,FTI,67.59,4607300
2026-03-31,FTI,69.13,3867600
2026-04-01,FTI,69.79,3824700
2026-04-02,FTI,71.02,2422500
2026-04-06,FTI,71.59,2495000
2026-04-07,FTI,73.21,3211500
2026-04-08,FTI,71.82,4917300
2026-04-09,FTI,73.51,3028000
2026-04-10,FTI,73.79,3009100
2026-04-13,FTI,75.03,2775600
2026-04-14,FTI,72.0,3316200
2026-04-15,FTI,72.04,2476100
2026-04-16,FTI,72.8,2515600
2026-04-17,FTI,70.44,3926800
2026-04-20,FTI,70.22,3418800
2026-04-21,FTI,72.37,2460000
2026-04-22,FTI,72.23,2802000
2026-04-23,FTI,72.44,4697900
2026-04-24,FTI,74.76,3495600
2026-04-27,FTI,75.12,3685300
2026-04-28,FTI,75.45,3487200
2026-04-29,FTI,76.99,5008800
2026-04-30,FTI,75.57,6060000
2026-05-01,FTI,75.79,5761600
2026-05-04,FTI,74.6,4946900
2026-05-05,FTI,75.03,3299800
2026-05-06,FTI,73.94,4468400
2026-05-07,FTI,71.03,3986900
2026-05-08,FTI,70.15,3553500
2026-05-11,FTI,71.15,3373400
2026-05-12,FTI,73.19,3756514
2026-02-02,FTNT,81.29,7788476
2026-02-03,FTNT,79.3,6663431
2026-02-04,FTNT,81.12,7824848
2026-02-05,FTNT,78.93,12691300
2026-02-06,FTNT,82.76,15226290
2026-02-09,FTNT,85.93,9897365
2026-02-10,FTNT,85.53,7859108
2026-02-11,FTNT,87.82,7987298
2026-02-12,FTNT,84.26,7805844
2026-02-13,FTNT,85.56,8091564
2026-02-17,FTNT,81.69,6061100
2026-02-18,FTNT,80.69,5853300
2026-02-19,FTNT,81.67,4584100
2026-02-20,FTNT,80.0,6703800
2026-02-23,FTNT,75.6,8323500
2026-02-24,FTNT,75.23,10049400
2026-02-25,FTNT,77.35,5527400
2026-02-26,FTNT,79.2,5872000
2026-02-27,FTNT,79.03,7548200
2026-03-02,FTNT,79.18,5247300
2026-03-03,FTNT,81.1,7475200
2026-03-04,FTNT,82.79,6280700
2026-03-05,FTNT,84.42,5544100
2026-03-06,FTNT,83.67,5658000
2026-03-09,FTNT,83.81,6446862
2026-03-10,FTNT,84.2,5829426
2026-03-11,FTNT,83.48,5437700
2026-03-12,FTNT,84.4,5220900
2026-03-13,FTNT,83.44,3963600
2026-03-16,FTNT,84.49,5725100
2026-03-17,FTNT,83.16,3938200
2026-03-18,FTNT,83.39,4343600
2026-03-19,FTNT,83.12,4539100
2026-03-20,FTNT,81.4,16257800
2026-03-23,FTNT,82.77,4999994
2026-03-24,FTNT,79.34,6173962
2026-03-25,FTNT,78.89,6052900
2026-03-26,FTNT,81.03,4489100
2026-03-27,FTNT,78.2,8771200
2026-03-30,FTNT,79.05,7015900
2026-03-31,FTNT,81.72,6045200
2026-04-01,FTNT,81.15,5255500
2026-04-02,FTNT,82.53,4139300
2026-04-06,FTNT,82.29,3459300
2026-04-07,FTNT,83.72,5591500
2026-04-08,FTNT,83.51,5954900
2026-04-09,FTNT,80.66,6656500
2026-04-10,FTNT,76.7,12401100
2026-04-13,FTNT,78.74,6716300
2026-04-14,FTNT,78.7,5838500
2026-04-15,FTNT,79.64,6151400
2026-04-16,FTNT,82.4,5517900
2026-04-17,FTNT,81.84,4968300
2026-04-20,FTNT,82.6,4049300
2026-04-21,FTNT,85.26,5158100
2026-04-22,FTNT,87.09,4443100
2026-04-23,FTNT,82.76,5417700
2026-04-24,FTNT,84.34,5778400
2026-04-27,FTNT,85.67,5679500
2026-04-28,FTNT,85.72,3890500
2026-04-29,FTNT,86.11,3061400
2026-04-30,FTNT,84.31,5810500
2026-05-01,FTNT,86.29,4041100
2026-05-04,FTNT,89.24,5451900
2026-05-05,FTNT,89.92,3965300
2026-05-06,FTNT,89.95,8050800
2026-05-07,FTNT,107.97,18110100
2026-05-08,FTNT,114.07,9904400
2026-05-11,FTNT,115.44,6718100
2026-05-12,FTNT,113.87,4907891
2026-02-02,FTXL,156.0969,112651
2026-02-03,FTXL,153.1272,154144
2026-02-04,FTXL,146.7877,139499
2026-02-05,FTXL,146.7777,69095
2026-02-06,FTXL,154.2571,82838
2026-02-09,FTXL,155.327,107091
2026-02-10,FTXL,153.6171,175005
2026-02-11,FTXL,159.2167,88199
2026-02-12,FTXL,155.557,86239
2026-02-13,FTXL,156.3269,264138
2026-02-17,FTXL,155.8569,62837
2026-02-18,FTXL,157.4268,38187
2026-02-19,FTXL,156.4469,118183
2026-02-20,FTXL,158.7667,101680
2026-02-23,FTXL,157.4968,81865
2026-02-24,FTXL,159.4066,128910
2026-02-25,FTXL,162.9364,125911
2026-02-26,FTXL,158.0768,111883
2026-02-27,FTXL,156.0369,2740363
2026-03-02,FTXL,156.7769,117854
2026-03-03,FTXL,148.8575,150493
2026-03-04,FTXL,152.2372,133342
2026-03-05,FTXL,150.0474,56503
2026-03-06,FTXL,142.3681,100307
2026-03-09,FTXL,148.4276,116112
2026-03-10,FTXL,150.1774,103808
2026-03-11,FTXL,151.9973,103686
2026-03-12,FTXL,146.6977,54901
2026-03-13,FTXL,148.0176,161345
2026-03-16,FTXL,150.9974,131804
2026-03-17,FTXL,152.6072,71681
2026-03-18,FTXL,152.6872,179671
2026-03-19,FTXL,153.5471,133814
2026-03-20,FTXL,149.2375,213754
2026-03-23,FTXL,150.3074,95167
2026-03-24,FTXL,152.9072,115554
2026-03-25,FTXL,155.187,145352
2026-03-26,FTXL,148.06,167638
2026-03-27,FTXL,145.21,338225
2026-03-30,FTXL,139.29,311798
2026-03-31,FTXL,147.47,209692
2026-04-01,FTXL,152.21,132140
2026-04-02,FTXL,153.17,81630
2026-04-06,FTXL,155.09,90604
2026-04-07,FTXL,156.46,58769
2026-04-08,FTXL,167.02,500157
2026-04-09,FTXL,171.01,126393
2026-04-10,FTXL,174.29,144715
2026-04-13,FTXL,177.67,93378
2026-04-14,FTXL,180.5,161065
2026-04-15,FTXL,180.47,98864
2026-04-16,FTXL,184.38,82356
2026-04-17,FTXL,188.55,150099
2026-04-20,FTXL,189.5,114800
2026-04-21,FTXL,190.53,107600
2026-04-22,FTXL,195.07,81800
2026-04-23,FTXL,199.32,248800
2026-04-24,FTXL,210.0,240200
2026-04-27,FTXL,208.27,289200
2026-04-28,FTXL,200.9,233600
2026-04-29,FTXL,207.92,144600
2026-04-30,FTXL,213.52,305900
2026-05-01,FTXL,215.88,156700
2026-05-04,FTXL,213.94,177600
2026-05-05,FTXL,224.87,171300
2026-05-06,FTXL,233.6,592400
2026-05-07,FTXL,227.81,261800
2026-05-08,FTXL,241.64,1965600
2026-05-11,FTXL,248.97,331100
2026-05-12,FTXL,239.28,442069
2026-02-02,GCT,40.4,366700
2026-02-03,GCT,42.04,676600
2026-02-04,GCT,38.92,789900
2026-02-05,GCT,38.57,535700
2026-02-06,GCT,40.25,353500
2026-02-09,GCT,39.38,330500
2026-02-10,GCT,38.54,309500
2026-02-11,GCT,36.49,460000
2026-02-12,GCT,34.11,677500
2026-02-13,GCT,35.23,491500
2026-02-17,GCT,34.62,288800
2026-02-18,GCT,35.22,279600
2026-02-19,GCT,35.4,278800
2026-02-20,GCT,35.03,425700
2026-02-23,GCT,33.82,498000
2026-02-24,GCT,34.49,451700
2026-02-25,GCT,35.31,506400
2026-02-26,GCT,46.98,2673200
2026-02-27,GCT,44.34,1995800
2026-03-02,GCT,43.01,995000
2026-03-03,GCT,42.6,669900
2026-03-04,GCT,44.4,604000
2026-03-05,GCT,43.66,810100
2026-03-06,GCT,42.76,479700
2026-03-09,GCT,44.09,734695
2026-03-10,GCT,42.69,669650
2026-03-11,GCT,43.82,603900
2026-03-12,GCT,41.44,608700
2026-03-13,GCT,40.95,437600
2026-03-16,GCT,42.33,574600
2026-03-17,GCT,43.04,760600
2026-03-18,GCT,42.61,555600
2026-03-19,GCT,42.74,838600
2026-03-20,GCT,40.31,1043900
2026-03-23,GCT,43.28,721400
2026-03-24,GCT,42.02,430100
2026-03-25,GCT,44.69,632300
2026-03-26,GCT,43.52,295300
2026-03-27,GCT,41.59,448800
2026-03-30,GCT,41.55,466000
2026-03-31,GCT,45.38,761100
2026-04-01,GCT,45.915,662800
2026-04-02,GCT,44.78,573600
2026-04-06,GCT,45.54,487200
2026-04-07,GCT,41.0,1202700
2026-04-08,GCT,45.55,1152600
2026-04-09,GCT,46.5,660500
2026-04-10,GCT,44.545,677500
2026-04-13,GCT,43.5,554700
2026-04-14,GCT,44.96,523000
2026-04-15,GCT,46.57,733100
2026-04-16,GCT,48.22,1032600
2026-04-17,GCT,51.8,873600
2026-04-20,GCT,50.09,881900
2026-04-21,GCT,47.42,704400
2026-04-22,GCT,47.77,392800
2026-04-23,GCT,47.5,382400
2026-04-24,GCT,46.74,624500
2026-04-27,GCT,45.44,907400
2026-04-28,GCT,42.98,681500
2026-04-29,GCT,43.39,479600
2026-04-30,GCT,44.49,532500
2026-05-01,GCT,45.1,509500
2026-05-04,GCT,43.76,867200
2026-05-05,GCT,42.14,1102700
2026-05-06,GCT,44.99,1036200
2026-05-07,GCT,42.84,1594900
2026-05-08,GCT,40.18,1565600
2026-05-11,GCT,39.4,886600
2026-05-12,GCT,38.25,926612
2026-02-02,GD,344.7686,1571400
2026-02-03,GD,353.6672,1899200
2026-02-04,GD,351.7362,1647300
2026-02-05,GD,350.4223,1215500
2026-02-06,GD,358.4052,1095800
2026-02-09,GD,358.4351,807400
2026-02-10,GD,357.171,694200
2026-02-11,GD,344.7387,1952500
2026-02-12,GD,339.1746,2063500
2026-02-13,GD,346.0327,1533600
2026-02-17,GD,340.9364,1699800
2026-02-18,GD,347.8742,1232200
2026-02-19,GD,352.7017,918400
2026-02-20,GD,349.7952,894600
2026-02-23,GD,347.3665,858900
2026-02-24,GD,349.5563,682100
2026-02-25,GD,341.5535,1281900
2026-02-26,GD,349.0985,1005800
2026-02-27,GD,355.3992,1201700
2026-03-02,GD,363.0935,1508300
2026-03-03,GD,363.0138,1850300
2026-03-04,GD,364.4273,1263000
2026-03-05,GD,359.0323,1438800
2026-03-06,GD,361.8094,1161800
2026-03-09,GD,360.3064,1444600
2026-03-10,GD,353.946,973200
2026-03-11,GD,352.214,991800
2026-03-12,GD,353.5876,1227500
2026-03-13,GD,349.8948,985400
2026-03-16,GD,352.7216,1185600
2026-03-17,GD,354.6427,1017500
2026-03-18,GD,351.7263,1381900
2026-03-19,GD,348.0135,1029800
2026-03-20,GD,344.1813,2893900
2026-03-23,GD,345.764,1109000
2026-03-24,GD,344.6292,1145000
2026-03-25,GD,350.8702,1702600
2026-03-26,GD,353.6374,1446600
2026-03-27,GD,345.1568,1505600
2026-03-30,GD,339.2144,1561500
2026-03-31,GD,341.6331,1806600
2026-04-01,GD,348.9093,1118000
2026-04-02,GD,347.476,1102800
2026-04-06,GD,349.7654,768900
2026-04-07,GD,346.8191,675000
2026-04-08,GD,348.4017,1462200
2026-04-09,GD,342.31,1399900
2026-04-10,GD,335.15,1695100
2026-04-13,GD,340.76,1622600
2026-04-14,GD,339.88,1154100
2026-04-15,GD,338.88,1305200
2026-04-16,GD,334.92,1540100
2026-04-17,GD,336.29,1309700
2026-04-20,GD,332.14,1026700
2026-04-21,GD,325.52,1636200
2026-04-22,GD,320.74,1578000
2026-04-23,GD,318.71,1632800
2026-04-24,GD,313.21,1300900
2026-04-27,GD,312.53,1411900
2026-04-28,GD,313.68,2169700
2026-04-29,GD,338.73,3587700
2026-04-30,GD,344.3,2029800
2026-05-01,GD,345.84,1480900
2026-05-04,GD,349.08,1640400
2026-05-05,GD,349.16,1162900
2026-05-06,GD,347.27,1566600
2026-05-07,GD,347.76,1361300
2026-05-08,GD,346.53,1558400
2026-05-11,GD,344.03,1895600
2026-05-12,GD,346.46,645885
2026-02-02,GERN,1.54,27161510
2026-02-03,GERN,1.51,14229660
2026-02-04,GERN,1.47,12028980
2026-02-05,GERN,1.46,15505190
2026-02-06,GERN,1.53,17924270
2026-02-09,GERN,1.61,15388660
2026-02-10,GERN,1.62,11746520
2026-02-11,GERN,1.61,15181900
2026-02-12,GERN,1.63,9919700
2026-02-13,GERN,1.65,12683400
2026-02-17,GERN,1.8,20567700
2026-02-18,GERN,1.94,25095800
2026-02-19,GERN,1.92,25145400
2026-02-20,GERN,1.88,25231800
2026-02-23,GERN,1.77,25897800
2026-02-24,GERN,1.95,23895700
2026-02-25,GERN,1.72,30286200
2026-02-26,GERN,1.65,20967100
2026-02-27,GERN,1.68,11297200
2026-03-02,GERN,1.55,14504000
2026-03-03,GERN,1.44,21446000
2026-03-04,GERN,1.47,16756900
2026-03-05,GERN,1.42,17965300
2026-03-06,GERN,1.53,18970900
2026-03-09,GERN,1.62,13291110
2026-03-10,GERN,1.63,21640580
2026-03-11,GERN,1.66,20744900
2026-03-12,GERN,1.6,24741600
2026-03-13,GERN,1.58,13664000
2026-03-16,GERN,1.65,13708000
2026-03-17,GERN,1.62,10937800
2026-03-18,GERN,1.55,15074000
2026-03-19,GERN,1.55,22187200
2026-03-20,GERN,1.46,39135200
2026-03-23,GERN,1.54,19754100
2026-03-24,GERN,1.51,17644900
2026-03-25,GERN,1.57,14540200
2026-03-26,GERN,1.54,19706500
2026-03-27,GERN,1.4,19254000
2026-03-30,GERN,1.41,16680000
2026-03-31,GERN,1.49,14404600
2026-04-01,GERN,1.66,26477800
2026-04-02,GERN,1.66,33581600
2026-04-06,GERN,1.75,39279000
2026-04-07,GERN,1.74,17091700
2026-04-08,GERN,1.71,20090600
2026-04-09,GERN,1.76,17943600
2026-04-10,GERN,1.67,16569500
2026-04-13,GERN,1.73,23450000
2026-04-14,GERN,1.77,17828000
2026-04-15,GERN,1.69,21003000
2026-04-16,GERN,1.69,8450900
2026-04-17,GERN,1.68,23705600
2026-04-20,GERN,1.56,21052100
2026-04-21,GERN,1.5,15756800
2026-04-22,GERN,1.55,16683700
2026-04-23,GERN,1.5,8988700
2026-04-24,GERN,1.5,12931500
2026-04-27,GERN,1.53,12325300
2026-04-28,GERN,1.51,9451400
2026-04-29,GERN,1.51,12001400
2026-04-30,GERN,1.54,11190000
2026-05-01,GERN,1.58,9101500
2026-05-04,GERN,1.57,9965000
2026-05-05,GERN,1.65,15760600
2026-05-06,GERN,1.58,21462800
2026-05-07,GERN,1.46,17376700
2026-05-08,GERN,1.39,12746100
2026-05-11,GERN,1.39,32391600
2026-05-12,GERN,1.4,26698067
2026-02-02,GEV,754.5138,4074379
2026-02-03,GEV,779.7785,3856158
2026-02-04,GEV,745.769,5057996
2026-02-05,GEV,737.0843,3608563
2026-02-06,GEV,778.879,3283908
2026-02-09,GEV,801.0556,3105772
2026-02-10,GEV,790.3121,2458281
2026-02-11,GEV,823.1722,2820998
2026-02-12,GEV,816.0665,2677687
2026-02-13,GEV,801.6453,2020873
2026-02-17,GEV,818.655,2221624
2026-02-18,GEV,817.0559,1808911
2026-02-19,GEV,834.1056,1655631
2026-02-20,GEV,829.8382,1712678
2026-02-23,GEV,831.1974,1438182
2026-02-24,GEV,879.73,2305259
2026-02-25,GEV,876.01,2293148
2026-02-26,GEV,876.46,2796742
2026-02-27,GEV,873.6,2456197
2026-03-02,GEV,881.18,2421431
2026-03-03,GEV,842.0,3558097
2026-03-04,GEV,841.27,1817473
2026-03-05,GEV,815.01,3209153
2026-03-06,GEV,789.23,2678645
2026-03-09,GEV,830.1,2878026
2026-03-10,GEV,839.2,2393625
2026-03-11,GEV,847.65,1706690
2026-03-12,GEV,832.11,2142896
2026-03-13,GEV,805.02,2271146
2026-03-16,GEV,827.37,2361357
2026-03-17,GEV,844.05,2259252
2026-03-18,GEV,858.47,2193134
2026-03-19,GEV,877.39,2509526
2026-03-20,GEV,851.07,4438066
2026-03-23,GEV,882.64,3353891
2026-03-24,GEV,909.41,2782041
2026-03-25,GEV,923.69,2864889
2026-03-26,GEV,873.12,3000650
2026-03-27,GEV,853.16,2494731
2026-03-30,GEV,817.35,2830800
2026-03-31,GEV,872.9,3469200
2026-04-01,GEV,894.78,2467700
2026-04-02,GEV,898.57,1944100
2026-04-06,GEV,897.36,1386300
2026-04-07,GEV,910.75,1399100
2026-04-08,GEV,936.07,2336900
2026-04-09,GEV,968.02,2061300
2026-04-10,GEV,991.32,2164600
2026-04-13,GEV,991.12,1636200
2026-04-14,GEV,987.5,2028300
2026-04-15,GEV,985.92,2306900
2026-04-16,GEV,978.32,1402700
2026-04-17,GEV,1002.75,2328800
2026-04-20,GEV,990.18,1804900
2026-04-21,GEV,991.3,2111100
2026-04-22,GEV,1127.5601,4184700
2026-04-23,GEV,1149.53,3073200
2026-04-24,GEV,1149.1899,3633800
2026-04-27,GEV,1120.23,3845800
2026-04-28,GEV,1088.9301,4206000
2026-04-29,GEV,1063.11,3721100
2026-04-30,GEV,1083.46,3533200
2026-05-01,GEV,1062.95,1890400
2026-05-04,GEV,1073.95,1923200
2026-05-05,GEV,1095.21,2075600
2026-05-06,GEV,1118.96,2282800
2026-05-07,GEV,1045.63,2588300
2026-05-08,GEV,1040.15,1828700
2026-05-11,GEV,1073.08,2510000
2026-05-12,GEV,1071.98,2095618
2026-02-02,GFL,42.6732,986700
2026-02-03,GFL,42.6532,1110000
2026-02-04,GFL,42.5632,1578600
2026-02-05,GFL,42.2133,1107800
2026-02-06,GFL,42.5032,1529900
2026-02-09,GFL,43.073,1080800
2026-02-10,GFL,43.123,986500
2026-02-11,GFL,44.0326,2133400
2026-02-12,GFL,41.3137,4559500
2026-02-13,GFL,43.2929,2810200
2026-02-17,GFL,43.2829,1481600
2026-02-18,GFL,43.3129,1168700
2026-02-19,GFL,43.4528,1311000
2026-02-20,GFL,42.6532,1227100
2026-02-23,GFL,42.2433,1115300
2026-02-24,GFL,42.2333,1027100
2026-02-25,GFL,42.2533,1249200
2026-02-26,GFL,43.8227,1023700
2026-02-27,GFL,44.1726,1063900
2026-03-02,GFL,45.1922,1949900
2026-03-03,GFL,45.3021,1209200
2026-03-04,GFL,44.7523,3591500
2026-03-05,GFL,44.8223,1238700
2026-03-06,GFL,44.5624,1076900
2026-03-09,GFL,45.0122,1871700
2026-03-10,GFL,43.4828,1272600
2026-03-11,GFL,43.3229,935100
2026-03-12,GFL,43.2129,900200
2026-03-13,GFL,42.973,1692700
2026-03-16,GFL,42.3833,1088200
2026-03-17,GFL,42.4133,1337800
2026-03-18,GFL,42.3433,1217100
2026-03-19,GFL,42.4932,1161200
2026-03-20,GFL,40.7339,1645600
2026-03-23,GFL,40.464,1462500
2026-03-24,GFL,39.3845,1914800
2026-03-25,GFL,39.6543,1623200
2026-03-26,GFL,39.7543,2214000
2026-03-27,GFL,38.9446,1767100
2026-03-30,GFL,40.3941,1474400
2026-03-31,GFL,41.7035,3342900
2026-04-01,GFL,43.5428,2691500
2026-04-02,GFL,44.5524,2246400
2026-04-06,GFL,44.8623,1650600
2026-04-07,GFL,44.5324,1542800
2026-04-08,GFL,44.2925,1549000
2026-04-09,GFL,44.4924,1830300
2026-04-10,GFL,43.063,1285300
2026-04-13,GFL,38.95,6273200
2026-04-14,GFL,38.59,6886400
2026-04-15,GFL,39.0,5386200
2026-04-16,GFL,38.98,4155900
2026-04-17,GFL,38.94,3969300
2026-04-20,GFL,39.42,2544600
2026-04-21,GFL,39.38,2172600
2026-04-22,GFL,39.59,2500200
2026-04-23,GFL,40.36,3419600
2026-04-24,GFL,40.41,1910300
2026-04-27,GFL,39.67,1923600
2026-04-28,GFL,40.15,2138700
2026-04-29,GFL,40.34,2285400
2026-04-30,GFL,40.11,4695700
2026-05-01,GFL,38.5,2909200
2026-05-04,GFL,37.71,2917800
2026-05-05,GFL,36.99,2495900
2026-05-06,GFL,36.39,3361900
2026-05-07,GFL,37.19,3382100
2026-05-08,GFL,36.74,1844100
2026-05-11,GFL,36.65,1695800
2026-05-12,GFL,36.42,1309250
2026-02-02,GILT,18.66,1010600
2026-02-03,GILT,19.66,902900
2026-02-04,GILT,18.7,1275800
2026-02-05,GILT,19.42,1337400
2026-02-06,GILT,18.46,1462800
2026-02-09,GILT,19.27,873400
2026-02-10,GILT,15.04,3418600
2026-02-11,GILT,13.7,2174500
2026-02-12,GILT,13.25,1613000
2026-02-13,GILT,13.77,1039700
2026-02-17,GILT,14.21,836500
2026-02-18,GILT,14.56,1412700
2026-02-19,GILT,14.94,697200
2026-02-20,GILT,14.79,630200
2026-02-23,GILT,14.36,565300
2026-02-24,GILT,15.52,959800
2026-02-25,GILT,15.86,762700
2026-02-26,GILT,15.93,446400
2026-02-27,GILT,15.9,732200
2026-03-02,GILT,17.32,1017600
2026-03-03,GILT,16.9,697300
2026-03-04,GILT,17.61,941300
2026-03-05,GILT,16.72,1010800
2026-03-06,GILT,16.14,931900
2026-03-09,GILT,17.56,830800
2026-03-10,GILT,17.04,626500
2026-03-11,GILT,16.98,465000
2026-03-12,GILT,16.86,408200
2026-03-13,GILT,16.45,474000
2026-03-16,GILT,16.39,679600
2026-03-17,GILT,16.8,678900
2026-03-18,GILT,17.0,481800
2026-03-19,GILT,17.74,531500
2026-03-20,GILT,16.25,3635400
2026-03-23,GILT,16.67,459400
2026-03-24,GILT,16.81,438200
2026-03-25,GILT,17.39,613300
2026-03-26,GILT,16.57,506000
2026-03-27,GILT,15.39,492500
2026-03-30,GILT,14.27,638700
2026-03-31,GILT,15.02,696900
2026-04-01,GILT,15.57,412400
2026-04-02,GILT,16.34,639800
2026-04-06,GILT,17.27,527700
2026-04-07,GILT,18.43,905300
2026-04-08,GILT,18.72,1138500
2026-04-09,GILT,17.76,621500
2026-04-10,GILT,17.71,547300
2026-04-13,GILT,18.28,485600
2026-04-14,GILT,18.73,721000
2026-04-15,GILT,18.41,426400
2026-04-16,GILT,18.65,701500
2026-04-17,GILT,19.17,699700
2026-04-20,GILT,18.36,528700
2026-04-21,GILT,17.92,450200
2026-04-22,GILT,17.63,731200
2026-04-23,GILT,17.64,371700
2026-04-24,GILT,17.42,283000
2026-04-27,GILT,17.37,383000
2026-04-28,GILT,16.49,562800
2026-04-29,GILT,17.54,519600
2026-04-30,GILT,18.46,545500
2026-05-01,GILT,18.48,453200
2026-05-04,GILT,18.34,416000
2026-05-05,GILT,20.07,1454400
2026-05-06,GILT,19.86,791500
2026-05-07,GILT,18.84,568200
2026-05-08,GILT,19.39,738600
2026-05-11,GILT,20.85,1786100
2026-05-12,GILT,19.91,1777611
2026-02-02,GLBE,36.55,1547734
2026-02-03,GLBE,33.9,2961305
2026-02-04,GLBE,33.58,1739371
2026-02-05,GLBE,32.11,1440861
2026-02-06,GLBE,32.61,3807854
2026-02-09,GLBE,32.82,1909214
2026-02-10,GLBE,32.91,1082158
2026-02-11,GLBE,33.17,1831176
2026-02-12,GLBE,32.69,2487470
2026-02-13,GLBE,31.66,5368288
2026-02-17,GLBE,29.7,5966400
2026-02-18,GLBE,34.81,8421500
2026-02-19,GLBE,36.24,4367300
2026-02-20,GLBE,36.08,2717100
2026-02-23,GLBE,34.68,2046000
2026-02-24,GLBE,34.3,1633500
2026-02-25,GLBE,35.09,889500
2026-02-26,GLBE,35.96,1127900
2026-02-27,GLBE,34.97,1011900
2026-03-02,GLBE,34.63,1134100
2026-03-03,GLBE,34.64,1100600
2026-03-04,GLBE,35.76,1289300
2026-03-05,GLBE,36.67,1662900
2026-03-06,GLBE,35.39,795400
2026-03-09,GLBE,35.09,919306
2026-03-10,GLBE,34.2,833498
2026-03-11,GLBE,34.17,732000
2026-03-12,GLBE,34.53,1392100
2026-03-13,GLBE,34.78,1182100
2026-03-16,GLBE,34.58,751500
2026-03-17,GLBE,33.89,963000
2026-03-18,GLBE,34.02,695100
2026-03-19,GLBE,33.99,932400
2026-03-20,GLBE,32.34,979500
2026-03-23,GLBE,32.24,1162900
2026-03-24,GLBE,31.7,871300
2026-03-25,GLBE,32.14,1221300
2026-03-26,GLBE,30.9,1150100
2026-03-27,GLBE,28.93,1568400
2026-03-30,GLBE,28.64,1868800
2026-03-31,GLBE,30.85,1715500
2026-04-01,GLBE,31.06,1180500
2026-04-02,GLBE,31.18,820200
2026-04-06,GLBE,31.36,1205100
2026-04-07,GLBE,30.74,599800
2026-04-08,GLBE,30.75,1804600
2026-04-09,GLBE,30.44,686500
2026-04-10,GLBE,30.23,815400
2026-04-13,GLBE,30.54,631500
2026-04-14,GLBE,31.44,636200
2026-04-15,GLBE,33.3,794200
2026-04-16,GLBE,33.71,1152400
2026-04-17,GLBE,33.91,847400
2026-04-20,GLBE,33.05,1113500
2026-04-21,GLBE,32.5,1323400
2026-04-22,GLBE,32.85,1145800
2026-04-23,GLBE,30.84,1522000
2026-04-24,GLBE,31.61,794900
2026-04-27,GLBE,32.16,1076700
2026-04-28,GLBE,31.94,1021500
2026-04-29,GLBE,31.41,1160500
2026-04-30,GLBE,31.37,1248700
2026-05-01,GLBE,31.46,1702400
2026-05-04,GLBE,32.4,2014100
2026-05-05,GLBE,31.61,2042600
2026-05-06,GLBE,31.22,1422400
2026-05-07,GLBE,32.63,2399000
2026-05-08,GLBE,29.8,2220600
2026-05-11,GLBE,29.91,2842700
2026-05-12,GLBE,30.23,2927600
2026-02-02,GLUX,0.0001,0
2026-02-03,GLUX,0.0001,0
2026-02-04,GLUX,0.0001,0
2026-02-05,GLUX,0.0001,0
2026-02-06,GLUX,0.0001,0
2026-02-09,GLUX,0.0001,0
2026-02-10,GLUX,0.0001,0
2026-02-11,GLUX,0.0001,0
2026-02-12,GLUX,0.0001,0
2026-02-13,GLUX,0.0001,0
2026-02-17,GLUX,0.0001,0
2026-02-18,GLUX,0.0001,0
2026-02-19,GLUX,0.0001,0
2026-02-20,GLUX,0.0001,0
2026-02-23,GLUX,0.0001,66100
2026-02-24,GLUX,0.0001,0
2026-02-25,GLUX,0.0001,0
2026-02-26,GLUX,0.0001,0
2026-02-27,GLUX,0.0001,0
2026-03-02,GLUX,0.0001,0
2026-03-03,GLUX,0.0001,66100
2026-03-04,GLUX,0.0001,66100
2026-03-05,GLUX,0.0001,0
2026-03-06,GLUX,0.0001,66100
2026-03-09,GLUX,0.0001,66100
2026-03-10,GLUX,0.0001,66100
2026-03-11,GLUX,0.0001,66100
2026-03-12,GLUX,0.0001,0
2026-03-13,GLUX,0.0001,0
2026-03-16,GLUX,0.0001,0
2026-03-17,GLUX,0.0001,0
2026-03-18,GLUX,0.0001,0
2026-03-19,GLUX,0.0001,0
2026-03-20,GLUX,0.0001,0
2026-03-23,GLUX,0.0001,0
2026-03-24,GLUX,0.0001,0
2026-03-25,GLUX,0.0001,0
2026-03-26,GLUX,0.0001,0
2026-03-27,GLUX,0.0001,0
2026-03-30,GLUX,0.0001,0
2026-03-31,GLUX,0.0001,0
2026-04-01,GLUX,0.0001,0
2026-04-02,GLUX,0.0001,0
2026-04-03,GLUX,0.0001,66100
2026-04-06,GLUX,0.0001,0
2026-04-07,GLUX,0.0001,0
2026-04-08,GLUX,0.0001,0
2026-04-09,GLUX,0.0001,0
2026-04-10,GLUX,0.0001,0
2026-04-13,GLUX,0.0001,900
2026-04-14,GLUX,0.0001,0
2026-04-15,GLUX,0.0001,0
2026-04-16,GLUX,0.0001,0
2026-04-17,GLUX,0.0001,0
2026-04-20,GLUX,0.0001,0
2026-04-21,GLUX,0.0001,0
2026-04-22,GLUX,0.0001,0
2026-04-23,GLUX,0.0001,0
2026-04-24,GLUX,0.0001,0
2026-04-27,GLUX,0.0001,0
2026-04-28,GLUX,0.0001,0
2026-04-29,GLUX,0.0001,0
2026-04-30,GLUX,0.0001,0
2026-05-01,GLUX,0.0001,0
2026-05-04,GLUX,0.0001,0
2026-05-05,GLUX,0.0001,0
2026-05-06,GLUX,0.0001,66100
2026-05-07,GLUX,0.0001,0
2026-05-08,GLUX,0.0001,0
2026-05-11,GLUX,0.0001,0
2026-05-12,GLUX,0.0001,0
2026-02-02,GNR,68.18,659000
2026-02-03,GNR,70.27,482500
2026-02-04,GNR,70.94,899600
2026-02-05,GNR,68.72,271100
2026-02-06,GNR,70.27,672900
2026-02-09,GNR,71.91,398700
2026-02-10,GNR,72.21,212300
2026-02-11,GNR,74.21,232700
2026-02-12,GNR,72.32,435300
2026-02-13,GNR,73.05,180100
2026-02-17,GNR,72.09,470400
2026-02-18,GNR,72.97,602800
2026-02-19,GNR,73.21,341400
2026-02-20,GNR,73.26,2178200
2026-02-23,GNR,73.76,713800
2026-02-24,GNR,74.31,242600
2026-02-25,GNR,74.67,701600
2026-02-26,GNR,74.71,185700
2026-02-27,GNR,75.55,931700
2026-03-02,GNR,75.88,623800
2026-03-03,GNR,73.39,546100
2026-03-04,GNR,73.35,283600
2026-03-05,GNR,72.39,524100
2026-03-06,GNR,72.34,424100
2026-03-09,GNR,72.78,261193
2026-03-10,GNR,72.74,159247
2026-03-11,GNR,73.62,151900
2026-03-12,GNR,73.65,493900
2026-03-13,GNR,72.43,168700
2026-03-16,GNR,72.74,257500
2026-03-17,GNR,73.38,157700
2026-03-18,GNR,72.17,173300
2026-03-19,GNR,71.39,721200
2026-03-20,GNR,69.83,1618900
2026-03-23,GNR,71.05,277000
2026-03-24,GNR,72.03,201400
2026-03-25,GNR,72.88,182400
2026-03-26,GNR,72.26,168700
2026-03-27,GNR,73.02,508400
2026-03-30,GNR,73.07,1644900
2026-03-31,GNR,74.67,311700
2026-04-01,GNR,74.47,263700
2026-04-02,GNR,74.68,247400
2026-04-06,GNR,74.82,153300
2026-04-07,GNR,74.98,126100
2026-04-08,GNR,75.34,728800
2026-04-09,GNR,75.0,246800
2026-04-10,GNR,75.29,660200
2026-04-13,GNR,75.72,174600
2026-04-14,GNR,75.37,541200
2026-04-15,GNR,74.61,251700
2026-04-16,GNR,75.21,189400
2026-04-17,GNR,74.54,246600
2026-04-20,GNR,74.57,328300
2026-04-21,GNR,73.85,157600
2026-04-22,GNR,74.6,109100
2026-04-23,GNR,74.19,216000
2026-04-24,GNR,73.94,101500
2026-04-27,GNR,73.62,266100
2026-04-28,GNR,73.46,258200
2026-04-29,GNR,73.51,195000
2026-04-30,GNR,74.78,267600
2026-05-01,GNR,74.16,184800
2026-05-04,GNR,73.85,475294
2026-05-05,GNR,74.83,260014
2026-05-06,GNR,74.93,584000
2026-05-07,GNR,73.48,500800
2026-05-08,GNR,74.13,599100
2026-05-11,GNR,75.41,242900
2026-05-12,GNR,75.61,286487
2026-02-02,GOOGL,343.4482,32006100
2026-02-03,GOOGL,339.471,36506700
2026-02-04,GOOGL,332.8057,70618400
2026-02-05,GOOGL,331.017,88205800
2026-02-06,GOOGL,322.6329,56380500
2026-02-09,GOOGL,324.0919,39640100
2026-02-10,GOOGL,318.3559,39170000
2026-02-11,GOOGL,310.7412,45406400
2026-02-12,GOOGL,308.7826,47761300
2026-02-13,GOOGL,305.5049,38499700
2026-02-17,GOOGL,301.8075,39247600
2026-02-18,GOOGL,303.1166,28482100
2026-02-19,GOOGL,302.637,25834400
2026-02-20,GOOGL,314.7584,53210800
2026-02-23,GOOGL,311.2709,31423000
2026-02-24,GOOGL,310.6813,25615600
2026-02-25,GOOGL,312.6799,29963600
2026-02-26,GOOGL,307.1638,36431200
2026-02-27,GOOGL,311.5407,44640600
2026-03-02,GOOGL,306.3044,34790200
2026-03-03,GOOGL,303.3664,35497000
2026-03-04,GOOGL,302.9168,29536200
2026-03-05,GOOGL,300.6683,35752300
2026-03-06,GOOGL,298.31,25576900
2026-03-09,GOOGL,306.36,29312150
2026-03-10,GOOGL,307.04,23239680
2026-03-11,GOOGL,308.7,24125700
2026-03-12,GOOGL,303.55,24928300
2026-03-13,GOOGL,302.28,23693100
2026-03-16,GOOGL,305.56,23519700
2026-03-17,GOOGL,310.92,21955200
2026-03-18,GOOGL,307.69,20009800
2026-03-19,GOOGL,307.13,25075800
2026-03-20,GOOGL,301.0,44364100
2026-03-23,GOOGL,302.06,29326900
2026-03-24,GOOGL,290.44,36864300
2026-03-25,GOOGL,290.93,29460700
2026-03-26,GOOGL,280.92,39080600
2026-03-27,GOOGL,274.34,35890600
2026-03-30,GOOGL,273.5,35141200
2026-03-31,GOOGL,287.56,43875400
2026-04-01,GOOGL,297.39,37684500
2026-04-02,GOOGL,295.77,21666500
2026-04-06,GOOGL,299.99,16945500
2026-04-07,GOOGL,305.46,23205400
2026-04-08,GOOGL,317.32,33547100
2026-04-09,GOOGL,318.49,23739200
2026-04-10,GOOGL,317.24,19152600
2026-04-13,GOOGL,321.31,18866400
2026-04-14,GOOGL,332.91,27721400
2026-04-15,GOOGL,337.12,24918800
2026-04-16,GOOGL,336.02,20541500
2026-04-17,GOOGL,341.68,25581900
2026-04-20,GOOGL,337.42,18784200
2026-04-21,GOOGL,332.29,23123800
2026-04-22,GOOGL,339.32,20293000
2026-04-23,GOOGL,338.89,18650300
2026-04-24,GOOGL,344.4,26426100
2026-04-27,GOOGL,350.34,28576900
2026-04-28,GOOGL,349.78,27824100
2026-04-29,GOOGL,349.94,35376300
2026-04-30,GOOGL,384.8,72040000
2026-05-01,GOOGL,385.69,30105200
2026-05-04,GOOGL,383.25,26298600
2026-05-05,GOOGL,388.43,23878600
2026-05-06,GOOGL,398.04,31308500
2026-05-07,GOOGL,397.99,24433500
2026-05-08,GOOGL,400.8,21461800
2026-05-11,GOOGL,388.64,30753700
2026-05-12,GOOGL,387.35,25550827
2026-02-02,GOOS,12.63,871214
2026-02-03,GOOS,12.68,632651
2026-02-04,GOOS,13.22,1321000
2026-02-05,GOOS,10.65,5074300
2026-02-06,GOOS,11.24,2172300
2026-02-09,GOOS,11.9,1320100
2026-02-10,GOOS,11.96,928200
2026-02-11,GOOS,11.84,730300
2026-02-12,GOOS,11.97,603400
2026-02-13,GOOS,12.23,705700
2026-02-17,GOOS,11.93,772800
2026-02-18,GOOS,12.2,698900
2026-02-19,GOOS,12.34,362000
2026-02-20,GOOS,12.45,338300
2026-02-23,GOOS,12.1,593400
2026-02-24,GOOS,12.42,660100
2026-02-25,GOOS,12.19,468300
2026-02-26,GOOS,12.49,644500
2026-02-27,GOOS,12.31,443800
2026-03-02,GOOS,11.96,662200
2026-03-03,GOOS,11.72,746500
2026-03-04,GOOS,11.8,407000
2026-03-05,GOOS,11.57,364900
2026-03-06,GOOS,11.19,315400
2026-03-09,GOOS,11.15,384838
2026-03-10,GOOS,11.14,296505
2026-03-11,GOOS,10.97,290100
2026-03-12,GOOS,10.8,284600
2026-03-13,GOOS,10.76,306200
2026-03-16,GOOS,10.8,292600
2026-03-17,GOOS,10.91,523600
2026-03-18,GOOS,10.93,507000
2026-03-19,GOOS,10.81,433000
2026-03-20,GOOS,10.78,385800
2026-03-23,GOOS,10.91,433200
2026-03-24,GOOS,10.92,299500
2026-03-25,GOOS,10.97,368700
2026-03-26,GOOS,10.74,286700
2026-03-27,GOOS,10.56,346100
2026-03-30,GOOS,10.41,388400
2026-03-31,GOOS,10.97,338000
2026-04-01,GOOS,10.98,587500
2026-04-02,GOOS,10.55,955500
2026-04-06,GOOS,10.78,410500
2026-04-07,GOOS,10.52,212800
2026-04-08,GOOS,10.93,511900
2026-04-09,GOOS,11.24,255900
2026-04-10,GOOS,11.17,263400
2026-04-13,GOOS,11.27,393638
2026-04-14,GOOS,11.47,245232
2026-04-15,GOOS,11.49,338900
2026-04-16,GOOS,11.52,276700
2026-04-17,GOOS,11.93,545300
2026-04-20,GOOS,12.17,527700
2026-04-21,GOOS,12.11,415700
2026-04-22,GOOS,12.0,619300
2026-04-23,GOOS,11.76,391900
2026-04-24,GOOS,11.7,341600
2026-04-27,GOOS,11.71,270500
2026-04-28,GOOS,11.4,316000
2026-04-29,GOOS,11.14,265500
2026-04-30,GOOS,11.38,424100
2026-05-01,GOOS,11.3,417700
2026-05-04,GOOS,11.16,304914
2026-05-05,GOOS,11.46,272887
2026-05-06,GOOS,12.01,589000
2026-05-07,GOOS,11.91,325300
2026-05-08,GOOS,11.92,303400
2026-05-11,GOOS,11.11,486400
2026-05-12,GOOS,10.95,420200
2026-02-02,GPCR,89.84,848100
2026-02-03,GPCR,83.78,1440600
2026-02-04,GPCR,81.26,1011400
2026-02-05,GPCR,73.21,2156300
2026-02-06,GPCR,74.92,1101500
2026-02-09,GPCR,78.93,689500
2026-02-10,GPCR,78.55,541400
2026-02-11,GPCR,75.98,415100
2026-02-12,GPCR,72.04,874000
2026-02-13,GPCR,70.07,1252100
2026-02-17,GPCR,71.41,1002400
2026-02-18,GPCR,68.36,1021200
2026-02-19,GPCR,67.47,745700
2026-02-20,GPCR,66.55,940500
2026-02-23,GPCR,67.12,801500
2026-02-24,GPCR,68.91,776400
2026-02-25,GPCR,66.53,460900
2026-02-26,GPCR,64.75,940300
2026-02-27,GPCR,62.98,714700
2026-03-02,GPCR,62.9,518300
2026-03-03,GPCR,63.035,1190900
2026-03-04,GPCR,63.13,624200
2026-03-05,GPCR,59.7,811600
2026-03-06,GPCR,57.73,820600
2026-03-09,GPCR,56.5,883174
2026-03-10,GPCR,58.22,932860
2026-03-11,GPCR,58.2,696000
2026-03-12,GPCR,54.58,458000
2026-03-13,GPCR,53.75,587500
2026-03-16,GPCR,56.65,3191900
2026-03-17,GPCR,56.15,1096600
2026-03-18,GPCR,51.89,1274200
2026-03-19,GPCR,50.46,901400
2026-03-20,GPCR,48.59,908900
2026-03-23,GPCR,49.06,1423500
2026-03-24,GPCR,47.04,772900
2026-03-25,GPCR,48.13,636500
2026-03-26,GPCR,46.2,702500
2026-03-27,GPCR,45.92,1300000
2026-03-30,GPCR,43.94,1005800
2026-03-31,GPCR,48.2,1644600
2026-04-01,GPCR,50.17,1356800
2026-04-02,GPCR,53.48,1708700
2026-04-06,GPCR,51.77,977500
2026-04-07,GPCR,54.68,966000
2026-04-08,GPCR,53.11,852200
2026-04-09,GPCR,55.14,589300
2026-04-10,GPCR,54.51,1239800
2026-04-13,GPCR,54.25,469200
2026-04-14,GPCR,53.22,1050200
2026-04-15,GPCR,54.25,1091800
2026-04-16,GPCR,53.5,548100
2026-04-17,GPCR,50.75,917100
2026-04-20,GPCR,48.22,815600
2026-04-21,GPCR,46.83,1025500
2026-04-22,GPCR,46.5,688700
2026-04-23,GPCR,47.02,795900
2026-04-24,GPCR,45.49,835500
2026-04-27,GPCR,45.33,576500
2026-04-28,GPCR,43.56,1109600
2026-04-29,GPCR,41.365,1478800
2026-04-30,GPCR,41.45,1102200
2026-05-01,GPCR,42.21,1351800
2026-05-04,GPCR,43.04,810100
2026-05-05,GPCR,41.1,765000
2026-05-06,GPCR,40.84,867400
2026-05-07,GPCR,39.15,985100
2026-05-08,GPCR,39.1,802700
2026-05-11,GPCR,38.32,694800
2026-05-12,GPCR,37.84,483275
2026-02-02,GRID,166.1012,517571
2026-02-03,GRID,167.7102,658083
2026-02-04,GRID,167.0106,592755
2026-02-05,GRID,165.6714,596896
2026-02-06,GRID,170.7484,416122
2026-02-09,GRID,174.0264,1603043
2026-02-10,GRID,173.6966,3661840
2026-02-11,GRID,176.8348,716198
2026-02-12,GRID,174.9009,645729
2026-02-13,GRID,175.2957,555703
2026-02-17,GRID,175.0358,436990
2026-02-18,GRID,174.6261,461658
2026-02-19,GRID,174.5861,631825
2026-02-20,GRID,175.7154,681089
2026-02-23,GRID,174.0064,452460
2026-02-24,GRID,176.7148,553774
2026-02-25,GRID,178.5138,730620
2026-02-26,GRID,178.3838,817315
2026-02-27,GRID,177.7442,514611
2026-03-02,GRID,176.465,493350
2026-03-03,GRID,169.1593,689555
2026-03-04,GRID,170.8084,440040
2026-03-05,GRID,168.01,508005
2026-03-06,GRID,165.7714,584106
2026-03-09,GRID,167.5603,356502
2026-03-10,GRID,168.8395,387056
2026-03-11,GRID,168.9894,397981
2026-03-12,GRID,166.371,345920
2026-03-13,GRID,165.1417,282170
2026-03-16,GRID,167.5403,276562
2026-03-17,GRID,168.3698,301555
2026-03-18,GRID,166.5109,476096
2026-03-19,GRID,166.2511,356295
2026-03-20,GRID,160.7843,401930
2026-03-23,GRID,164.8519,473705
2026-03-24,GRID,165.2716,539191
2026-03-25,GRID,168.04,336658
2026-03-26,GRID,161.57,2904215
2026-03-27,GRID,159.5,359740
2026-03-30,GRID,157.58,387407
2026-03-31,GRID,163.58,482050
2026-04-01,GRID,166.82,468900
2026-04-02,GRID,165.9,378116
2026-04-06,GRID,166.71,286077
2026-04-07,GRID,166.69,299819
2026-04-08,GRID,174.71,426397
2026-04-09,GRID,176.53,499328
2026-04-10,GRID,177.88,1863069
2026-04-13,GRID,179.59,498105
2026-04-14,GRID,181.25,714840
2026-04-15,GRID,179.97,1550746
2026-04-16,GRID,179.98,1785608
2026-04-17,GRID,183.31,498579
2026-04-20,GRID,183.02,322600
2026-04-21,GRID,180.7,586800
2026-04-22,GRID,183.99,547800
2026-04-23,GRID,184.87,523000
2026-04-24,GRID,187.2,2123100
2026-04-27,GRID,187.48,850500
2026-04-28,GRID,185.42,614500
2026-04-29,GRID,184.29,487000
2026-04-30,GRID,190.99,936100
2026-05-01,GRID,191.14,374900
2026-05-04,GRID,189.84,569500
2026-05-05,GRID,193.49,563100
2026-05-06,GRID,197.73,1383800
2026-05-07,GRID,192.87,1274100
2026-05-08,GRID,197.22,983700
2026-05-11,GRID,199.8,1030700
2026-05-12,GRID,195.13,882468
2026-02-02,GSAT,60.78,529000
2026-02-03,GSAT,61.98,459400
2026-02-04,GSAT,58.4,858000
2026-02-05,GSAT,54.13,801900
2026-02-06,GSAT,57.65,518200
2026-02-09,GSAT,58.88,399900
2026-02-10,GSAT,58.78,400600
2026-02-11,GSAT,58.63,427400
2026-02-12,GSAT,59.0,565400
2026-02-13,GSAT,60.06,481100
2026-02-17,GSAT,59.06,303800
2026-02-18,GSAT,59.01,363800
2026-02-19,GSAT,59.05,422600
2026-02-20,GSAT,60.1,573200
2026-02-23,GSAT,60.79,544200
2026-02-24,GSAT,62.82,572000
2026-02-25,GSAT,63.44,556200
2026-02-26,GSAT,57.88,954700
2026-02-27,GSAT,62.27,1210100
2026-03-02,GSAT,62.0,751000
2026-03-03,GSAT,60.43,482800
2026-03-04,GSAT,61.3,545500
2026-03-05,GSAT,59.41,516300
2026-03-06,GSAT,56.44,692900
2026-03-09,GSAT,56.66,984312
2026-03-10,GSAT,58.77,408016
2026-03-11,GSAT,57.59,375400
2026-03-12,GSAT,57.11,514100
2026-03-13,GSAT,58.68,550300
2026-03-16,GSAT,58.83,494400
2026-03-17,GSAT,60.78,550700
2026-03-18,GSAT,58.68,605600
2026-03-19,GSAT,61.53,492800
2026-03-20,GSAT,58.73,1307000
2026-03-23,GSAT,60.6,529500
2026-03-24,GSAT,61.09,511600
2026-03-25,GSAT,67.38,2639800
2026-03-26,GSAT,60.28,1384500
2026-03-27,GSAT,64.16,1296600
2026-03-30,GSAT,61.82,1313200
2026-03-31,GSAT,66.42,1049400
2026-04-01,GSAT,68.53,1541500
2026-04-02,GSAT,77.73,4852700
2026-04-06,GSAT,72.66,1727700
2026-04-07,GSAT,73.85,809400
2026-04-08,GSAT,74.91,1274900
2026-04-09,GSAT,73.13,1008000
2026-04-10,GSAT,73.16,1367600
2026-04-13,GSAT,72.89,629600
2026-04-14,GSAT,79.91,12495600
2026-04-15,GSAT,80.64,4109800
2026-04-16,GSAT,80.03,2499400
2026-04-17,GSAT,80.02,1991300
2026-04-20,GSAT,80.36,2133800
2026-04-21,GSAT,80.35,1402400
2026-04-22,GSAT,81.34,1658200
2026-04-23,GSAT,81.29,1477900
2026-04-24,GSAT,81.81,1352400
2026-04-27,GSAT,81.9,1179600
2026-04-28,GSAT,81.28,1213000
2026-04-29,GSAT,81.63,979700
2026-04-30,GSAT,82.3,1696000
2026-05-01,GSAT,81.7,1739800
2026-05-04,GSAT,81.46,935500
2026-05-05,GSAT,81.87,1170300
2026-05-06,GSAT,81.97,1223900
2026-05-07,GSAT,81.48,1663800
2026-05-08,GSAT,82.09,930500
2026-05-11,GSAT,82.25,1201200
2026-05-12,GSAT,82.67,1134814
2026-02-02,GUNR,50.4017,1063041
2026-02-03,GUNR,51.7765,563882
2026-02-04,GUNR,51.9359,968495
2026-02-05,GUNR,50.4615,828279
2026-02-06,GUNR,51.398,353445
2026-02-09,GUNR,52.5536,466588
2026-02-10,GUNR,52.6732,425069
2026-02-11,GUNR,53.8388,567078
2026-02-12,GUNR,52.4839,1078379
2026-02-13,GUNR,53.0916,298117
2026-02-17,GUNR,52.4142,326157
2026-02-18,GUNR,53.0518,410988
2026-02-19,GUNR,53.4901,467117
2026-02-20,GUNR,53.6595,345912
2026-02-23,GUNR,53.9883,404532
2026-02-24,GUNR,54.4167,395948
2026-02-25,GUNR,54.6259,308146
2026-02-26,GUNR,54.6956,492035
2026-02-27,GUNR,55.4329,432090
2026-03-02,GUNR,55.6819,816235
2026-03-03,GUNR,53.8986,1235952
2026-03-04,GUNR,53.9385,564204
2026-03-05,GUNR,53.3307,602027
2026-03-06,GUNR,53.3805,496025
2026-03-09,GUNR,53.8089,955794
2026-03-10,GUNR,53.6794,749394
2026-03-11,GUNR,54.3868,521973
2026-03-12,GUNR,54.8152,405758
2026-03-13,GUNR,53.9285,444135
2026-03-16,GUNR,54.1278,1047291
2026-03-17,GUNR,54.5661,597958
2026-03-18,GUNR,53.5898,918132
2026-03-19,GUNR,52.992,840800
2026-03-20,GUNR,51.89,575400
2026-03-23,GUNR,52.54,632500
2026-03-24,GUNR,53.28,442900
2026-03-25,GUNR,53.91,1197300
2026-03-26,GUNR,53.56,490400
2026-03-27,GUNR,54.12,791700
2026-03-30,GUNR,54.16,878400
2026-03-31,GUNR,55.16,561400
2026-04-01,GUNR,55.15,547400
2026-04-02,GUNR,55.43,359700
2026-04-06,GUNR,55.48,531600
2026-04-07,GUNR,55.7,308300
2026-04-08,GUNR,55.73,362200
2026-04-09,GUNR,55.52,307200
2026-04-10,GUNR,55.71,560400
2026-04-13,GUNR,55.88,280000
2026-04-14,GUNR,55.63,292700
2026-04-15,GUNR,55.1,367800
2026-04-16,GUNR,55.56,437300
2026-04-17,GUNR,54.88,340100
2026-04-20,GUNR,54.93,2908900
2026-04-21,GUNR,54.36,365400
2026-04-22,GUNR,54.83,288300
2026-04-23,GUNR,54.74,275600
2026-04-24,GUNR,54.53,240200
2026-04-27,GUNR,54.31,386600
2026-04-28,GUNR,54.12,391800
2026-04-29,GUNR,54.12,348000
2026-04-30,GUNR,55.05,284200
2026-05-01,GUNR,54.54,443600
2026-05-04,GUNR,54.43,482100
2026-05-05,GUNR,55.05,495300
2026-05-06,GUNR,55.01,327900
2026-05-07,GUNR,53.94,348300
2026-05-08,GUNR,54.38,407100
2026-05-11,GUNR,55.39,302300
2026-05-12,GUNR,55.71,330476
2026-02-02,GWRE,138.92,2396617
2026-02-03,GWRE,129.65,3235221
2026-02-04,GWRE,132.18,2693019
2026-02-05,GWRE,125.99,1405095
2026-02-06,GWRE,128.19,1479743
2026-02-09,GWRE,125.8,1471300
2026-02-10,GWRE,133.24,1965809
2026-02-11,GWRE,130.41,2723490
2026-02-12,GWRE,125.34,1981968
2026-02-13,GWRE,127.03,1057633
2026-02-17,GWRE,122.29,1571488
2026-02-18,GWRE,128.84,1655993
2026-02-19,GWRE,128.84,809916
2026-02-20,GWRE,127.66,1181184
2026-02-23,GWRE,122.22,1538951
2026-02-24,GWRE,128.14,2124790
2026-02-25,GWRE,135.89,1854075
2026-02-26,GWRE,144.08,3908649
2026-02-27,GWRE,145.32,2042839
2026-03-02,GWRE,149.01,2529381
2026-03-03,GWRE,151.93,2011345
2026-03-04,GWRE,153.79,2545572
2026-03-05,GWRE,160.84,3434091
2026-03-06,GWRE,168.87,3773006
2026-03-09,GWRE,163.3,1682242
2026-03-10,GWRE,158.93,1924316
2026-03-11,GWRE,158.25,1446572
2026-03-12,GWRE,157.63,1136105
2026-03-13,GWRE,160.57,1355240
2026-03-16,GWRE,161.74,1310112
2026-03-17,GWRE,163.11,1275551
2026-03-18,GWRE,159.27,1119423
2026-03-19,GWRE,156.03,1027232
2026-03-20,GWRE,155.61,2074822
2026-03-23,GWRE,156.81,1202570
2026-03-24,GWRE,150.73,1091933
2026-03-25,GWRE,149.44,1030513
2026-03-26,GWRE,151.34,786372
2026-03-27,GWRE,144.68,818028
2026-03-30,GWRE,144.9,1163754
2026-03-31,GWRE,149.56,1012534
2026-04-01,GWRE,148.58,1065228
2026-04-02,GWRE,150.79,783292
2026-04-06,GWRE,147.83,832642
2026-04-07,GWRE,146.08,846402
2026-04-08,GWRE,136.87,1410906
2026-04-09,GWRE,124.3,3406160
2026-04-10,GWRE,117.95,3155916
2026-04-13,GWRE,124.18,2381700
2026-04-14,GWRE,125.09,2022656
2026-04-15,GWRE,136.57,1621310
2026-04-16,GWRE,139.11,915062
2026-04-17,GWRE,140.36,1252688
2026-04-20,GWRE,143.0,704756
2026-04-21,GWRE,141.04,1439023
2026-04-22,GWRE,142.99,913106
2026-04-23,GWRE,131.25,1904403
2026-04-24,GWRE,139.56,1377886
2026-04-27,GWRE,136.62,949094
2026-04-28,GWRE,138.67,1034891
2026-04-29,GWRE,139.23,681518
2026-04-30,GWRE,138.39,1082915
2026-05-01,GWRE,141.26,793239
2026-05-04,GWRE,143.57,816657
2026-05-05,GWRE,140.02,732920
2026-05-06,GWRE,131.09,1561594
2026-05-07,GWRE,139.58,1290459
2026-05-08,GWRE,138.45,647836
2026-05-11,GWRE,134.32,1424716
2026-05-12,GWRE,131.38,705406
2026-02-02,HACK,77.64,112200
2026-02-03,HACK,75.12,304300
2026-02-04,HACK,74.46,185000
2026-02-05,HACK,72.88,123600
2026-02-06,HACK,75.29,167700
2026-02-09,HACK,76.73,108200
2026-02-10,HACK,77.53,138500
2026-02-11,HACK,76.98,130300
2026-02-12,HACK,75.78,89100
2026-02-13,HACK,77.89,115000
2026-02-17,HACK,76.52,98000
2026-02-18,HACK,76.93,93400
2026-02-19,HACK,76.5,93600
2026-02-20,HACK,74.17,154600
2026-02-23,HACK,70.69,303400
2026-02-24,HACK,71.24,340500
2026-02-25,HACK,72.63,136900
2026-02-26,HACK,73.7,132700
2026-02-27,HACK,73.16,93900
2026-03-02,HACK,74.69,101200
2026-03-03,HACK,75.25,83100
2026-03-04,HACK,75.9,93300
2026-03-05,HACK,77.46,93000
2026-03-06,HACK,77.77,81400
2026-03-09,HACK,78.23,105291
2026-03-10,HACK,77.9,398116
2026-03-11,HACK,78.44,64600
2026-03-12,HACK,77.97,62400
2026-03-13,HACK,77.91,67700
2026-03-16,HACK,76.87,116700
2026-03-17,HACK,77.55,64500
2026-03-18,HACK,78.13,85700
2026-03-19,HACK,78.39,63000
2026-03-20,HACK,76.49,71900
2026-03-23,HACK,78.09,92300
2026-03-24,HACK,75.58,83300
2026-03-25,HACK,75.99,50600
2026-03-26,HACK,75.73,63100
2026-03-27,HACK,72.66,182900
2026-03-30,HACK,72.44,234900
2026-03-31,HACK,75.09,83400
2026-04-01,HACK,76.17,76300
2026-04-02,HACK,77.17,39800
2026-04-06,HACK,77.41,58304
2026-04-07,HACK,78.55,61030
2026-04-08,HACK,78.81,108100
2026-04-09,HACK,74.8,231200
2026-04-10,HACK,71.17,255600
2026-04-13,HACK,74.28,387905
2026-04-14,HACK,73.48,144159
2026-04-15,HACK,75.95,214700
2026-04-16,HACK,77.77,126200
2026-04-17,HACK,78.57,111600
2026-04-20,HACK,79.0,132200
2026-04-21,HACK,80.26,113000
2026-04-22,HACK,81.01,131700
2026-04-23,HACK,78.09,108400
2026-04-24,HACK,78.65,70000
2026-04-27,HACK,79.51,80748
2026-04-28,HACK,79.21,94321
2026-04-29,HACK,80.51,97300
2026-04-30,HACK,79.25,90500
2026-05-01,HACK,80.78,58200
2026-05-04,HACK,82.07,112200
2026-05-05,HACK,83.77,89300
2026-05-06,HACK,83.12,112300
2026-05-07,HACK,84.71,182700
2026-05-08,HACK,85.62,134100
2026-05-11,HACK,85.35,132800
2026-05-12,HACK,84.29,172661
2026-02-02,HAIL,34.6314,1300
2026-02-03,HAIL,34.919,1800
2026-02-04,HAIL,34.5665,400
2026-02-05,HAIL,33.3251,2300
2026-02-06,HAIL,35.3285,600
2026-02-09,HAIL,35.8258,9300
2026-02-10,HAIL,35.5932,7900
2026-02-11,HAIL,35.6481,2400
2026-02-12,HAIL,34.7842,500
2026-02-13,HAIL,35.2526,800
2026-02-17,HAIL,35.2326,800
2026-02-18,HAIL,35.4334,300
2026-02-19,HAIL,35.2496,800
2026-02-20,HAIL,35.1847,12300
2026-02-23,HAIL,34.7293,1500
2026-02-24,HAIL,35.5163,700
2026-02-25,HAIL,35.3495,13000
2026-02-26,HAIL,35.3934,1400
2026-02-27,HAIL,34.5945,1100
2026-03-02,HAIL,34.9031,5700
2026-03-03,HAIL,33.8854,10800
2026-03-04,HAIL,34.4846,2600
2026-03-05,HAIL,33.6197,600
2026-03-06,HAIL,33.0325,3400
2026-03-09,HAIL,33.3741,800
2026-03-10,HAIL,33.7246,700
2026-03-11,HAIL,34.1331,700
2026-03-12,HAIL,33.4699,700
2026-03-13,HAIL,33.0725,2000
2026-03-16,HAIL,33.4769,100
2026-03-17,HAIL,33.7536,2000
2026-03-18,HAIL,33.1723,300
2026-03-19,HAIL,33.1424,2700
2026-03-20,HAIL,31.91,400
2026-03-23,HAIL,33.0226,2044
2026-03-24,HAIL,33.1802,693
2026-03-25,HAIL,33.639,600
2026-03-26,HAIL,32.533,400
2026-03-27,HAIL,31.548,600
2026-03-30,HAIL,30.6049,744
2026-03-31,HAIL,32.4664,1235
2026-04-01,HAIL,32.956,300
2026-04-02,HAIL,33.227,500
2026-04-06,HAIL,33.3253,12067
2026-04-07,HAIL,33.0262,2504
2026-04-08,HAIL,34.408,500
2026-04-09,HAIL,34.44,1300
2026-04-10,HAIL,34.705,500
2026-04-13,HAIL,35.4698,1733
2026-04-14,HAIL,36.1753,6921
2026-04-15,HAIL,36.413,700
2026-04-16,HAIL,36.99,7100
2026-04-17,HAIL,37.671,2200
2026-04-20,HAIL,38.5,2800
2026-04-21,HAIL,38.55,2000
2026-04-22,HAIL,37.942,1300
2026-04-23,HAIL,37.045,3800
2026-04-24,HAIL,37.278,400
2026-04-27,HAIL,37.05,1141
2026-04-28,HAIL,36.3645,131
2026-04-29,HAIL,36.258,300
2026-04-30,HAIL,37.517,600
2026-05-01,HAIL,37.656,800
2026-05-04,HAIL,37.2861,4499
2026-05-05,HAIL,37.8552,1958
2026-05-06,HAIL,38.985,1300
2026-05-07,HAIL,38.0205,2031
2026-05-08,HAIL,38.4837,2383
2026-05-11,HAIL,39.3897,2462
2026-05-12,HAIL,38.7147,1842
2026-02-02,HEAL,28.28,25744
2026-02-03,HEAL,27.4779,11201
2026-02-04,HEAL,27.145,22394
2026-02-05,HEAL,26.305,8322
2026-02-06,HEAL,26.5626,12449
2026-02-09,HEAL,26.5145,37960
2026-02-10,HEAL,26.6299,18200
2026-02-11,HEAL,26.21,27302
2026-02-12,HEAL,25.17,25148
2026-02-13,HEAL,25.31,4360
2026-02-17,HEAL,26.095,4953
2026-02-18,HEAL,26.43,7127
2026-02-19,HEAL,26.505,5880
2026-02-20,HEAL,26.445,10293
2026-02-23,HEAL,26.14,8760
2026-02-24,HEAL,26.01,26977
2026-02-25,HEAL,26.399,26922
2026-02-26,HEAL,26.8459,44103
2026-02-27,HEAL,26.615,12840
2026-03-02,HEAL,26.625,7192
2026-03-03,HEAL,26.255,8963
2026-03-04,HEAL,26.63,10485
2026-03-05,HEAL,26.11,18279
2026-03-06,HEAL,25.615,11326
2026-03-09,HEAL,26.1,7410
2026-03-10,HEAL,25.65,12454
2026-03-11,HEAL,25.62,8962
2026-03-12,HEAL,24.82,47667
2026-03-13,HEAL,24.78,17296
2026-03-16,HEAL,25.045,6658
2026-03-17,HEAL,25.305,9992
2026-03-18,HEAL,24.835,9966
2026-03-19,HEAL,24.94,15391
2026-03-20,HEAL,24.4165,7854
2026-03-23,HEAL,24.6444,6521
2026-03-24,HEAL,24.3884,26446
2026-03-25,HEAL,24.43,13131
2026-03-26,HEAL,24.16,22069
2026-03-27,HEAL,23.4484,15886
2026-03-30,HEAL,23.17,18700
2026-03-31,HEAL,23.825,2900
2026-04-01,HEAL,23.915,6100
2026-04-02,HEAL,23.732,2900
2026-04-06,HEAL,24.0,13200
2026-04-07,HEAL,24.16,3000
2026-04-08,HEAL,24.639,4600
2026-04-09,HEAL,24.335,1700
2026-04-10,HEAL,24.1,13100
2026-04-13,HEAL,24.685,3100
2026-04-14,HEAL,25.115,3600
2026-04-15,HEAL,25.74,8900
2026-04-16,HEAL,25.805,8200
2026-04-17,HEAL,26.41,13200
2026-04-20,HEAL,26.335,17200
2026-04-21,HEAL,26.025,11100
2026-04-22,HEAL,26.02,10400
2026-04-23,HEAL,25.425,11000
2026-04-24,HEAL,25.52,7900
2026-04-27,HEAL,25.65,14400
2026-04-28,HEAL,25.44,1800
2026-04-29,HEAL,24.72,1900
2026-04-30,HEAL,25.234,7700
2026-05-01,HEAL,25.332,2800
2026-05-04,HEAL,25.32,10800
2026-05-05,HEAL,25.115,14100
2026-05-06,HEAL,25.055,11000
2026-05-07,HEAL,25.195,14500
2026-05-08,HEAL,25.265,5400
2026-05-11,HEAL,25.01,11200
2026-05-12,HEAL,24.9228,11184
2026-02-02,HERO,29.504,86100
2026-02-03,HERO,28.43,103400
2026-02-04,HERO,27.34,48100
2026-02-05,HERO,27.13,79600
2026-02-06,HERO,27.56,27500
2026-02-09,HERO,28.08,55500
2026-02-10,HERO,28.69,38100
2026-02-11,HERO,28.35,38200
2026-02-12,HERO,27.58,8100
2026-02-13,HERO,27.36,11500
2026-02-17,HERO,27.23,26900
2026-02-18,HERO,27.24,14400
2026-02-19,HERO,27.27,6700
2026-02-20,HERO,27.29,15600
2026-02-23,HERO,27.14,16300
2026-02-24,HERO,27.01,8200
2026-02-25,HERO,27.49,24000
2026-02-26,HERO,27.526,43600
2026-02-27,HERO,27.46,58500
2026-03-02,HERO,27.06,18000
2026-03-03,HERO,26.604,34600
2026-03-04,HERO,26.877,17500
2026-03-05,HERO,26.08,21200
2026-03-06,HERO,26.108,19000
2026-03-09,HERO,26.848,13900
2026-03-10,HERO,26.88,12900
2026-03-11,HERO,26.67,4900
2026-03-12,HERO,26.225,8300
2026-03-13,HERO,26.51,29900
2026-03-16,HERO,26.895,4700
2026-03-17,HERO,26.69,3900
2026-03-18,HERO,26.2,120900
2026-03-19,HERO,25.972,59600
2026-03-20,HERO,25.355,27400
2026-03-23,HERO,25.772,59400
2026-03-24,HERO,25.313,14800
2026-03-25,HERO,25.398,4800
2026-03-26,HERO,25.001,12700
2026-03-27,HERO,25.182,8600
2026-03-30,HERO,25.02,8200
2026-03-31,HERO,25.73,16200
2026-04-01,HERO,26.19,6100
2026-04-02,HERO,25.759,10700
2026-04-06,HERO,25.518,8400
2026-04-07,HERO,25.69,28600
2026-04-08,HERO,26.17,12600
2026-04-09,HERO,25.892,21000
2026-04-10,HERO,25.775,6500
2026-04-13,HERO,26.145,17200
2026-04-14,HERO,26.48,9400
2026-04-15,HERO,26.815,4500
2026-04-16,HERO,27.34,11600
2026-04-17,HERO,27.7,62300
2026-04-20,HERO,27.775,9100
2026-04-21,HERO,26.953,409700
2026-04-22,HERO,27.143,17400
2026-04-23,HERO,26.53,35300
2026-04-24,HERO,26.646,8500
2026-04-27,HERO,26.66,7200
2026-04-28,HERO,26.58,6600
2026-04-29,HERO,26.32,9300
2026-04-30,HERO,26.589,20200
2026-05-01,HERO,26.41,29700
2026-05-04,HERO,26.343,18500
2026-05-05,HERO,26.36,37200
2026-05-06,HERO,26.617,18500
2026-05-07,HERO,25.97,55500
2026-05-08,HERO,26.347,37100
2026-05-11,HERO,26.361,25500
2026-05-12,HERO,26.0294,39952
2026-02-02,HIMS,26.44,13612500
2026-02-03,HIMS,25.54,21365600
2026-02-04,HIMS,24.4,31676000
2026-02-05,HIMS,23.48,71253500
2026-02-06,HIMS,23.02,46351700
2026-02-09,HIMS,19.33,144202400
2026-02-10,HIMS,17.24,51693900
2026-02-11,HIMS,16.69,33587600
2026-02-12,HIMS,15.8,31825600
2026-02-13,HIMS,16.3,26248400
2026-02-17,HIMS,16.27,22435100
2026-02-18,HIMS,15.84,17282700
2026-02-19,HIMS,15.82,32798100
2026-02-20,HIMS,15.63,25353500
2026-02-23,HIMS,15.51,43356400
2026-02-24,HIMS,15.46,63952600
2026-02-25,HIMS,15.82,38317800
2026-02-26,HIMS,15.6,29431200
2026-02-27,HIMS,14.52,23484600
2026-03-02,HIMS,16.48,32836200
2026-03-03,HIMS,15.82,27508200
2026-03-04,HIMS,16.45,20438100
2026-03-05,HIMS,15.88,19004100
2026-03-06,HIMS,15.74,21093800
2026-03-09,HIMS,22.16,174964100
2026-03-10,HIMS,23.47,118638500
2026-03-11,HIMS,25.88,111773500
2026-03-12,HIMS,23.84,68303400
2026-03-13,HIMS,24.77,42982500
2026-03-16,HIMS,24.88,37972100
2026-03-17,HIMS,24.98,35316100
2026-03-18,HIMS,23.15,35354200
2026-03-19,HIMS,24.16,29908800
2026-03-20,HIMS,22.02,33380800
2026-03-23,HIMS,22.46,20283800
2026-03-24,HIMS,21.34,26400700
2026-03-25,HIMS,20.84,21696400
2026-03-26,HIMS,20.86,26020000
2026-03-27,HIMS,19.38,22374100
2026-03-30,HIMS,18.78,19219600
2026-03-31,HIMS,20.76,34530500
2026-04-01,HIMS,19.84,26625200
2026-04-02,HIMS,19.14,23512000
2026-04-06,HIMS,20.33,19583300
2026-04-07,HIMS,19.5,21488000
2026-04-08,HIMS,19.39,20079200
2026-04-09,HIMS,19.75,14700400
2026-04-10,HIMS,19.43,16054500
2026-04-13,HIMS,21.15,24685800
2026-04-14,HIMS,21.36,19377300
2026-04-15,HIMS,24.29,45776800
2026-04-16,HIMS,26.99,80363700
2026-04-17,HIMS,28.82,58933000
2026-04-20,HIMS,31.01,69289000
2026-04-21,HIMS,29.76,59038800
2026-04-22,HIMS,29.01,32247300
2026-04-23,HIMS,28.15,44911700
2026-04-24,HIMS,30.56,43478900
2026-04-27,HIMS,29.39,23287200
2026-04-28,HIMS,27.91,21825600
2026-04-29,HIMS,26.33,19906300
2026-04-30,HIMS,27.17,17411800
2026-05-01,HIMS,27.41,14645100
2026-05-04,HIMS,27.27,15069500
2026-05-05,HIMS,26.33,15492800
2026-05-06,HIMS,26.88,14873600
2026-05-07,HIMS,25.65,18627000
2026-05-08,HIMS,28.27,25969500
2026-05-11,HIMS,29.14,61193000
2026-05-12,HIMS,25.03,53235211
2026-02-02,HLX,8.06,2044700
2026-02-03,HLX,8.37,2988700
2026-02-04,HLX,8.31,3099900
2026-02-05,HLX,8.09,5898300
2026-02-06,HLX,8.56,1969300
2026-02-09,HLX,8.65,1914200
2026-02-10,HLX,8.46,1612600
2026-02-11,HLX,8.85,2102600
2026-02-12,HLX,8.47,1620000
2026-02-13,HLX,8.6,1802100
2026-02-17,HLX,8.39,1424500
2026-02-18,HLX,8.6,1913200
2026-02-19,HLX,9.1,1773600
2026-02-20,HLX,8.94,2089800
2026-02-23,HLX,9.07,1749400
2026-02-24,HLX,10.55,6574600
2026-02-25,HLX,9.6,3839100
2026-02-26,HLX,9.02,2538700
2026-02-27,HLX,9.19,2396500
2026-03-02,HLX,9.31,1518800
2026-03-03,HLX,9.21,2659400
2026-03-04,HLX,9.17,1387000
2026-03-05,HLX,9.15,2981000
2026-03-06,HLX,9.0,2578800
2026-03-09,HLX,9.01,1786752
2026-03-10,HLX,9.01,1757636
2026-03-11,HLX,9.08,2005100
2026-03-12,HLX,8.75,2107700
2026-03-13,HLX,8.82,4422200
2026-03-16,HLX,9.04,1656900
2026-03-17,HLX,9.48,1947900
2026-03-18,HLX,9.46,2522800
2026-03-19,HLX,9.73,1756300
2026-03-20,HLX,9.59,4462800
2026-03-23,HLX,9.8,1443800
2026-03-24,HLX,9.99,1394300
2026-03-25,HLX,9.92,1246600
2026-03-26,HLX,10.08,1358100
2026-03-27,HLX,10.1,1212400
2026-03-30,HLX,9.75,1942200
2026-03-31,HLX,9.89,1931900
2026-04-01,HLX,9.37,1964400
2026-04-02,HLX,9.61,1354300
2026-04-06,HLX,9.6,1125200
2026-04-07,HLX,9.86,1066200
2026-04-08,HLX,9.66,1770600
2026-04-09,HLX,9.58,1274600
2026-04-10,HLX,9.56,876300
2026-04-13,HLX,9.79,1437000
2026-04-14,HLX,9.4,1358000
2026-04-15,HLX,9.42,1376500
2026-04-16,HLX,9.47,1734100
2026-04-17,HLX,9.16,1658500
2026-04-20,HLX,9.13,1830300
2026-04-21,HLX,9.38,1855300
2026-04-22,HLX,9.63,1481200
2026-04-23,HLX,9.7,6154000
2026-04-24,HLX,9.89,4285700
2026-04-27,HLX,9.93,3116600
2026-04-28,HLX,10.08,2498900
2026-04-29,HLX,10.1,2079700
2026-04-30,HLX,10.35,2163200
2026-05-01,HLX,10.29,2599000
2026-05-04,HLX,10.25,1875200
2026-05-05,HLX,10.26,1804200
2026-05-06,HLX,9.85,1909800
2026-05-07,HLX,9.83,1997000
2026-05-08,HLX,9.66,1452800
2026-05-11,HLX,9.97,1185000
2026-05-12,HLX,9.91,979962
2026-02-02,HON,226.4358,4514500
2026-02-03,HON,229.7693,4531400
2026-02-04,HON,234.1873,5943100
2026-02-05,HON,232.6947,5017500
2026-02-06,HON,237.2024,3976500
2026-02-09,HON,238.6551,3006700
2026-02-10,HON,242.1378,3888800
2026-02-11,HON,241.501,4192200
2026-02-12,HON,238.6452,6536100
2026-02-13,HON,240.1875,5330200
2026-02-17,HON,241.4513,3699800
2026-02-18,HON,239.9487,2853200
2026-02-19,HON,239.5805,2360100
2026-02-20,HON,242.7647,2681200
2026-02-23,HON,241.8592,2496100
2026-02-24,HON,242.4065,2575500
2026-02-25,HON,241.0035,3368600
2026-02-26,HON,239.69,3040000
2026-02-27,HON,243.59,3888100
2026-03-02,HON,248.04,3634700
2026-03-03,HON,243.85,6367200
2026-03-04,HON,245.97,4774800
2026-03-05,HON,238.38,4308200
2026-03-06,HON,235.29,3857900
2026-03-09,HON,237.59,3405360
2026-03-10,HON,240.61,5089125
2026-03-11,HON,239.44,3241200
2026-03-12,HON,233.4,4592800
2026-03-13,HON,234.5,3117500
2026-03-16,HON,234.51,3176700
2026-03-17,HON,231.42,4224000
2026-03-18,HON,229.92,3255200
2026-03-19,HON,229.03,3031900
2026-03-20,HON,221.5,8098400
2026-03-23,HON,223.01,3657400
2026-03-24,HON,221.57,3326000
2026-03-25,HON,225.79,4574600
2026-03-26,HON,225.17,4754400
2026-03-27,HON,223.12,3316200
2026-03-30,HON,223.48,3217500
2026-03-31,HON,226.03,3479000
2026-04-01,HON,228.2,3837700
2026-04-02,HON,229.45,2987300
2026-04-06,HON,228.21,3139500
2026-04-07,HON,223.84,3719500
2026-04-08,HON,232.47,3807800
2026-04-09,HON,236.06,3191900
2026-04-10,HON,235.04,1906900
2026-04-13,HON,233.64,2657300
2026-04-14,HON,233.24,3155300
2026-04-15,HON,232.19,3514500
2026-04-16,HON,229.38,2925900
2026-04-17,HON,233.55,4071900
2026-04-20,HON,229.74,3217800
2026-04-21,HON,222.22,4895100
2026-04-22,HON,219.97,4470200
2026-04-23,HON,214.34,8019200
2026-04-24,HON,213.17,4607600
2026-04-27,HON,212.05,3615500
2026-04-28,HON,212.93,3796900
2026-04-29,HON,210.3,4502600
2026-04-30,HON,214.33,4128600
2026-05-01,HON,212.5,2988200
2026-05-04,HON,209.59,2822000
2026-05-05,HON,209.06,2655200
2026-05-06,HON,216.86,4297300
2026-05-07,HON,216.07,3573100
2026-05-08,HON,213.12,3731700
2026-05-11,HON,219.11,4454000
2026-05-12,HON,218.54,3587839
2026-02-02,HOOD,89.91,59741800
2026-02-03,HOOD,87.07,36550000
2026-02-04,HOOD,80.62,62547900
2026-02-05,HOOD,72.68,56483100
2026-02-06,HOOD,82.82,54593900
2026-02-09,HOOD,86.56,41278100
2026-02-10,HOOD,85.6,41823800
2026-02-11,HOOD,77.97,68727600
2026-02-12,HOOD,71.12,57569300
2026-02-13,HOOD,75.97,43506900
2026-02-17,HOOD,75.44,31818500
2026-02-18,HOOD,75.21,25655400
2026-02-19,HOOD,75.65,20780400
2026-02-20,HOOD,76.11,30283900
2026-02-23,HOOD,71.78,30422700
2026-02-24,HOOD,73.39,23571800
2026-02-25,HOOD,77.53,32366200
2026-02-26,HOOD,79.45,22685800
2026-02-27,HOOD,75.85,23485300
2026-03-02,HOOD,78.78,26904700
2026-03-03,HOOD,76.07,26929200
2026-03-04,HOOD,82.21,38493800
2026-03-05,HOOD,80.56,39868300
2026-03-06,HOOD,77.09,28734400
2026-03-09,HOOD,79.35,25186609
2026-03-10,HOOD,78.53,22663590
2026-03-11,HOOD,78.69,22677200
2026-03-12,HOOD,76.12,22668300
2026-03-13,HOOD,73.39,33417500
2026-03-16,HOOD,75.31,22783400
2026-03-17,HOOD,77.35,20210200
2026-03-18,HOOD,74.9,21937600
2026-03-19,HOOD,74.16,21552500
2026-03-20,HOOD,70.89,34441100
2026-03-23,HOOD,72.49,26070200
2026-03-24,HOOD,69.08,29061200
2026-03-25,HOOD,72.54,27500100
2026-03-26,HOOD,70.35,21327000
2026-03-27,HOOD,66.02,30547000
2026-03-30,HOOD,65.16,26512300
2026-03-31,HOOD,69.3,35925100
2026-04-01,HOOD,70.11,24130400
2026-04-02,HOOD,68.9,23381300
2026-04-06,HOOD,69.78,24334500
2026-04-07,HOOD,69.65,24967400
2026-04-08,HOOD,71.83,32953400
2026-04-09,HOOD,70.12,25973800
2026-04-10,HOOD,69.19,23163800
2026-04-13,HOOD,71.67,21181700
2026-04-14,HOOD,79.09,43587300
2026-04-15,HOOD,87.32,72707200
2026-04-16,HOOD,86.85,51788100
2026-04-17,HOOD,90.75,49795300
2026-04-20,HOOD,91.275,35942400
2026-04-21,HOOD,86.43,36873000
2026-04-22,HOOD,88.43,27468400
2026-04-23,HOOD,83.54,33497600
2026-04-24,HOOD,84.71,20873100
2026-04-27,HOOD,83.95,20100400
2026-04-28,HOOD,82.07,31324200
2026-04-29,HOOD,71.2,79797600
2026-04-30,HOOD,72.89,31187300
2026-05-01,HOOD,73.66,25254800
2026-05-04,HOOD,76.55,29377500
2026-05-05,HOOD,77.03,24754600
2026-05-06,HOOD,79.05,24673100
2026-05-07,HOOD,76.28,21873200
2026-05-08,HOOD,77.03,18141900
2026-05-11,HOOD,80.78,26357900
2026-05-12,HOOD,78.27,16951506
2026-02-02,HRTS,35.975,56400
2026-02-03,HRTS,35.529,11900
2026-02-04,HRTS,35.558,1800
2026-02-05,HRTS,35.01,24700
2026-02-06,HRTS,35.653,4400
2026-02-09,HRTS,35.509,2600
2026-02-10,HRTS,35.301,6900
2026-02-11,HRTS,35.574,66000
2026-02-12,HRTS,35.504,6200
2026-02-13,HRTS,35.75,1700
2026-02-17,HRTS,36.036,1400
2026-02-18,HRTS,36.045,1600
2026-02-19,HRTS,35.929,1600
2026-02-20,HRTS,35.822,1400
2026-02-23,HRTS,35.985,8300
2026-02-24,HRTS,35.975,3500
2026-02-25,HRTS,35.718,1600
2026-02-26,HRTS,35.591,4200
2026-02-27,HRTS,36.091,6000
2026-03-02,HRTS,35.75,2900
2026-03-03,HRTS,35.257,6100
2026-03-04,HRTS,35.5,3700
2026-03-05,HRTS,34.678,3300
2026-03-06,HRTS,34.325,2500
2026-03-09,HRTS,34.7541,2138
2026-03-10,HRTS,34.775,552
2026-03-11,HRTS,34.55,800
2026-03-12,HRTS,33.851,4600
2026-03-13,HRTS,33.669,2400
2026-03-16,HRTS,34.052,1400
2026-03-17,HRTS,33.924,2600
2026-03-18,HRTS,33.303,2400
2026-03-19,HRTS,33.232,1700
2026-03-20,HRTS,32.793,5500
2026-03-23,HRTS,32.852,1900
2026-03-24,HRTS,32.774,700
2026-03-25,HRTS,33.209,1400
2026-03-26,HRTS,33.171,3000
2026-03-27,HRTS,32.594,3300
2026-03-30,HRTS,32.724,3800
2026-03-31,HRTS,33.685,52100
2026-04-01,HRTS,33.969,1500
2026-04-02,HRTS,33.675,1600
2026-04-06,HRTS,33.594,2300
2026-04-07,HRTS,33.465,1700
2026-04-08,HRTS,34.216,5200
2026-04-09,HRTS,34.228,1900
2026-04-10,HRTS,33.8,2800
2026-04-13,HRTS,34.29,6900
2026-04-14,HRTS,34.61,4700
2026-04-15,HRTS,34.545,3400
2026-04-16,HRTS,34.191,4600
2026-04-17,HRTS,34.636,1300
2026-04-20,HRTS,34.344,3300
2026-04-21,HRTS,33.883,2400
2026-04-22,HRTS,33.984,1900
2026-04-23,HRTS,33.738,1500
2026-04-24,HRTS,33.39,3300
2026-04-27,HRTS,33.095,2700
2026-04-28,HRTS,33.146,3100
2026-04-29,HRTS,32.827,1400
2026-04-30,HRTS,33.655,7800
2026-05-01,HRTS,33.545,29500
2026-05-04,HRTS,33.58,22800
2026-05-05,HRTS,33.622,700
2026-05-06,HRTS,33.888,4700
2026-05-07,HRTS,33.528,1800
2026-05-08,HRTS,33.342,2300
2026-05-11,HRTS,33.219,3100
2026-05-12,HRTS,33.7197,2749
2026-02-02,HUBB,494.2475,673458
2026-02-03,HUBB,502.4951,1061495
2026-02-04,HUBB,485.8403,1204392
2026-02-05,HUBB,486.0797,668503
2026-02-06,HUBB,502.4352,938004
2026-02-09,HUBB,504.7689,610244
2026-02-10,HUBB,501.7371,489591
2026-02-11,HUBB,514.6321,680231
2026-02-12,HUBB,514.6221,1078200
2026-02-13,HUBB,522.7002,708403
2026-02-17,HUBB,522.8298,376754
2026-02-18,HUBB,520.8851,506473
2026-02-19,HUBB,525.1336,396511
2026-02-20,HUBB,525.3031,511269
2026-02-23,HUBB,515.5895,471366
2026-02-24,HUBB,525.3231,392504
2026-02-25,HUBB,526.4699,367726
2026-02-26,HUBB,522.77,468716
2026-02-27,HUBB,511.63,663361
2026-03-02,HUBB,516.98,447152
2026-03-03,HUBB,488.49,577102
2026-03-04,HUBB,490.78,440316
2026-03-05,HUBB,476.51,755548
2026-03-06,HUBB,471.54,667099
2026-03-09,HUBB,487.76,590700
2026-03-10,HUBB,478.06,701163
2026-03-11,HUBB,477.97,440228
2026-03-12,HUBB,468.41,575361
2026-03-13,HUBB,467.38,547866
2026-03-16,HUBB,472.64,451042
2026-03-17,HUBB,471.22,506089
2026-03-18,HUBB,477.47,1076065
2026-03-19,HUBB,492.65,822836
2026-03-20,HUBB,475.74,1019280
2026-03-23,HUBB,489.07,480654
2026-03-24,HUBB,505.62,555832
2026-03-25,HUBB,503.2,577081
2026-03-26,HUBB,481.67,493293
2026-03-27,HUBB,480.97,435360
2026-03-30,HUBB,472.07,406147
2026-03-31,HUBB,490.74,452457
2026-04-01,HUBB,500.38,421534
2026-04-02,HUBB,494.25,307769
2026-04-06,HUBB,499.2,271430
2026-04-07,HUBB,499.31,620421
2026-04-08,HUBB,527.21,433369
2026-04-09,HUBB,534.67,559082
2026-04-10,HUBB,536.01,431463
2026-04-13,HUBB,539.79,474441
2026-04-14,HUBB,545.62,462297
2026-04-15,HUBB,526.94,563750
2026-04-16,HUBB,521.71,473274
2026-04-17,HUBB,535.57,579222
2026-04-20,HUBB,546.23,403516
2026-04-21,HUBB,549.11,513602
2026-04-22,HUBB,549.75,384162
2026-04-23,HUBB,557.85,442693
2026-04-24,HUBB,553.07,450659
2026-04-27,HUBB,555.34,575670
2026-04-28,HUBB,544.71,466351
2026-04-29,HUBB,545.93,669276
2026-04-30,HUBB,508.17,1620941
2026-05-01,HUBB,508.43,694805
2026-05-04,HUBB,516.0,629121
2026-05-05,HUBB,507.81,738010
2026-05-06,HUBB,502.34,796769
2026-05-07,HUBB,493.04,725261
2026-05-08,HUBB,492.58,499340
2026-05-11,HUBB,490.16,788811
2026-05-12,HUBB,485.98,698297
2026-02-02,HUBS,274.06,1426800
2026-02-03,HUBS,245.16,3384100
2026-02-04,HUBS,243.93,2682000
2026-02-05,HUBS,223.49,2294700
2026-02-06,HUBS,232.58,2280800
2026-02-09,HUBS,231.08,1709600
2026-02-10,HUBS,231.95,2583200
2026-02-11,HUBS,209.33,4002500
2026-02-12,HUBS,228.95,7128400
2026-02-13,HUBS,243.85,4043600
2026-02-17,HUBS,247.31,2443446
2026-02-18,HUBS,250.14,1509600
2026-02-19,HUBS,239.37,1441500
2026-02-20,HUBS,233.5,2003900
2026-02-23,HUBS,217.36,2113400
2026-02-24,HUBS,232.6,1854400
2026-02-25,HUBS,245.7,1849800
2026-02-26,HUBS,268.52,3376500
2026-02-27,HUBS,264.51,2359300
2026-03-02,HUBS,263.6,1345500
2026-03-03,HUBS,275.37,1680400
2026-03-04,HUBS,278.59,1057100
2026-03-05,HUBS,291.47,1835000
2026-03-06,HUBS,296.56,1466300
2026-03-09,HUBS,286.84,1537350
2026-03-10,HUBS,269.32,2160948
2026-03-11,HUBS,259.1,1525200
2026-03-12,HUBS,257.63,1435600
2026-03-13,HUBS,264.3,1115400
2026-03-16,HUBS,264.56,927800
2026-03-17,HUBS,265.55,951700
2026-03-18,HUBS,262.11,1060000
2026-03-19,HUBS,262.32,968900
2026-03-20,HUBS,258.81,1159800
2026-03-23,HUBS,262.06,1003000
2026-03-24,HUBS,237.94,1896700
2026-03-25,HUBS,238.07,1509900
2026-03-26,HUBS,245.07,898600
2026-03-27,HUBS,230.79,1164700
2026-03-30,HUBS,237.81,859900
2026-03-31,HUBS,244.1,876700
2026-04-01,HUBS,242.79,876100
2026-04-02,HUBS,244.67,800600
2026-04-06,HUBS,245.14,616900
2026-04-07,HUBS,227.61,1409000
2026-04-08,HUBS,217.98,2356600
2026-04-09,HUBS,205.04,3298200
2026-04-10,HUBS,192.26,3143000
2026-04-13,HUBS,205.28,1881900
2026-04-14,HUBS,206.44,1733400
2026-04-15,HUBS,218.62,2219200
2026-04-16,HUBS,222.98,1680200
2026-04-17,HUBS,222.49,1411600
2026-04-20,HUBS,229.88,1232600
2026-04-21,HUBS,230.46,1615000
2026-04-22,HUBS,232.75,1117400
2026-04-23,HUBS,214.69,1903200
2026-04-24,HUBS,223.32,874400
2026-04-27,HUBS,225.07,913789
2026-04-28,HUBS,225.97,897342
2026-04-29,HUBS,227.25,653300
2026-04-30,HUBS,221.76,902700
2026-05-01,HUBS,239.89,1542800
2026-05-04,HUBS,247.43,1542100
2026-05-05,HUBS,246.08,1144400
2026-05-06,HUBS,235.16,1551400
2026-05-07,HUBS,243.72,2938500
2026-05-08,HUBS,197.34,6513600
2026-05-11,HUBS,191.34,2805900
2026-05-12,HUBS,179.58,2411570
2026-02-02,HYDR,37.365,38400
2026-02-03,HYDR,38.407,17700
2026-02-04,HYDR,37.233,27300
2026-02-05,HYDR,35.408,31600
2026-02-06,HYDR,37.46,16300
2026-02-09,HYDR,38.215,6900
2026-02-10,HYDR,37.908,17500
2026-02-11,HYDR,37.888,8900
2026-02-12,HYDR,36.839,15200
2026-02-13,HYDR,37.403,9100
2026-02-17,HYDR,37.123,11000
2026-02-18,HYDR,38.079,10600
2026-02-19,HYDR,38.21,18400
2026-02-20,HYDR,38.7,27500
2026-02-23,HYDR,37.941,15500
2026-02-24,HYDR,39.156,20500
2026-02-25,HYDR,40.053,24200
2026-02-26,HYDR,39.902,12200
2026-02-27,HYDR,39.009,18600
2026-03-02,HYDR,38.796,21700
2026-03-03,HYDR,37.908,13400
2026-03-04,HYDR,39.474,51700
2026-03-05,HYDR,38.82,76200
2026-03-06,HYDR,38.04,17800
2026-03-09,HYDR,39.0246,34040
2026-03-10,HYDR,38.6995,15452
2026-03-11,HYDR,39.513,9000
2026-03-12,HYDR,39.718,25300
2026-03-13,HYDR,39.164,17700
2026-03-16,HYDR,39.837,18700
2026-03-17,HYDR,40.203,11800
2026-03-18,HYDR,39.422,28700
2026-03-19,HYDR,40.328,16800
2026-03-20,HYDR,37.456,21000
2026-03-23,HYDR,38.308,26800
2026-03-24,HYDR,37.342,46400
2026-03-25,HYDR,37.583,8000
2026-03-26,HYDR,36.397,11700
2026-03-27,HYDR,35.751,18500
2026-03-30,HYDR,34.305,31800
2026-03-31,HYDR,36.238,17900
2026-04-01,HYDR,36.472,23200
2026-04-02,HYDR,36.771,29900
2026-04-06,HYDR,37.462,17100
2026-04-07,HYDR,36.188,17000
2026-04-08,HYDR,38.281,42700
2026-04-09,HYDR,39.01,32400
2026-04-10,HYDR,39.62,23800
2026-04-13,HYDR,41.255,36000
2026-04-14,HYDR,45.91,267400
2026-04-15,HYDR,45.98,46100
2026-04-16,HYDR,45.52,64600
2026-04-17,HYDR,47.04,58000
2026-04-20,HYDR,48.32,59700
2026-04-21,HYDR,48.43,173300
2026-04-22,HYDR,51.415,44400
2026-04-23,HYDR,51.2,60500
2026-04-24,HYDR,51.76,69400
2026-04-27,HYDR,51.42,36800
2026-04-28,HYDR,50.21,39200
2026-04-29,HYDR,57.13,88300
2026-04-30,HYDR,58.43,128200
2026-05-01,HYDR,59.01,50900
2026-05-04,HYDR,58.79,89800
2026-05-05,HYDR,62.64,181000
2026-05-06,HYDR,64.56,158600
2026-05-07,HYDR,61.21,257100
2026-05-08,HYDR,62.81,85000
2026-05-11,HYDR,66.38,152000
2026-05-12,HYDR,64.53,124025
2026-02-02,IAK,131.1616,47626
2026-02-03,IAK,131.0631,89145
2026-02-04,IAK,133.5547,120518
2026-02-05,IAK,134.6775,121318
2026-02-06,IAK,134.5002,45803
2026-02-09,IAK,131.7082,69819
2026-02-10,IAK,132.6585,57107
2026-02-11,IAK,133.8699,79048
2026-02-12,IAK,133.5547,104914
2026-02-13,IAK,132.4813,112458
2026-02-17,IAK,134.4903,112250
2026-02-18,IAK,133.3184,94110
2026-02-19,IAK,132.4369,103693
2026-02-20,IAK,133.604,55089
2026-02-23,IAK,132.1181,52500
2026-02-24,IAK,132.9737,78935
2026-02-25,IAK,133.0968,70368
2026-02-26,IAK,134.7267,80495
2026-02-27,IAK,134.5002,162722
2026-03-02,IAK,135.4752,144923
2026-03-03,IAK,134.3948,115010
2026-03-04,IAK,134.057,57543
2026-03-05,IAK,133.0919,88651
2026-03-06,IAK,132.1366,93599
2026-03-09,IAK,130.2457,45643
2026-03-10,IAK,130.1964,52371
2026-03-11,IAK,128.6798,176792
2026-03-12,IAK,128.9654,61617
2026-03-13,IAK,128.9654,91641
2026-03-16,IAK,129.704,174700
2026-03-17,IAK,130.12,145100
2026-03-18,IAK,127.89,86000
2026-03-19,IAK,126.83,37400
2026-03-20,IAK,127.06,51000
2026-03-23,IAK,128.11,177400
2026-03-24,IAK,128.09,25500
2026-03-25,IAK,127.63,39000
2026-03-26,IAK,128.09,36300
2026-03-27,IAK,125.53,30700
2026-03-30,IAK,127.49,20499
2026-03-31,IAK,128.29,61468
2026-04-01,IAK,127.61,34400
2026-04-02,IAK,128.46,30500
2026-04-06,IAK,129.0,25397
2026-04-07,IAK,129.19,20973
2026-04-08,IAK,131.56,43900
2026-04-09,IAK,132.01,101000
2026-04-10,IAK,129.69,61400
2026-04-13,IAK,131.68,46600
2026-04-14,IAK,131.06,50000
2026-04-15,IAK,132.32,46300
2026-04-16,IAK,132.35,47100
2026-04-17,IAK,133.72,68400
2026-04-20,IAK,133.55,39544
2026-04-21,IAK,133.54,40640
2026-04-22,IAK,132.22,117200
2026-04-23,IAK,133.43,38500
2026-04-24,IAK,131.84,99400
2026-04-27,IAK,132.01,31000
2026-04-28,IAK,133.31,20000
2026-04-29,IAK,131.43,39800
2026-04-30,IAK,132.32,35800
2026-05-01,IAK,132.01,48800
2026-05-04,IAK,130.94,15900
2026-05-05,IAK,131.38,18600
2026-05-06,IAK,131.22,40700
2026-05-07,IAK,130.54,38300
2026-05-08,IAK,130.2,17200
2026-05-11,IAK,130.54,38900
2026-05-12,IAK,131.41,91358
2026-02-02,IBB,174.0129,1585092
2026-02-03,IBB,173.6731,3664984
2026-02-04,IBB,173.923,2978111
2026-02-05,IBB,169.9159,2848925
2026-02-06,IBB,174.8523,2486423
2026-02-09,IBB,174.2427,1569991
2026-02-10,IBB,171.9344,1657738
2026-02-11,IBB,172.5739,2624142
2026-02-12,IBB,170.5154,1701658
2026-02-13,IBB,172.3741,1570279
2026-02-17,IBB,173.893,1930567
2026-02-18,IBB,174.6324,1412593
2026-02-19,IBB,174.9022,1597790
2026-02-20,IBB,174.2627,1342604
2026-02-23,IBB,174.9722,2804066
2026-02-24,IBB,176.2313,1365343
2026-02-25,IBB,175.172,1581012
2026-02-26,IBB,173.7531,1250697
2026-02-27,IBB,175.242,1386633
2026-03-02,IBB,173.7931,1708672
2026-03-03,IBB,169.9758,2531229
2026-03-04,IBB,172.8437,1526083
2026-03-05,IBB,168.5469,2210448
2026-03-06,IBB,167.4377,1883056
2026-03-09,IBB,171.165,2234524
2026-03-10,IBB,172.1443,1235526
2026-03-11,IBB,170.7453,1122364
2026-03-12,IBB,166.1087,2600736
2026-03-13,IBB,165.3892,1877514
2026-03-16,IBB,167.018,1199300
2026-03-17,IBB,167.17,1570700
2026-03-18,IBB,163.78,1719300
2026-03-19,IBB,164.46,1346000
2026-03-20,IBB,161.65,2528600
2026-03-23,IBB,162.69,2084800
2026-03-24,IBB,161.64,1424600
2026-03-25,IBB,165.75,2030200
2026-03-26,IBB,165.26,1780900
2026-03-27,IBB,160.41,1113600
2026-03-30,IBB,161.86,1497500
2026-03-31,IBB,168.85,2202400
2026-04-01,IBB,170.13,2210600
2026-04-02,IBB,169.43,1544000
2026-04-06,IBB,168.83,1642800
2026-04-07,IBB,168.5,793200
2026-04-08,IBB,171.86,1274900
2026-04-09,IBB,172.16,796100
2026-04-10,IBB,169.37,1130800
2026-04-13,IBB,172.19,1412200
2026-04-14,IBB,175.85,986800
2026-04-15,IBB,175.99,1815700
2026-04-16,IBB,174.12,1282200
2026-04-17,IBB,176.66,1256200
2026-04-20,IBB,175.76,1197300
2026-04-21,IBB,173.99,1571300
2026-04-22,IBB,174.36,1316600
2026-04-23,IBB,171.53,1649300
2026-04-24,IBB,169.78,1486000
2026-04-27,IBB,169.02,1208800
2026-04-28,IBB,167.81,971300
2026-04-29,IBB,165.38,1764200
2026-04-30,IBB,168.69,1516400
2026-05-01,IBB,167.27,1200300
2026-05-04,IBB,170.16,746000
2026-05-05,IBB,170.34,1036400
2026-05-06,IBB,173.87,1342900
2026-05-07,IBB,170.1,1390500
2026-05-08,IBB,169.94,2267700
2026-05-11,IBB,170.0,1456600
2026-05-12,IBB,172.28,959345
2026-02-02,IBLC,42.1508,26445
2026-02-03,IBLC,41.68,53467
2026-02-04,IBLC,38.04,59900
2026-02-05,IBLC,34.26,45900
2026-02-06,IBLC,38.44,33700
2026-02-09,IBLC,40.68,36800
2026-02-10,IBLC,39.76,24800
2026-02-11,IBLC,38.66,31100
2026-02-12,IBLC,37.48,43300
2026-02-13,IBLC,38.79,24200
2026-02-17,IBLC,38.29,33700
2026-02-18,IBLC,38.42,16800
2026-02-19,IBLC,38.653,17800
2026-02-20,IBLC,38.029,13900
2026-02-23,IBLC,37.416,16500
2026-02-24,IBLC,38.93,14200
2026-02-25,IBLC,40.65,20300
2026-02-26,IBLC,40.38,15300
2026-02-27,IBLC,38.87,12500
2026-03-02,IBLC,40.1,56300
2026-03-03,IBLC,38.88,21800
2026-03-04,IBLC,41.89,70800
2026-03-05,IBLC,40.76,36000
2026-03-06,IBLC,38.42,14600
2026-03-09,IBLC,40.056,17558
2026-03-10,IBLC,40.45,14222
2026-03-11,IBLC,40.896,15100
2026-03-12,IBLC,40.13,9600
2026-03-13,IBLC,40.43,64800
2026-03-16,IBLC,42.55,12800
2026-03-17,IBLC,42.69,31900
2026-03-18,IBLC,41.55,18600
2026-03-19,IBLC,41.23,61700
2026-03-20,IBLC,40.13,16600
2026-03-23,IBLC,41.15,14210
2026-03-24,IBLC,39.29,15555
2026-03-25,IBLC,40.162,7000
2026-03-26,IBLC,37.82,16600
2026-03-27,IBLC,35.82,15100
2026-03-30,IBLC,34.29,18778
2026-03-31,IBLC,36.54,13548
2026-04-01,IBLC,36.49,14400
2026-04-02,IBLC,36.68,16200
2026-04-06,IBLC,37.5048,12492
2026-04-07,IBLC,37.98,16461
2026-04-08,IBLC,39.58,32100
2026-04-09,IBLC,39.38,11300
2026-04-10,IBLC,39.935,13100
2026-04-13,IBLC,41.895,10600
2026-04-14,IBLC,44.03,66100
2026-04-15,IBLC,44.46,14100
2026-04-16,IBLC,44.778,16300
2026-04-17,IBLC,46.2,22400
2026-04-20,IBLC,46.59,35800
2026-04-21,IBLC,44.556,9500
2026-04-22,IBLC,46.75,26500
2026-04-23,IBLC,46.41,12300
2026-04-24,IBLC,46.43,12100
2026-04-27,IBLC,45.4702,9468
2026-04-28,IBLC,44.2735,8229
2026-04-29,IBLC,43.413,6900
2026-04-30,IBLC,44.96,8900
2026-05-01,IBLC,45.634,13600
2026-05-04,IBLC,47.69,21800
2026-05-05,IBLC,49.464,13900
2026-05-06,IBLC,53.12,24500
2026-05-07,IBLC,51.077,25100
2026-05-08,IBLC,51.982,14600
2026-05-11,IBLC,53.665,40100
2026-05-12,IBLC,52.5621,25596
2026-02-02,IBUY,72.5029,4966
2026-02-03,IBUY,69.8568,7165
2026-02-04,IBUY,68.943,105900
2026-02-05,IBUY,67.485,84500
2026-02-06,IBUY,68.823,30800
2026-02-09,IBUY,68.56,1500
2026-02-10,IBUY,68.176,3800
2026-02-11,IBUY,66.22,3100
2026-02-12,IBUY,63.62,87100
2026-02-13,IBUY,64.12,21500
2026-02-17,IBUY,63.8,45546
2026-02-18,IBUY,65.0,19400
2026-02-19,IBUY,64.97,82300
2026-02-20,IBUY,65.481,9100
2026-02-23,IBUY,63.29,4091
2026-02-24,IBUY,64.11,33579
2026-02-25,IBUY,64.46,10700
2026-02-26,IBUY,66.247,6400
2026-02-27,IBUY,66.3,3200
2026-03-02,IBUY,65.56,3500
2026-03-03,IBUY,65.1,23700
2026-03-04,IBUY,65.74,7600
2026-03-05,IBUY,66.4,12200
2026-03-06,IBUY,65.56,33200
2026-03-09,IBUY,65.7328,3562
2026-03-10,IBUY,64.92,9469
2026-03-11,IBUY,64.613,18100
2026-03-12,IBUY,62.69,5500
2026-03-13,IBUY,62.805,5100
2026-03-16,IBUY,63.26,280600
2026-03-17,IBUY,64.14,5000
2026-03-18,IBUY,62.53,3600
2026-03-19,IBUY,62.12,5600
2026-03-20,IBUY,61.03,15500
2026-03-23,IBUY,62.24,23500
2026-03-24,IBUY,61.704,1900
2026-03-25,IBUY,62.542,2500
2026-03-26,IBUY,61.69,10100
2026-03-27,IBUY,60.584,2500
2026-03-30,IBUY,60.3658,15216
2026-03-31,IBUY,62.5163,15213
2026-04-01,IBUY,62.552,9000
2026-04-02,IBUY,62.588,1000
2026-04-06,IBUY,63.28,3000
2026-04-07,IBUY,62.72,2400
2026-04-08,IBUY,64.799,7000
2026-04-09,IBUY,64.7,3000
2026-04-10,IBUY,64.0,2500
2026-04-13,IBUY,65.48,2200
2026-04-14,IBUY,66.404,13700
2026-04-15,IBUY,68.23,13200
2026-04-16,IBUY,68.82,5700
2026-04-17,IBUY,70.592,2700
2026-04-20,IBUY,71.123,21300
2026-04-21,IBUY,70.24,5200
2026-04-22,IBUY,70.165,1400
2026-04-23,IBUY,68.622,1800
2026-04-24,IBUY,69.25,21700
2026-04-27,IBUY,68.801,13200
2026-04-28,IBUY,67.504,1100
2026-04-29,IBUY,67.73,5200
2026-04-30,IBUY,67.713,16300
2026-05-01,IBUY,68.204,1500
2026-05-04,IBUY,66.98,23775
2026-05-05,IBUY,66.9776,20678
2026-05-06,IBUY,67.487,6200
2026-05-07,IBUY,67.357,3900
2026-05-08,IBUY,65.892,10800
2026-05-11,IBUY,64.697,25000
2026-05-12,IBUY,63.8577,29183
2026-02-02,ICE,172.6224,3467200
2026-02-03,ICE,162.5449,9070400
2026-02-04,ICE,164.3192,6603600
2026-02-05,ICE,167.7481,5663800
2026-02-06,ICE,168.4558,3539800
2026-02-09,ICE,168.9343,3332300
2026-02-10,ICE,164.2793,4870100
2026-02-11,ICE,151.5006,9096900
2026-02-12,ICE,149.3475,11830400
2026-02-13,ICE,151.7897,4166300
2026-02-17,ICE,152.9459,5868900
2026-02-18,ICE,154.6903,3086400
2026-02-19,ICE,153.6138,3727900
2026-02-20,ICE,153.5141,3370600
2026-02-23,ICE,153.6038,3639600
2026-02-24,ICE,154.8597,3114200
2026-02-25,ICE,159.8137,6195300
2026-02-26,ICE,162.3655,3209600
2026-02-27,ICE,163.6015,4346800
2026-03-02,ICE,164.2494,4452400
2026-03-03,ICE,164.2494,4186400
2026-03-04,ICE,165.7545,2840300
2026-03-05,ICE,163.4719,4117400
2026-03-06,ICE,165.6549,4552900
2026-03-09,ICE,165.2661,3458700
2026-03-10,ICE,159.6543,3398100
2026-03-11,ICE,156.5144,4585300
2026-03-12,ICE,158.0993,3585900
2026-03-13,ICE,158.6874,2483700
2026-03-16,ICE,160.97,3066900
2026-03-17,ICE,160.82,2095500
2026-03-18,ICE,157.16,2938100
2026-03-19,ICE,158.5,3286700
2026-03-20,ICE,158.43,4516000
2026-03-23,ICE,157.17,3290500
2026-03-24,ICE,155.82,3106600
2026-03-25,ICE,156.83,4118800
2026-03-26,ICE,155.96,3031300
2026-03-27,ICE,152.67,2702200
2026-03-30,ICE,156.94,2928527
2026-03-31,ICE,157.28,3754899
2026-04-01,ICE,158.08,2789300
2026-04-02,ICE,162.98,4308400
2026-04-06,ICE,166.39,2348303
2026-04-07,ICE,166.3,2568672
2026-04-08,ICE,167.79,2509900
2026-04-09,ICE,161.97,3434300
2026-04-10,ICE,160.6,2754500
2026-04-13,ICE,164.31,1871600
2026-04-14,ICE,162.04,2684500
2026-04-15,ICE,165.07,2001800
2026-04-16,ICE,163.75,2847500
2026-04-17,ICE,161.24,4881700
2026-04-20,ICE,160.61,2752600
2026-04-21,ICE,158.63,3103800
2026-04-22,ICE,158.82,2239000
2026-04-23,ICE,157.48,2593800
2026-04-24,ICE,158.45,2975100
2026-04-27,ICE,156.95,2956939
2026-04-28,ICE,156.3,2772006
2026-04-29,ICE,156.19,2794900
2026-04-30,ICE,158.09,5847300
2026-05-01,ICE,154.75,3222600
2026-05-04,ICE,156.44,3988100
2026-05-05,ICE,155.28,4650500
2026-05-06,ICE,153.4,3104400
2026-05-07,ICE,156.11,3549700
2026-05-08,ICE,155.82,2952900
2026-05-11,ICE,157.82,2886900
2026-05-12,ICE,155.81,1973103
2026-02-02,ICLN,18.23,3880600
2026-02-03,ICLN,18.76,7024600
2026-02-04,ICLN,18.74,6283000
2026-02-05,ICLN,18.11,5094300
2026-02-06,ICLN,18.61,3769100
2026-02-09,ICLN,19.04,3178000
2026-02-10,ICLN,18.85,7047200
2026-02-11,ICLN,19.04,5629100
2026-02-12,ICLN,18.38,2824400
2026-02-13,ICLN,18.42,2791300
2026-02-17,ICLN,18.73,2824000
2026-02-18,ICLN,19.03,7145400
2026-02-19,ICLN,18.81,3953800
2026-02-20,ICLN,18.91,2913500
2026-02-23,ICLN,18.98,2348300
2026-02-24,ICLN,19.19,6780200
2026-02-25,ICLN,19.09,3939700
2026-02-26,ICLN,18.67,7281100
2026-02-27,ICLN,18.22,7180500
2026-03-02,ICLN,18.33,6311500
2026-03-03,ICLN,17.72,3221000
2026-03-04,ICLN,18.09,3232200
2026-03-05,ICLN,17.79,4089300
2026-03-06,ICLN,17.43,3881500
2026-03-09,ICLN,17.96,4036466
2026-03-10,ICLN,18.25,9196680
2026-03-11,ICLN,18.51,5373800
2026-03-12,ICLN,18.39,3788800
2026-03-13,ICLN,18.38,3650900
2026-03-16,ICLN,18.52,4971100
2026-03-17,ICLN,18.76,2871100
2026-03-18,ICLN,18.37,3455300
2026-03-19,ICLN,18.75,6818800
2026-03-20,ICLN,18.06,6749500
2026-03-23,ICLN,18.18,3975200
2026-03-24,ICLN,18.31,1714800
2026-03-25,ICLN,18.81,3760600
2026-03-26,ICLN,18.03,5430400
2026-03-27,ICLN,17.85,10805400
2026-03-30,ICLN,17.51,7429300
2026-03-31,ICLN,18.29,7557500
2026-04-01,ICLN,18.25,5401900
2026-04-02,ICLN,18.05,7989900
2026-04-06,ICLN,17.89,5603100
2026-04-07,ICLN,17.85,6754300
2026-04-08,ICLN,18.52,4451600
2026-04-09,ICLN,18.64,2136200
2026-04-10,ICLN,18.92,4450000
2026-04-13,ICLN,18.97,9273000
2026-04-14,ICLN,19.73,6600500
2026-04-15,ICLN,19.53,9396600
2026-04-16,ICLN,19.35,5889200
2026-04-17,ICLN,19.4,7503800
2026-04-20,ICLN,19.65,6217000
2026-04-21,ICLN,19.4,5995600
2026-04-22,ICLN,19.85,5811700
2026-04-23,ICLN,20.14,4912500
2026-04-24,ICLN,19.99,5947800
2026-04-27,ICLN,20.18,6915600
2026-04-28,ICLN,19.84,8220000
2026-04-29,ICLN,20.33,7808000
2026-04-30,ICLN,20.77,6527800
2026-05-01,ICLN,20.95,7454400
2026-05-04,ICLN,20.76,7781900
2026-05-05,ICLN,21.29,8793300
2026-05-06,ICLN,21.32,8927700
2026-05-07,ICLN,20.71,8867000
2026-05-08,ICLN,21.16,5085300
2026-05-11,ICLN,21.73,9835200
2026-05-12,ICLN,21.38,8196532
2026-02-02,IDGT,87.099,4322
2026-02-03,IDGT,86.9693,5103
2026-02-04,IDGT,86.3404,4921
2026-02-05,IDGT,84.424,10907
2026-02-06,IDGT,88.3567,6110
2026-02-09,IDGT,90.2931,7852
2026-02-10,IDGT,91.1815,6532
2026-02-11,IDGT,91.451,5229
2026-02-12,IDGT,94.7249,13853
2026-02-13,IDGT,96.9808,8197
2026-02-17,IDGT,96.7512,17832
2026-02-18,IDGT,96.1992,9616
2026-02-19,IDGT,96.3519,4994
2026-02-20,IDGT,96.9009,7190
2026-02-23,IDGT,96.0026,6673
2026-02-24,IDGT,96.871,9937
2026-02-25,IDGT,97.3002,7042
2026-02-26,IDGT,96.1024,10431
2026-02-27,IDGT,97.1604,8706
2026-03-02,IDGT,98.3005,10116
2026-03-03,IDGT,96.7412,12276
2026-03-04,IDGT,97.9694,9562
2026-03-05,IDGT,96.5745,10892
2026-03-06,IDGT,95.2669,8949
2026-03-09,IDGT,97.0007,10305
2026-03-10,IDGT,97.6924,9042
2026-03-11,IDGT,98.6577,8121
2026-03-12,IDGT,97.6096,8851
2026-03-13,IDGT,98.5479,9127
2026-03-16,IDGT,99.556,8500
2026-03-17,IDGT,99.74,5700
2026-03-18,IDGT,99.56,11100
2026-03-19,IDGT,100.35,8700
2026-03-20,IDGT,96.34,12500
2026-03-23,IDGT,98.13,14671
2026-03-24,IDGT,98.06,8861
2026-03-25,IDGT,99.17,12500
2026-03-26,IDGT,96.87,7600
2026-03-27,IDGT,95.87,36800
2026-03-30,IDGT,93.99,22281
2026-03-31,IDGT,97.79,4079
2026-04-01,IDGT,99.29,9400
2026-04-02,IDGT,102.83,17500
2026-04-06,IDGT,103.02,10086
2026-04-07,IDGT,103.3,9229
2026-04-08,IDGT,106.84,20300
2026-04-09,IDGT,107.02,67600
2026-04-10,IDGT,107.72,24500
2026-04-13,IDGT,110.29,32942
2026-04-14,IDGT,111.4,34114
2026-04-15,IDGT,111.93,14600
2026-04-16,IDGT,114.03,22600
2026-04-17,IDGT,115.58,329600
2026-04-20,IDGT,116.8704,84167
2026-04-21,IDGT,116.17,37028
2026-04-22,IDGT,116.16,38700
2026-04-23,IDGT,115.95,34200
2026-04-24,IDGT,116.71,20900
2026-04-27,IDGT,115.1,24200
2026-04-28,IDGT,113.47,32800
2026-04-29,IDGT,116.09,19300
2026-04-30,IDGT,119.47,45800
2026-05-01,IDGT,120.7,24300
2026-05-04,IDGT,120.42,45500
2026-05-05,IDGT,122.3,51800
2026-05-06,IDGT,123.84,86800
2026-05-07,IDGT,119.74,676586
2026-05-08,IDGT,120.01,112103
2026-05-11,IDGT,122.07,123378
2026-05-12,IDGT,119.45,304694
2026-02-02,IDNA,28.86,75200
2026-02-03,IDNA,28.87,206300
2026-02-04,IDNA,28.89,22200
2026-02-05,IDNA,28.24,30600
2026-02-06,IDNA,29.0,24300
2026-02-09,IDNA,29.21,25300
2026-02-10,IDNA,29.01,41600
2026-02-11,IDNA,28.95,21200
2026-02-12,IDNA,28.76,16600
2026-02-13,IDNA,29.06,18500
2026-02-17,IDNA,29.51,34800
2026-02-18,IDNA,29.75,23200
2026-02-19,IDNA,30.0,24900
2026-02-20,IDNA,29.63,22100
2026-02-23,IDNA,30.43,34446
2026-02-24,IDNA,31.09,37976
2026-02-25,IDNA,30.799,17400
2026-02-26,IDNA,30.89,24800
2026-02-27,IDNA,31.13,28600
2026-03-02,IDNA,30.91,61647
2026-03-03,IDNA,29.83,22957
2026-03-04,IDNA,30.47,18300
2026-03-05,IDNA,29.64,22700
2026-03-06,IDNA,29.58,26900
2026-03-09,IDNA,30.24,54304
2026-03-10,IDNA,29.85,75627
2026-03-11,IDNA,29.96,21000
2026-03-12,IDNA,28.91,29100
2026-03-13,IDNA,28.78,60400
2026-03-16,IDNA,29.46,41700
2026-03-17,IDNA,29.58,30600
2026-03-18,IDNA,28.7,24400
2026-03-19,IDNA,28.83,16300
2026-03-20,IDNA,28.28,66000
2026-03-23,IDNA,28.59,14950
2026-03-24,IDNA,28.11,11869
2026-03-25,IDNA,28.88,41600
2026-03-26,IDNA,28.51,9900
2026-03-27,IDNA,27.96,12700
2026-03-30,IDNA,27.81,15100
2026-03-31,IDNA,29.05,24200
2026-04-01,IDNA,29.19,22400
2026-04-02,IDNA,29.25,14100
2026-04-06,IDNA,29.06,12985
2026-04-07,IDNA,28.92,27207
2026-04-08,IDNA,29.52,72400
2026-04-09,IDNA,29.63,43000
2026-04-10,IDNA,29.32,13200
2026-04-13,IDNA,30.17,20300
2026-04-14,IDNA,30.84,17100
2026-04-15,IDNA,30.97,61100
2026-04-16,IDNA,30.66,46100
2026-04-17,IDNA,31.21,22800
2026-04-20,IDNA,31.22,24100
2026-04-21,IDNA,30.83,29600
2026-04-22,IDNA,30.88,37700
2026-04-23,IDNA,30.27,20100
2026-04-24,IDNA,29.98,53000
2026-04-27,IDNA,29.63,44000
2026-04-28,IDNA,29.39,55000
2026-04-29,IDNA,28.92,121400
2026-04-30,IDNA,29.39,154500
2026-05-01,IDNA,29.32,14000
2026-05-04,IDNA,29.65,67700
2026-05-05,IDNA,29.52,53500
2026-05-06,IDNA,30.44,29600
2026-05-07,IDNA,29.55,81700
2026-05-08,IDNA,29.88,192500
2026-05-11,IDNA,29.78,73100
2026-05-12,IDNA,29.98,47106
2026-02-02,IDRV,37.9,36100
2026-02-03,IDRV,38.1,27800
2026-02-04,IDRV,38.18,27400
2026-02-05,IDRV,37.57,19800
2026-02-06,IDRV,38.995,60900
2026-02-09,IDRV,39.22,9800
2026-02-10,IDRV,39.5,26400
2026-02-11,IDRV,39.95,34100
2026-02-12,IDRV,39.24,45100
2026-02-13,IDRV,39.8,11600
2026-02-17,IDRV,39.55,15158
2026-02-18,IDRV,39.75,5200
2026-02-19,IDRV,39.67,7200
2026-02-20,IDRV,39.713,7600
2026-02-23,IDRV,39.61,6168
2026-02-24,IDRV,40.89,23853
2026-02-25,IDRV,41.29,11300
2026-02-26,IDRV,41.06,9800
2026-02-27,IDRV,40.77,5400
2026-03-02,IDRV,40.04,12200
2026-03-03,IDRV,37.687,17800
2026-03-04,IDRV,37.85,8800
2026-03-05,IDRV,36.91,22000
2026-03-06,IDRV,36.91,47100
2026-03-09,IDRV,37.83,20957
2026-03-10,IDRV,38.02,9515
2026-03-11,IDRV,38.51,7700
2026-03-12,IDRV,37.597,13900
2026-03-13,IDRV,37.2,8800
2026-03-16,IDRV,37.995,92028
2026-03-17,IDRV,38.2,32810
2026-03-18,IDRV,37.3,14300
2026-03-19,IDRV,37.313,24000
2026-03-20,IDRV,36.08,13400
2026-03-23,IDRV,37.88,5800
2026-03-24,IDRV,37.94,11200
2026-03-25,IDRV,38.35,5900
2026-03-26,IDRV,37.17,57500
2026-03-27,IDRV,37.19,11000
2026-03-30,IDRV,37.117,7700
2026-03-31,IDRV,38.53,20500
2026-04-01,IDRV,38.87,10100
2026-04-02,IDRV,38.82,5700
2026-04-06,IDRV,38.82,11278
2026-04-07,IDRV,38.6511,3918
2026-04-08,IDRV,40.16,8400
2026-04-09,IDRV,40.12,10500
2026-04-10,IDRV,40.529,10400
2026-04-13,IDRV,41.009,11100
2026-04-14,IDRV,41.465,27800
2026-04-15,IDRV,41.428,17500
2026-04-16,IDRV,42.43,27100
2026-04-17,IDRV,43.41,24200
2026-04-20,IDRV,43.157,12500
2026-04-21,IDRV,43.27,11400
2026-04-22,IDRV,43.906,13200
2026-04-23,IDRV,42.603,7800
2026-04-24,IDRV,42.864,9900
2026-04-27,IDRV,43.015,10100
2026-04-28,IDRV,42.55,12100
2026-04-29,IDRV,42.525,67000
2026-04-30,IDRV,43.52,8500
2026-05-01,IDRV,43.526,41900
2026-05-04,IDRV,43.12,18163
2026-05-05,IDRV,43.7879,34195
2026-05-06,IDRV,44.73,13200
2026-05-07,IDRV,43.958,47700
2026-05-08,IDRV,44.86,23700
2026-05-11,IDRV,45.26,18700
2026-05-12,IDRV,44.1,124032
2026-02-02,IDU,107.8148,119578
2026-02-03,IDU,109.317,67309
2026-02-04,IDU,108.8494,33030
2026-02-05,IDU,109.0384,88728
2026-02-06,IDU,109.6651,65872
2026-02-09,IDU,110.1426,71289
2026-02-10,IDU,111.8139,89608
2026-02-11,IDU,112.7689,58456
2026-02-12,IDU,114.1715,131465
2026-02-13,IDU,117.1559,106164
2026-02-17,IDU,116.7978,95234
2026-02-18,IDU,114.9673,81336
2026-02-19,IDU,116.1412,77909
2026-02-20,IDU,116.5292,40523
2026-02-23,IDU,117.2454,61526
2026-02-24,IDU,118.4093,77992
2026-02-25,IDU,118.8172,43058
2026-02-26,IDU,118.6282,32341
2026-02-27,IDU,120.0706,41592
2026-03-02,IDU,119.3345,366645
2026-03-03,IDU,118.6282,112799
2026-03-04,IDU,119.0659,77153
2026-03-05,IDU,118.2601,52527
2026-03-06,IDU,117.8025,40645
2026-03-09,IDU,118.091,73963
2026-03-10,IDU,117.0564,64656
2026-03-11,IDU,116.2407,90525
2026-03-12,IDU,117.0763,160772
2026-03-13,IDU,118.1009,41999
2026-03-16,IDU,118.658,87600
2026-03-17,IDU,118.39,70800
2026-03-18,IDU,117.52,240500
2026-03-19,IDU,117.08,1086500
2026-03-20,IDU,112.57,178900
2026-03-23,IDU,113.42,100200
2026-03-24,IDU,114.11,93700
2026-03-25,IDU,114.49,80800
2026-03-26,IDU,114.81,73200
2026-03-27,IDU,115.34,101100
2026-03-30,IDU,116.21,423600
2026-03-31,IDU,116.11,86200
2026-04-01,IDU,116.61,224700
2026-04-02,IDU,117.48,96000
2026-04-06,IDU,116.92,37400
2026-04-07,IDU,117.27,49300
2026-04-08,IDU,118.26,118400
2026-04-09,IDU,119.13,181000
2026-04-10,IDU,118.54,51200
2026-04-13,IDU,117.26,414700
2026-04-14,IDU,117.41,91800
2026-04-15,IDU,116.31,93700
2026-04-16,IDU,117.0,1665400
2026-04-17,IDU,116.57,1050400
2026-04-20,IDU,115.62,82500
2026-04-21,IDU,113.57,62800
2026-04-22,IDU,113.54,170900
2026-04-23,IDU,116.72,1242700
2026-04-24,IDU,116.84,51400
2026-04-27,IDU,116.67,56100
2026-04-28,IDU,116.87,65800
2026-04-29,IDU,115.53,47800
2026-04-30,IDU,118.3,58100
2026-05-01,IDU,117.41,1348700
2026-05-04,IDU,117.1,208300
2026-05-05,IDU,116.96,174400
2026-05-06,IDU,115.28,184500
2026-05-07,IDU,113.92,58000
2026-05-08,IDU,112.84,33900
2026-05-11,IDU,113.77,44900
2026-05-12,IDU,114.1,417911
2026-02-02,IDXX,639.6,1016270
2026-02-03,IDXX,632.56,634137
2026-02-04,IDXX,642.94,615030
2026-02-05,IDXX,643.59,710006
2026-02-06,IDXX,644.61,562640
2026-02-09,IDXX,639.79,518234
2026-02-10,IDXX,646.53,491110
2026-02-11,IDXX,648.73,400161
2026-02-12,IDXX,617.2,629030
2026-02-13,IDXX,629.35,543964
2026-02-17,IDXX,626.17,440500
2026-02-18,IDXX,634.9,348200
2026-02-19,IDXX,630.73,307500
2026-02-20,IDXX,635.66,301700
2026-02-23,IDXX,623.13,515600
2026-02-24,IDXX,649.23,790900
2026-02-25,IDXX,657.38,504500
2026-02-26,IDXX,660.71,414300
2026-02-27,IDXX,656.73,799000
2026-03-02,IDXX,636.7,522300
2026-03-03,IDXX,635.54,501600
2026-03-04,IDXX,648.7,561200
2026-03-05,IDXX,618.92,611000
2026-03-06,IDXX,608.41,560500
2026-03-09,IDXX,610.45,477678
2026-03-10,IDXX,598.85,463189
2026-03-11,IDXX,600.52,409200
2026-03-12,IDXX,571.21,800600
2026-03-13,IDXX,573.82,456400
2026-03-16,IDXX,586.37,510600
2026-03-17,IDXX,586.98,426800
2026-03-18,IDXX,577.12,542300
2026-03-19,IDXX,579.85,482600
2026-03-20,IDXX,577.26,765300
2026-03-23,IDXX,578.51,415900
2026-03-24,IDXX,570.21,361500
2026-03-25,IDXX,575.72,419900
2026-03-26,IDXX,573.29,432400
2026-03-27,IDXX,558.32,445600
2026-03-30,IDXX,557.09,460700
2026-03-31,IDXX,561.89,823200
2026-04-01,IDXX,564.66,490500
2026-04-02,IDXX,569.55,734300
2026-04-06,IDXX,577.44,588600
2026-04-07,IDXX,574.8,621500
2026-04-08,IDXX,591.84,451600
2026-04-09,IDXX,584.75,448100
2026-04-10,IDXX,563.0,498600
2026-04-13,IDXX,574.0,458900
2026-04-14,IDXX,584.05,455100
2026-04-15,IDXX,580.76,354700
2026-04-16,IDXX,569.95,337700
2026-04-17,IDXX,589.25,493500
2026-04-20,IDXX,583.06,638200
2026-04-21,IDXX,569.01,578000
2026-04-22,IDXX,578.35,364700
2026-04-23,IDXX,560.93,629600
2026-04-24,IDXX,565.93,598200
2026-04-27,IDXX,574.95,665600
2026-04-28,IDXX,568.3,539000
2026-04-29,IDXX,553.66,617200
2026-04-30,IDXX,560.8,717100
2026-05-01,IDXX,567.46,610600
2026-05-04,IDXX,563.12,711800
2026-05-05,IDXX,562.97,734400
2026-05-06,IDXX,579.23,665200
2026-05-07,IDXX,572.2,758900
2026-05-08,IDXX,560.11,476600
2026-05-11,IDXX,532.0,761400
2026-05-12,IDXX,533.92,674100
2026-02-02,IFRA,56.0725,299058
2026-02-03,IFRA,57.3166,243486
2026-02-04,IFRA,57.5654,231659
2026-02-05,IFRA,57.2768,181515
2026-02-06,IFRA,58.3317,218608
2026-02-09,IFRA,58.5706,232522
2026-02-10,IFRA,59.0782,242240
2026-02-11,IFRA,59.7748,269179
2026-02-12,IFRA,59.2872,318621
2026-02-13,IFRA,60.1431,282357
2026-02-17,IFRA,59.7649,386917
2026-02-18,IFRA,59.2772,286926
2026-02-19,IFRA,59.5061,303677
2026-02-20,IFRA,60.0137,346298
2026-02-23,IFRA,59.6156,204687
2026-02-24,IFRA,60.0635,261305
2026-02-25,IFRA,59.8445,651992
2026-02-26,IFRA,60.1331,224111
2026-02-27,IFRA,60.0635,225447
2026-03-02,IFRA,60.2625,224512
2026-03-03,IFRA,59.735,384185
2026-03-04,IFRA,60.0834,330799
2026-03-05,IFRA,58.9587,278879
2026-03-06,IFRA,58.0829,228685
2026-03-09,IFRA,58.3068,194532
2026-03-10,IFRA,57.7346,509843
2026-03-11,IFRA,57.6848,197089
2026-03-12,IFRA,57.3066,216732
2026-03-13,IFRA,57.2469,163702
2026-03-16,IFRA,57.645,178595
2026-03-17,IFRA,57.76,171522
2026-03-18,IFRA,57.02,221241
2026-03-19,IFRA,56.73,283981
2026-03-20,IFRA,55.2,411726
2026-03-23,IFRA,56.28,467376
2026-03-24,IFRA,56.92,572458
2026-03-25,IFRA,57.22,467225
2026-03-26,IFRA,56.61,233971
2026-03-27,IFRA,56.56,478050
2026-03-30,IFRA,56.23,292570
2026-03-31,IFRA,57.2,350259
2026-04-01,IFRA,57.69,242394
2026-04-02,IFRA,57.65,163962
2026-04-06,IFRA,57.65,281941
2026-04-07,IFRA,57.74,157511
2026-04-08,IFRA,59.2,197467
2026-04-09,IFRA,59.77,290161
2026-04-10,IFRA,59.75,131725
2026-04-13,IFRA,59.7,153883
2026-04-14,IFRA,59.78,2692664
2026-04-15,IFRA,59.09,456682
2026-04-16,IFRA,59.12,360591
2026-04-17,IFRA,59.73,275064
2026-04-20,IFRA,59.88,172700
2026-04-21,IFRA,59.36,163900
2026-04-22,IFRA,59.53,201400
2026-04-23,IFRA,61.21,1066900
2026-04-24,IFRA,61.14,191500
2026-04-27,IFRA,61.29,182000
2026-04-28,IFRA,61.08,238700
2026-04-29,IFRA,60.43,279600
2026-04-30,IFRA,62.6,373500
2026-05-01,IFRA,62.42,560400
2026-05-04,IFRA,62.0,315400
2026-05-05,IFRA,62.87,269700
2026-05-06,IFRA,62.86,349000
2026-05-07,IFRA,61.63,559600
2026-05-08,IFRA,61.29,231900
2026-05-11,IFRA,61.91,204700
2026-05-12,IFRA,61.7,219512
2026-02-02,IGV,89.52,9660700
2026-02-03,IGV,85.39,26636300
2026-02-04,IGV,83.84,45280300
2026-02-05,IGV,79.67,44959000
2026-02-06,IGV,82.46,38552200
2026-02-09,IGV,85.06,29011400
2026-02-10,IGV,85.41,26404800
2026-02-11,IGV,83.23,34726300
2026-02-12,IGV,80.96,30633500
2026-02-13,IGV,82.77,27101100
2026-02-17,IGV,80.96,21446600
2026-02-18,IGV,82.0,19962600
2026-02-19,IGV,81.78,12386300
2026-02-20,IGV,80.78,21967400
2026-02-23,IGV,76.94,44121400
2026-02-24,IGV,78.41,50584600
2026-02-25,IGV,80.85,36737000
2026-02-26,IGV,82.6,44117900
2026-02-27,IGV,81.57,25153400
2026-03-02,IGV,82.77,33334800
2026-03-03,IGV,84.12,44914800
2026-03-04,IGV,85.65,32063200
2026-03-05,IGV,87.62,42023300
2026-03-06,IGV,87.97,29347000
2026-03-09,IGV,87.71,31948930
2026-03-10,IGV,85.65,35674113
2026-03-11,IGV,85.74,26081700
2026-03-12,IGV,84.99,32457600
2026-03-13,IGV,84.19,19114100
2026-03-16,IGV,84.95,13689700
2026-03-17,IGV,85.53,13394400
2026-03-18,IGV,84.34,11633700
2026-03-19,IGV,84.46,20521900
2026-03-20,IGV,82.99,18578300
2026-03-23,IGV,84.44,18036600
2026-03-24,IGV,80.82,26148100
2026-03-25,IGV,80.4,28215700
2026-03-26,IGV,79.75,20723300
2026-03-27,IGV,76.89,17244300
2026-03-30,IGV,77.62,23523200
2026-03-31,IGV,80.05,25627900
2026-04-01,IGV,79.77,19061900
2026-04-02,IGV,80.34,19202000
2026-04-06,IGV,80.46,6841100
2026-04-07,IGV,80.5,10652600
2026-04-08,IGV,79.75,27044100
2026-04-09,IGV,76.64,38649200
2026-04-10,IGV,74.67,49422500
2026-04-13,IGV,78.7,37739600
2026-04-14,IGV,79.48,28354200
2026-04-15,IGV,82.98,29219500
2026-04-16,IGV,84.36,34648100
2026-04-17,IGV,85.08,28710000
2026-04-20,IGV,86.3,15906400
2026-04-21,IGV,86.68,29962800
2026-04-22,IGV,88.74,23478300
2026-04-23,IGV,83.57,49153500
2026-04-24,IGV,85.2,21746900
2026-04-27,IGV,85.43,17131500
2026-04-28,IGV,85.0,18507400
2026-04-29,IGV,84.5,11182900
2026-04-30,IGV,83.91,26292700
2026-05-01,IGV,86.63,23314400
2026-05-04,IGV,88.44,18374400
2026-05-05,IGV,88.27,18348900
2026-05-06,IGV,87.82,23584700
2026-05-07,IGV,90.85,29902800
2026-05-08,IGV,91.15,17106600
2026-05-11,IGV,90.69,13442600
2026-05-12,IGV,89.44,18852291
2026-02-02,IHAK,46.45,150300
2026-02-03,IHAK,44.73,236100
2026-02-04,IHAK,44.57,242900
2026-02-05,IHAK,43.35,193000
2026-02-06,IHAK,44.67,271500
2026-02-09,IHAK,45.73,273400
2026-02-10,IHAK,46.12,146900
2026-02-11,IHAK,45.13,224300
2026-02-12,IHAK,44.42,315200
2026-02-13,IHAK,45.44,226800
2026-02-17,IHAK,44.49,135600
2026-02-18,IHAK,44.53,243900
2026-02-19,IHAK,44.68,143900
2026-02-20,IHAK,43.27,227800
2026-02-23,IHAK,41.26,296300
2026-02-24,IHAK,41.66,332200
2026-02-25,IHAK,42.98,358100
2026-02-26,IHAK,43.89,430600
2026-02-27,IHAK,43.47,220500
2026-03-02,IHAK,43.55,272200
2026-03-03,IHAK,44.14,354800
2026-03-04,IHAK,44.41,253400
2026-03-05,IHAK,45.06,294500
2026-03-06,IHAK,45.25,214400
2026-03-09,IHAK,45.35,266783
2026-03-10,IHAK,44.81,283759
2026-03-11,IHAK,44.83,167000
2026-03-12,IHAK,44.57,399100
2026-03-13,IHAK,44.56,147800
2026-03-16,IHAK,44.39,244000
2026-03-17,IHAK,44.83,229300
2026-03-18,IHAK,45.06,259400
2026-03-19,IHAK,45.29,176800
2026-03-20,IHAK,44.39,117100
2026-03-23,IHAK,45.47,109400
2026-03-24,IHAK,43.91,124500
2026-03-25,IHAK,44.48,179200
2026-03-26,IHAK,44.25,147700
2026-03-27,IHAK,42.59,296200
2026-03-30,IHAK,42.96,151600
2026-03-31,IHAK,43.65,122200
2026-04-01,IHAK,44.28,84900
2026-04-02,IHAK,44.73,126600
2026-04-06,IHAK,45.14,86523
2026-04-07,IHAK,45.29,86296
2026-04-08,IHAK,45.48,160000
2026-04-09,IHAK,43.43,231800
2026-04-10,IHAK,41.965,522300
2026-04-13,IHAK,43.55,539625
2026-04-14,IHAK,43.62,262823
2026-04-15,IHAK,44.93,208400
2026-04-16,IHAK,46.23,93200
2026-04-17,IHAK,46.72,101800
2026-04-20,IHAK,47.23,92500
2026-04-21,IHAK,48.07,278400
2026-04-22,IHAK,48.02,100800
2026-04-23,IHAK,46.25,316700
2026-04-24,IHAK,46.68,97200
2026-04-27,IHAK,46.87,97971
2026-04-28,IHAK,47.03,137248
2026-04-29,IHAK,47.15,122800
2026-04-30,IHAK,47.08,146200
2026-05-01,IHAK,47.8,176700
2026-05-04,IHAK,48.94,306600
2026-05-05,IHAK,49.6,166300
2026-05-06,IHAK,49.575,156400
2026-05-07,IHAK,50.62,182900
2026-05-08,IHAK,51.84,137100
2026-05-11,IHAK,51.73,145700
2026-05-12,IHAK,51.08,155260
2026-02-02,IIPR,46.444,233500
2026-02-03,IIPR,46.6076,236300
2026-02-04,IIPR,47.4643,258300
2026-02-05,IIPR,45.9145,258500
2026-02-06,IIPR,46.829,247600
2026-02-09,IIPR,46.4921,173200
2026-02-10,IIPR,46.1937,188800
2026-02-11,IIPR,45.1541,340600
2026-02-12,IIPR,43.8161,369600
2026-02-13,IIPR,44.2108,218300
2026-02-17,IIPR,44.3263,286600
2026-02-18,IIPR,44.5284,205300
2026-02-19,IIPR,44.6247,222600
2026-02-20,IIPR,43.999,457200
2026-02-23,IIPR,44.4322,314600
2026-02-24,IIPR,49.1873,747400
2026-02-25,IIPR,50.8236,604600
2026-02-26,IIPR,52.5755,539900
2026-02-27,IIPR,50.9777,396700
2026-03-02,IIPR,51.6707,367700
2026-03-03,IIPR,51.6033,411300
2026-03-04,IIPR,54.5392,442100
2026-03-05,IIPR,52.999,337000
2026-03-06,IIPR,52.3349,252500
2026-03-09,IIPR,52.4985,304500
2026-03-10,IIPR,51.5648,226800
2026-03-11,IIPR,51.7092,191600
2026-03-12,IIPR,51.1317,268100
2026-03-13,IIPR,50.6889,211000
2026-03-16,IIPR,49.9381,286700
2026-03-17,IIPR,51.2087,313500
2026-03-18,IIPR,51.5359,287800
2026-03-19,IIPR,51.6129,190200
2026-03-20,IIPR,49.6782,509700
2026-03-23,IIPR,50.4194,259200
2026-03-24,IIPR,50.583,213300
2026-03-25,IIPR,50.3905,297800
2026-03-26,IIPR,50.1402,244600
2026-03-27,IIPR,49.0429,301300
2026-03-30,IIPR,48.86,406800
2026-03-31,IIPR,50.16,358100
2026-04-01,IIPR,49.39,251100
2026-04-02,IIPR,50.21,376100
2026-04-06,IIPR,49.44,205400
2026-04-07,IIPR,49.97,325700
2026-04-08,IIPR,49.32,392200
2026-04-09,IIPR,50.07,277300
2026-04-10,IIPR,51.0,239600
2026-04-13,IIPR,50.68,171100
2026-04-14,IIPR,51.18,246200
2026-04-15,IIPR,51.9,265700
2026-04-16,IIPR,51.99,231400
2026-04-17,IIPR,52.94,291500
2026-04-20,IIPR,53.18,193400
2026-04-21,IIPR,52.85,275000
2026-04-22,IIPR,55.85,938900
2026-04-23,IIPR,53.01,819500
2026-04-24,IIPR,55.91,352200
2026-04-27,IIPR,55.76,302400
2026-04-28,IIPR,56.01,194200
2026-04-29,IIPR,53.22,573200
2026-04-30,IIPR,54.25,277200
2026-05-01,IIPR,54.49,195100
2026-05-04,IIPR,52.9,328500
2026-05-05,IIPR,60.32,1112200
2026-05-06,IIPR,57.7,537000
2026-05-07,IIPR,56.59,319100
2026-05-08,IIPR,57.29,283900
2026-05-11,IIPR,56.49,267500
2026-05-12,IIPR,55.76,250200
2026-02-02,INTU,485.6193,2880600
2026-02-03,INTU,432.7527,7569100
2026-02-04,INTU,444.2671,6971000
2026-02-05,INTU,433.5701,5211300
2026-02-06,INTU,442.4028,3645600
2026-02-09,INTU,436.1522,3720500
2026-02-10,INTU,420.0918,5184000
2026-02-11,INTU,398.4586,6089000
2026-02-12,INTU,396.734,4334000
2026-02-13,INTU,398.1695,4888300
2026-02-17,INTU,378.0019,5481300
2026-02-18,INTU,388.3698,4526900
2026-02-19,INTU,380.3646,2961700
2026-02-20,INTU,379.3776,4122800
2026-02-23,INTU,358.4423,5495900
2026-02-24,INTU,357.6049,6576000
2026-02-25,INTU,380.0555,5299400
2026-02-26,INTU,393.2049,9787200
2026-02-27,INTU,407.7699,8184700
2026-03-02,INTU,417.769,5673400
2026-03-03,INTU,432.0149,5902600
2026-03-04,INTU,438.784,4242200
2026-03-05,INTU,465.3519,7369500
2026-03-06,INTU,479.6876,5508900
2026-03-09,INTU,472.2107,3985900
2026-03-10,INTU,452.5515,5013200
2026-03-11,INTU,439.0931,2863500
2026-03-12,INTU,433.7895,3543800
2026-03-13,INTU,438.6046,2340000
2026-03-16,INTU,450.9165,3051500
2026-03-17,INTU,457.8651,2532900
2026-03-18,INTU,445.4135,2467300
2026-03-19,INTU,453.8375,2598500
2026-03-20,INTU,454.1565,4718500
2026-03-23,INTU,455.612,3124700
2026-03-24,INTU,431.1177,2824600
2026-03-25,INTU,425.5449,2212600
2026-03-26,INTU,431.2174,2192900
2026-03-27,INTU,415.157,2649900
2026-03-30,INTU,427.7082,2296300
2026-03-31,INTU,431.0479,3293300
2026-04-01,INTU,424.558,2743600
2026-04-02,INTU,421.1784,2554800
2026-04-06,INTU,416.0742,2182700
2026-04-07,INTU,408.9761,2154100
2026-04-08,INTU,388.31,4716200
2026-04-09,INTU,361.69,7471800
2026-04-10,INTU,350.94,7791200
2026-04-13,INTU,369.44,3483700
2026-04-14,INTU,366.8,2483200
2026-04-15,INTU,389.72,3352800
2026-04-16,INTU,387.11,2675500
2026-04-17,INTU,393.25,3186300
2026-04-20,INTU,404.83,2814300
2026-04-21,INTU,404.85,3137700
2026-04-22,INTU,408.68,3354300
2026-04-23,INTU,383.3,3900200
2026-04-24,INTU,395.95,2336200
2026-04-27,INTU,389.92,2380800
2026-04-28,INTU,400.38,2225100
2026-04-29,INTU,395.08,1885000
2026-04-30,INTU,388.5,2450900
2026-05-01,INTU,399.04,2102000
2026-05-04,INTU,406.99,2379700
2026-05-05,INTU,398.32,2078400
2026-05-06,INTU,388.55,2247700
2026-05-07,INTU,406.78,2200400
2026-05-08,INTU,396.31,2348500
2026-05-11,INTU,393.29,1622500
2026-05-12,INTU,387.74,2442630
2026-02-02,IONQ,38.56,21598051
2026-02-03,IONQ,38.47,19966090
2026-02-04,IONQ,35.34,32378010
2026-02-05,IONQ,30.43,33123410
2026-02-06,IONQ,34.99,32508090
2026-02-09,IONQ,35.48,16620840
2026-02-10,IONQ,35.19,13807880
2026-02-11,IONQ,33.61,16057010
2026-02-12,IONQ,31.3,18115230
2026-02-13,IONQ,34.11,21567090
2026-02-17,IONQ,33.18,13735230
2026-02-18,IONQ,33.34,13374830
2026-02-19,IONQ,33.43,13722090
2026-02-20,IONQ,31.9,15804260
2026-02-23,IONQ,30.78,14580120
2026-02-24,IONQ,31.62,15049410
2026-02-25,IONQ,33.59,26860141
2026-02-26,IONQ,40.88,70334578
2026-02-27,IONQ,38.37,28768430
2026-03-02,IONQ,38.34,16563510
2026-03-03,IONQ,37.05,19852641
2026-03-04,IONQ,37.13,47410207
2026-03-05,IONQ,36.02,21173520
2026-03-06,IONQ,35.73,18481830
2026-03-09,IONQ,35.87,16385561
2026-03-10,IONQ,35.12,22203971
2026-03-11,IONQ,34.27,29303689
2026-03-12,IONQ,33.03,22093119
2026-03-13,IONQ,32.98,15353550
2026-03-16,IONQ,33.29,19347150
2026-03-17,IONQ,33.31,19488439
2026-03-18,IONQ,32.38,16184950
2026-03-19,IONQ,31.9,16994270
2026-03-20,IONQ,31.2,17191410
2026-03-23,IONQ,33.11,19150811
2026-03-24,IONQ,32.7,13518680
2026-03-25,IONQ,31.96,15633970
2026-03-26,IONQ,29.84,17726811
2026-03-27,IONQ,27.51,19502420
2026-03-30,IONQ,26.59,18695300
2026-03-31,IONQ,28.83,23148900
2026-04-01,IONQ,27.79,19072900
2026-04-02,IONQ,29.3,15521800
2026-04-06,IONQ,29.24,11775700
2026-04-07,IONQ,28.49,19722700
2026-04-08,IONQ,28.99,20132500
2026-04-09,IONQ,28.08,16356800
2026-04-10,IONQ,28.79,13036500
2026-04-13,IONQ,29.76,15259800
2026-04-14,IONQ,35.76,68012600
2026-04-15,IONQ,43.25,96973000
2026-04-16,IONQ,44.68,79286200
2026-04-17,IONQ,46.09,48967100
2026-04-20,IONQ,48.32,47873500
2026-04-21,IONQ,46.28,38384100
2026-04-22,IONQ,47.36,34667700
2026-04-23,IONQ,43.63,35984300
2026-04-24,IONQ,42.69,20671100
2026-04-27,IONQ,43.84,22968700
2026-04-28,IONQ,43.08,21447700
2026-04-29,IONQ,42.11,24594100
2026-04-30,IONQ,45.12,23258800
2026-05-01,IONQ,46.2,20621900
2026-05-04,IONQ,45.75,26396700
2026-05-05,IONQ,48.0,33457000
2026-05-06,IONQ,52.57,58397500
2026-05-07,IONQ,47.68,42874600
2026-05-08,IONQ,49.24,25990700
2026-05-11,IONQ,56.89,61486200
2026-05-12,IONQ,55.87,39167416
2026-02-02,IOT,26.41,11089200
2026-02-03,IOT,24.65,19394300
2026-02-04,IOT,25.1,15669000
2026-02-05,IOT,24.25,11331700
2026-02-06,IOT,25.42,7638900
2026-02-09,IOT,27.23,12114000
2026-02-10,IOT,27.9,10728000
2026-02-11,IOT,27.75,7797500
2026-02-12,IOT,26.67,11503100
2026-02-13,IOT,27.32,9507200
2026-02-17,IOT,26.16,12747600
2026-02-18,IOT,26.93,5989000
2026-02-19,IOT,26.8,6292600
2026-02-20,IOT,26.79,4250400
2026-02-23,IOT,24.72,6875500
2026-02-24,IOT,26.07,6092400
2026-02-25,IOT,27.44,6431700
2026-02-26,IOT,28.96,8686600
2026-02-27,IOT,28.9,7966400
2026-03-02,IOT,29.11,6751600
2026-03-03,IOT,28.94,7308500
2026-03-04,IOT,28.69,4456400
2026-03-05,IOT,29.58,19648600
2026-03-06,IOT,35.36,33401800
2026-03-09,IOT,34.16,15507350
2026-03-10,IOT,32.9,11300360
2026-03-11,IOT,32.08,7809000
2026-03-12,IOT,31.86,7896300
2026-03-13,IOT,31.72,7980400
2026-03-16,IOT,32.57,8494900
2026-03-17,IOT,33.71,7244000
2026-03-18,IOT,33.68,5315300
2026-03-19,IOT,33.66,6268800
2026-03-20,IOT,33.13,8293800
2026-03-23,IOT,33.2,5625800
2026-03-24,IOT,32.09,5465400
2026-03-25,IOT,31.85,4719000
2026-03-26,IOT,31.89,4758400
2026-03-27,IOT,29.75,5377400
2026-03-30,IOT,30.64,4953400
2026-03-31,IOT,31.69,5188000
2026-04-01,IOT,31.84,4680000
2026-04-02,IOT,32.26,3902200
2026-04-06,IOT,31.45,5388700
2026-04-07,IOT,30.47,3539300
2026-04-08,IOT,29.3,6392800
2026-04-09,IOT,26.85,8148300
2026-04-10,IOT,25.85,8267700
2026-04-13,IOT,26.59,6508300
2026-04-14,IOT,26.51,5871700
2026-04-15,IOT,28.85,9531500
2026-04-16,IOT,29.63,9741300
2026-04-17,IOT,30.62,9119700
2026-04-20,IOT,30.81,5432800
2026-04-21,IOT,31.43,4261100
2026-04-22,IOT,32.04,5440300
2026-04-23,IOT,29.28,6673700
2026-04-24,IOT,29.96,3677300
2026-04-27,IOT,29.47,4884100
2026-04-28,IOT,29.33,3114000
2026-04-29,IOT,29.37,3125900
2026-04-30,IOT,28.74,8557500
2026-05-01,IOT,30.49,3883000
2026-05-04,IOT,30.6,3833000
2026-05-05,IOT,30.45,3998300
2026-05-06,IOT,28.92,5357500
2026-05-07,IOT,30.11,5532891
2026-05-08,IOT,29.74,4048847
2026-05-11,IOT,29.07,4614669
2026-05-12,IOT,28.1,5622618
2026-02-02,IPAY,48.99,75034
2026-02-03,IPAY,46.35,45817
2026-02-04,IPAY,46.62,76254
2026-02-05,IPAY,46.01,196704
2026-02-06,IPAY,47.12,27380
2026-02-09,IPAY,47.33,29284
2026-02-10,IPAY,47.83,34436
2026-02-11,IPAY,46.64,34161
2026-02-12,IPAY,44.08,16113
2026-02-13,IPAY,44.37,57752
2026-02-17,IPAY,45.03,22499
2026-02-18,IPAY,45.83,24310
2026-02-19,IPAY,45.54,22033
2026-02-20,IPAY,45.95,61704
2026-02-23,IPAY,43.84,90079
2026-02-24,IPAY,44.17,36457
2026-02-25,IPAY,45.05,18021
2026-02-26,IPAY,45.42,18310
2026-02-27,IPAY,45.19,16720
2026-03-02,IPAY,45.61,14535
2026-03-03,IPAY,45.41,8488
2026-03-04,IPAY,46.03,6994
2026-03-05,IPAY,46.11,256865
2026-03-06,IPAY,45.644,50125
2026-03-09,IPAY,45.64,8063
2026-03-10,IPAY,45.03,13445
2026-03-11,IPAY,44.99,6425
2026-03-12,IPAY,43.64,15065
2026-03-13,IPAY,43.37,11553
2026-03-16,IPAY,43.69,25038
2026-03-17,IPAY,44.0,10322
2026-03-18,IPAY,42.74,28982
2026-03-19,IPAY,42.8,16149
2026-03-20,IPAY,42.66,19455
2026-03-23,IPAY,43.69,10543
2026-03-24,IPAY,42.95,10523
2026-03-25,IPAY,43.1922,5236
2026-03-26,IPAY,42.63,6938
2026-03-27,IPAY,41.41,20941
2026-03-30,IPAY,41.75,9121
2026-03-31,IPAY,42.8,37026
2026-04-01,IPAY,42.5041,4716
2026-04-02,IPAY,42.54,15207
2026-04-06,IPAY,43.15,14756
2026-04-07,IPAY,42.77,8651
2026-04-08,IPAY,44.13,104537
2026-04-09,IPAY,43.85,15752
2026-04-10,IPAY,43.41,13501
2026-04-13,IPAY,45.1293,13026
2026-04-14,IPAY,45.81,21902
2026-04-15,IPAY,47.33,25115
2026-04-16,IPAY,47.64,23171
2026-04-17,IPAY,48.69,23037
2026-04-20,IPAY,49.12,21300
2026-04-21,IPAY,48.12,17600
2026-04-22,IPAY,48.71,16800
2026-04-23,IPAY,46.76,47300
2026-04-24,IPAY,46.94,11300
2026-04-27,IPAY,46.99,18070
2026-04-28,IPAY,46.915,7787
2026-04-29,IPAY,46.89,10200
2026-04-30,IPAY,47.12,5400
2026-05-01,IPAY,47.618,4000
2026-05-04,IPAY,47.83,24300
2026-05-05,IPAY,46.94,15700
2026-05-06,IPAY,46.88,35100
2026-05-07,IPAY,46.99,255500
2026-05-08,IPAY,46.6,12900
2026-05-11,IPAY,46.46,142700
2026-05-12,IPAY,45.9291,10877
2026-02-02,IRDM,19.6507,2591500
2026-02-03,IRDM,19.5016,2240500
2026-02-04,IRDM,19.3923,1946100
2026-02-05,IRDM,19.0146,2077800
2026-02-06,IRDM,19.8793,1606300
2026-02-09,IRDM,20.5353,1492700
2026-02-10,IRDM,20.1875,1810500
2026-02-11,IRDM,18.3486,4288300
2026-02-12,IRDM,22.2549,6373800
2026-02-13,IRDM,23.0302,4757100
2026-02-17,IRDM,23.388,2183800
2026-02-18,IRDM,22.9308,2185800
2026-02-19,IRDM,22.9407,1424300
2026-02-20,IRDM,22.7817,1546900
2026-02-23,IRDM,23.0401,1505800
2026-02-24,IRDM,23.7657,1675400
2026-02-25,IRDM,23.4974,979200
2026-02-26,IRDM,22.3543,1673300
2026-02-27,IRDM,23.8055,2609200
2026-03-02,IRDM,24.6205,2348100
2026-03-03,IRDM,23.8552,3407600
2026-03-04,IRDM,24.3621,1891800
2026-03-05,IRDM,23.8055,1811800
2026-03-06,IRDM,23.8651,1122600
2026-03-09,IRDM,24.0937,1635300
2026-03-10,IRDM,24.6802,1692600
2026-03-11,IRDM,24.6504,1279900
2026-03-12,IRDM,24.6305,2275000
2026-03-13,IRDM,24.71,1529100
2026-03-16,IRDM,24.99,1664300
2026-03-17,IRDM,26.24,2216000
2026-03-18,IRDM,25.52,2180100
2026-03-19,IRDM,26.32,1943800
2026-03-20,IRDM,25.4,4260000
2026-03-23,IRDM,26.3,1840900
2026-03-24,IRDM,26.83,1485200
2026-03-25,IRDM,29.68,3482200
2026-03-26,IRDM,28.31,2137400
2026-03-27,IRDM,27.96,1617200
2026-03-30,IRDM,26.81,1933000
2026-03-31,IRDM,27.74,1568100
2026-04-01,IRDM,28.52,2645700
2026-04-02,IRDM,32.86,3899700
2026-04-06,IRDM,32.79,2124700
2026-04-07,IRDM,33.43,2211700
2026-04-08,IRDM,34.62,2468200
2026-04-09,IRDM,34.65,1741100
2026-04-10,IRDM,34.2,1919000
2026-04-13,IRDM,35.24,1800900
2026-04-14,IRDM,36.12,2912400
2026-04-15,IRDM,38.0,3444300
2026-04-16,IRDM,43.41,4758700
2026-04-17,IRDM,41.85,3877200
2026-04-20,IRDM,41.74,2678500
2026-04-21,IRDM,42.93,2576300
2026-04-22,IRDM,40.4,4714200
2026-04-23,IRDM,40.93,4514200
2026-04-24,IRDM,38.96,3461200
2026-04-27,IRDM,37.4,2770000
2026-04-28,IRDM,37.35,1660800
2026-04-29,IRDM,36.39,1606400
2026-04-30,IRDM,39.07,2168100
2026-05-01,IRDM,39.44,1650200
2026-05-04,IRDM,39.89,1943000
2026-05-05,IRDM,39.23,1417300
2026-05-06,IRDM,40.59,1864700
2026-05-07,IRDM,40.19,1590900
2026-05-08,IRDM,41.46,2573900
2026-05-11,IRDM,43.15,2656900
2026-05-12,IRDM,41.66,1757267
2026-02-02,IRM,88.6969,1827800
2026-02-03,IRM,87.8934,1753800
2026-02-04,IRM,89.3416,2076600
2026-02-05,IRM,88.2307,1510100
2026-02-06,IRM,95.0054,2458500
2026-02-09,IRM,96.2949,1745300
2026-02-10,IRM,98.5069,1891400
2026-02-11,IRM,99.4095,2802500
2026-02-12,IRM,105.1428,5864300
2026-02-13,IRM,108.9418,4050300
2026-02-17,IRM,107.9102,2501200
2026-02-18,IRM,104.9742,2159400
2026-02-19,IRM,107.2754,1700000
2026-02-20,IRM,109.3981,1521300
2026-02-23,IRM,110.2908,1843300
2026-02-24,IRM,112.3242,1616300
2026-02-25,IRM,110.8761,2297800
2026-02-26,IRM,108.4657,1609500
2026-02-27,IRM,107.454,3133200
2026-03-02,IRM,109.4378,1767400
2026-03-03,IRM,106.9084,1419500
2026-03-04,IRM,106.9679,1313200
2026-03-05,IRM,106.4323,1592800
2026-03-06,IRM,104.3294,878900
2026-03-09,IRM,106.2736,1292200
2026-03-10,IRM,106.8985,1187500
2026-03-11,IRM,106.7199,1432500
2026-03-12,IRM,106.5116,1526700
2026-03-13,IRM,105.976,1319300
2026-03-16,IRM,107.52,1368163
2026-03-17,IRM,107.96,1279582
2026-03-18,IRM,105.74,1163941
2026-03-19,IRM,104.94,1484466
2026-03-20,IRM,99.61,3053984
2026-03-23,IRM,101.94,1566681
2026-03-24,IRM,100.71,1337082
2026-03-25,IRM,100.53,1443853
2026-03-26,IRM,100.21,1126278
2026-03-27,IRM,98.3,1367674
2026-03-30,IRM,97.6,1308000
2026-03-31,IRM,102.14,2005000
2026-04-01,IRM,100.95,1505500
2026-04-02,IRM,103.3,1113900
2026-04-06,IRM,104.36,1090000
2026-04-07,IRM,104.73,831400
2026-04-08,IRM,106.97,1580500
2026-04-09,IRM,108.69,1185600
2026-04-10,IRM,109.37,1062400
2026-04-13,IRM,111.88,1085500
2026-04-14,IRM,114.03,1107700
2026-04-15,IRM,113.55,998100
2026-04-16,IRM,117.73,1830900
2026-04-17,IRM,118.07,1938900
2026-04-20,IRM,120.53,1447600
2026-04-21,IRM,117.83,1526800
2026-04-22,IRM,117.23,1355500
2026-04-23,IRM,116.12,1390400
2026-04-24,IRM,116.03,1642700
2026-04-27,IRM,112.75,1712600
2026-04-28,IRM,112.62,1882400
2026-04-29,IRM,114.52,1848600
2026-04-30,IRM,125.99,5039300
2026-05-01,IRM,127.19,2399900
2026-05-04,IRM,128.22,1494900
2026-05-05,IRM,131.7,2242100
2026-05-06,IRM,132.06,1677500
2026-05-07,IRM,126.81,2182457
2026-05-08,IRM,128.84,1141499
2026-05-11,IRM,129.96,1358894
2026-05-12,IRM,126.21,2047074
2026-02-02,ISRG,496.73,2133855
2026-02-03,ISRG,478.88,3796796
2026-02-04,ISRG,478.49,3405291
2026-02-05,ISRG,476.32,2912016
2026-02-06,ISRG,488.15,2521124
2026-02-09,ISRG,492.84,2208124
2026-02-10,ISRG,495.15,1813070
2026-02-11,ISRG,496.12,1933675
2026-02-12,ISRG,478.6,2966529
2026-02-13,ISRG,485.84,1984623
2026-02-17,ISRG,493.35,1583200
2026-02-18,ISRG,500.76,1464300
2026-02-19,ISRG,499.53,1434200
2026-02-20,ISRG,504.05,1553600
2026-02-23,ISRG,492.1,1764900
2026-02-24,ISRG,494.02,1404500
2026-02-25,ISRG,506.17,2062000
2026-02-26,ISRG,506.88,1570300
2026-02-27,ISRG,503.51,1634200
2026-03-02,ISRG,496.25,1743200
2026-03-03,ISRG,497.42,1841100
2026-03-04,ISRG,501.18,1501000
2026-03-05,ISRG,496.7,1541200
2026-03-06,ISRG,490.16,2088000
2026-03-09,ISRG,493.56,1651611
2026-03-10,ISRG,485.85,1547183
2026-03-11,ISRG,492.87,1537900
2026-03-12,ISRG,479.27,1805200
2026-03-13,ISRG,472.16,2489800
2026-03-16,ISRG,483.46,1297400
2026-03-17,ISRG,482.76,1057200
2026-03-18,ISRG,477.73,1483400
2026-03-19,ISRG,479.93,1258500
2026-03-20,ISRG,477.97,2227600
2026-03-23,ISRG,478.04,1501700
2026-03-24,ISRG,471.91,1332700
2026-03-25,ISRG,469.98,1428200
2026-03-26,ISRG,468.55,1605500
2026-03-27,ISRG,452.66,2107200
2026-03-30,ISRG,452.78,2195600
2026-03-31,ISRG,460.99,1960300
2026-04-01,ISRG,464.45,1427200
2026-04-02,ISRG,452.07,1647800
2026-04-06,ISRG,452.58,1152400
2026-04-07,ISRG,452.95,1796824
2026-04-08,ISRG,462.28,2253900
2026-04-09,ISRG,454.94,1551500
2026-04-10,ISRG,450.62,1466300
2026-04-13,ISRG,458.96,1691000
2026-04-14,ISRG,467.22,1973600
2026-04-15,ISRG,468.36,1935100
2026-04-16,ISRG,458.08,2209600
2026-04-17,ISRG,469.21,2720700
2026-04-20,ISRG,465.6,2442700
2026-04-21,ISRG,451.29,3379600
2026-04-22,ISRG,483.62,4437800
2026-04-23,ISRG,478.82,2889700
2026-04-24,ISRG,482.22,2655200
2026-04-27,ISRG,470.99,2028000
2026-04-28,ISRG,466.64,1836400
2026-04-29,ISRG,453.83,2059300
2026-04-30,ISRG,457.61,2000300
2026-05-01,ISRG,457.78,1461900
2026-05-04,ISRG,452.35,1797600
2026-05-05,ISRG,451.38,2952300
2026-05-06,ISRG,451.73,1982700
2026-05-07,ISRG,453.49,1563000
2026-05-08,ISRG,450.06,2402300
2026-05-11,ISRG,420.06,4032900
2026-05-12,ISRG,431.87,2333050
2026-02-02,ITRI,100.45,491490
2026-02-03,ITRI,101.11,558214
2026-02-04,ITRI,101.94,560948
2026-02-05,ITRI,99.56,490558
2026-02-06,ITRI,104.05,596944
2026-02-09,ITRI,104.48,474053
2026-02-10,ITRI,105.57,561850
2026-02-11,ITRI,99.81,819075
2026-02-12,ITRI,95.74,1319211
2026-02-13,ITRI,89.36,2273221
2026-02-17,ITRI,96.43,2764200
2026-02-18,ITRI,99.58,1971400
2026-02-19,ITRI,99.11,1048800
2026-02-20,ITRI,99.54,1725400
2026-02-23,ITRI,95.21,2762500
2026-02-24,ITRI,97.84,6014100
2026-02-25,ITRI,97.15,1362600
2026-02-26,ITRI,96.08,960300
2026-02-27,ITRI,93.95,959700
2026-03-02,ITRI,95.16,832900
2026-03-03,ITRI,93.94,804000
2026-03-04,ITRI,92.29,1049900
2026-03-05,ITRI,91.22,1155600
2026-03-06,ITRI,91.25,1181800
2026-03-09,ITRI,96.18,1225562
2026-03-10,ITRI,93.04,1303400
2026-03-11,ITRI,91.96,477100
2026-03-12,ITRI,90.62,552500
2026-03-13,ITRI,90.0,539900
2026-03-16,ITRI,91.28,722900
2026-03-17,ITRI,92.31,787400
2026-03-18,ITRI,91.79,581200
2026-03-19,ITRI,92.69,923500
2026-03-20,ITRI,91.28,2802200
2026-03-23,ITRI,93.4,1797200
2026-03-24,ITRI,92.69,1414800
2026-03-25,ITRI,93.54,529800
2026-03-26,ITRI,88.35,841700
2026-03-27,ITRI,85.6,896600
2026-03-30,ITRI,83.88,843900
2026-03-31,ITRI,89.63,1003500
2026-04-01,ITRI,90.42,578300
2026-04-02,ITRI,88.69,491800
2026-04-06,ITRI,91.12,517100
2026-04-07,ITRI,89.98,506200
2026-04-08,ITRI,92.99,843200
2026-04-09,ITRI,95.1,650700
2026-04-10,ITRI,94.19,337500
2026-04-13,ITRI,94.47,623200
2026-04-14,ITRI,96.36,559900
2026-04-15,ITRI,97.55,574500
2026-04-16,ITRI,97.0,567400
2026-04-17,ITRI,98.43,810500
2026-04-20,ITRI,97.63,750300
2026-04-21,ITRI,94.16,1395800
2026-04-22,ITRI,89.68,1553000
2026-04-23,ITRI,88.56,883600
2026-04-24,ITRI,88.55,647700
2026-04-27,ITRI,86.92,1979000
2026-04-28,ITRI,87.0,3255200
2026-04-29,ITRI,82.69,1507800
2026-04-30,ITRI,83.8,1134200
2026-05-01,ITRI,85.4,577300
2026-05-04,ITRI,84.22,797700
2026-05-05,ITRI,84.42,395900
2026-05-06,ITRI,82.97,821700
2026-05-07,ITRI,81.14,781300
2026-05-08,ITRI,81.87,654500
2026-05-11,ITRI,81.71,763600
2026-05-12,ITRI,81.26,741079
2026-02-02,IXP,125.57,168900
2026-02-03,IXP,124.05,24300
2026-02-04,IXP,122.75,15500
2026-02-05,IXP,122.14,49000
2026-02-06,IXP,121.54,28500
2026-02-09,IXP,122.85,33600
2026-02-10,IXP,123.02,7500
2026-02-11,IXP,122.6,8500
2026-02-12,IXP,120.78,18300
2026-02-13,IXP,120.31,10300
2026-02-17,IXP,120.05,137312
2026-02-18,IXP,120.01,14800
2026-02-19,IXP,119.8,36000
2026-02-20,IXP,121.63,36800
2026-02-23,IXP,120.2257,15968
2026-02-24,IXP,120.67,49963
2026-02-25,IXP,121.29,7100
2026-02-26,IXP,120.88,171400
2026-02-27,IXP,122.26,10600
2026-03-02,IXP,121.31,47100
2026-03-03,IXP,120.69,36600
2026-03-04,IXP,121.82,12900
2026-03-05,IXP,120.78,53900
2026-03-06,IXP,119.96,26400
2026-03-09,IXP,120.58,26541
2026-03-10,IXP,121.41,8747
2026-03-11,IXP,120.96,15400
2026-03-12,IXP,119.28,28300
2026-03-13,IXP,118.2,9700
2026-03-16,IXP,119.57,17000
2026-03-17,IXP,119.63,10600
2026-03-18,IXP,117.77,13900
2026-03-19,IXP,117.21,16200
2026-03-20,IXP,115.46,38800
2026-03-23,IXP,116.5,41600
2026-03-24,IXP,115.05,59800
2026-03-25,IXP,115.65,79800
2026-03-26,IXP,112.56,96200
2026-03-27,IXP,111.0,334400
2026-03-30,IXP,111.41,40760
2026-03-31,IXP,114.86,60516
2026-04-01,IXP,115.44,35800
2026-04-02,IXP,115.0,15500
2026-04-06,IXP,115.25,22400
2026-04-07,IXP,115.59,12900
2026-04-08,IXP,118.61,41000
2026-04-09,IXP,119.03,8800
2026-04-10,IXP,118.28,6400
2026-04-13,IXP,118.67,8620
2026-04-14,IXP,121.13,13874
2026-04-15,IXP,122.07,7200
2026-04-16,IXP,123.38,10900
2026-04-17,IXP,123.92,21400
2026-04-20,IXP,123.14,20512
2026-04-21,IXP,121.8,17246
2026-04-22,IXP,122.78,24300
2026-04-23,IXP,122.43,20500
2026-04-24,IXP,122.57,10600
2026-04-27,IXP,122.05,14400
2026-04-28,IXP,121.42,6400
2026-04-29,IXP,121.07,19000
2026-04-30,IXP,123.49,23100
2026-05-01,IXP,123.6,6100
2026-05-04,IXP,122.86,19478
2026-05-05,IXP,123.0287,58720
2026-05-06,IXP,125.33,32800
2026-05-07,IXP,125.09,41800
2026-05-08,IXP,125.0,13600
2026-05-11,IXP,123.0,13000
2026-05-12,IXP,123.108,19946
2026-02-02,JCI,122.6021,5418170
2026-02-03,JCI,123.6289,7458805
2026-02-04,JCI,129.0921,15320720
2026-02-05,JCI,132.1127,7252346
2026-02-06,JCI,137.227,5373742
2026-02-09,JCI,138.5728,5143055
2026-02-10,JCI,138.3236,4526357
2026-02-11,JCI,140.5268,3669586
2026-02-12,JCI,138.1442,5474764
2026-02-13,JCI,138.8121,3844370
2026-02-17,JCI,141.773,5043351
2026-02-18,JCI,139.0514,4417932
2026-02-19,JCI,142.2615,3555952
2026-02-20,JCI,143.3481,4623317
2026-02-23,JCI,142.3911,3516972
2026-02-24,JCI,144.2653,8472872
2026-02-25,JCI,144.046,3254743
2026-02-26,JCI,142.9793,4034523
2026-02-27,JCI,143.8565,7554098
2026-03-02,JCI,145.013,2604395
2026-03-03,JCI,139.1511,5490759
2026-03-04,JCI,139.5698,3194989
2026-03-05,JCI,136.7584,6187373
2026-03-06,JCI,131.9931,4206161
2026-03-09,JCI,132.681,4954176
2026-03-10,JCI,133.5284,4396448
2026-03-11,JCI,134.5752,2711484
2026-03-12,JCI,130.5376,5126050
2026-03-13,JCI,129.76,4120784
2026-03-16,JCI,131.69,4971392
2026-03-17,JCI,132.56,2961642
2026-03-18,JCI,133.76,3278751
2026-03-19,JCI,133.25,3712405
2026-03-20,JCI,129.7,8636485
2026-03-23,JCI,133.27,2899220
2026-03-24,JCI,136.43,3109236
2026-03-25,JCI,137.48,2281610
2026-03-26,JCI,131.57,4322093
2026-03-27,JCI,131.29,3372133
2026-03-30,JCI,126.58,3422572
2026-03-31,JCI,130.95,4190474
2026-04-01,JCI,134.72,2911150
2026-04-02,JCI,132.97,2466799
2026-04-06,JCI,133.75,1394407
2026-04-07,JCI,133.15,2368717
2026-04-08,JCI,139.0,3788436
2026-04-09,JCI,141.85,3910164
2026-04-10,JCI,142.53,3583839
2026-04-13,JCI,142.82,3974303
2026-04-14,JCI,142.05,3439975
2026-04-15,JCI,137.21,4222589
2026-04-16,JCI,137.55,2912542
2026-04-17,JCI,140.87,3582550
2026-04-20,JCI,140.98,1696864
2026-04-21,JCI,139.72,2163596
2026-04-22,JCI,139.81,2844361
2026-04-23,JCI,141.73,2728681
2026-04-24,JCI,141.92,2229510
2026-04-27,JCI,143.38,3077479
2026-04-28,JCI,141.59,2737806
2026-04-29,JCI,141.35,1976357
2026-04-30,JCI,146.03,3742495
2026-05-01,JCI,145.08,2062841
2026-05-04,JCI,144.4,2747332
2026-05-05,JCI,144.82,4087861
2026-05-06,JCI,143.14,7007649
2026-05-07,JCI,139.25,5939640
2026-05-08,JCI,139.52,2582456
2026-05-11,JCI,141.78,2788524
2026-05-12,JCI,141.04,3748430
2026-02-02,JOBY,10.56,41443621
2026-02-03,JOBY,10.73,45048859
2026-02-04,JOBY,10.38,34621680
2026-02-05,JOBY,9.46,37677312
2026-02-06,JOBY,10.52,33530828
2026-02-09,JOBY,10.69,24813150
2026-02-10,JOBY,10.23,21628391
2026-02-11,JOBY,10.1,21793270
2026-02-12,JOBY,9.88,17980820
2026-02-13,JOBY,9.9,17338170
2026-02-17,JOBY,9.99,15726510
2026-02-18,JOBY,10.09,24173711
2026-02-19,JOBY,10.25,14308230
2026-02-20,JOBY,9.87,19299529
2026-02-23,JOBY,9.54,21556539
2026-02-24,JOBY,9.72,19804330
2026-02-25,JOBY,9.82,34549301
2026-02-26,JOBY,10.23,42725633
2026-02-27,JOBY,10.06,27684609
2026-03-02,JOBY,10.27,30861350
2026-03-03,JOBY,9.76,34969129
2026-03-04,JOBY,9.89,14936280
2026-03-05,JOBY,9.61,18076650
2026-03-06,JOBY,9.55,14872780
2026-03-09,JOBY,10.04,27837439
2026-03-10,JOBY,9.88,31187551
2026-03-11,JOBY,10.23,24792930
2026-03-12,JOBY,9.74,25482840
2026-03-13,JOBY,9.7,23063369
2026-03-16,JOBY,9.82,31487660
2026-03-17,JOBY,9.93,18817170
2026-03-18,JOBY,9.54,17813230
2026-03-19,JOBY,9.69,17830910
2026-03-20,JOBY,9.23,28255580
2026-03-23,JOBY,9.28,16811311
2026-03-24,JOBY,8.99,18951369
2026-03-25,JOBY,8.97,16429609
2026-03-26,JOBY,8.47,21530730
2026-03-27,JOBY,8.1,27522850
2026-03-30,JOBY,7.94,24940100
2026-03-31,JOBY,8.26,31905900
2026-04-01,JOBY,8.27,23167800
2026-04-02,JOBY,8.5,23369500
2026-04-06,JOBY,8.7,20389300
2026-04-07,JOBY,8.38,20084500
2026-04-08,JOBY,8.63,19694400
2026-04-09,JOBY,8.28,15996800
2026-04-10,JOBY,8.34,16238800
2026-04-13,JOBY,8.52,21007400
2026-04-14,JOBY,8.8,20451000
2026-04-15,JOBY,9.13,27044600
2026-04-16,JOBY,9.22,19851500
2026-04-17,JOBY,9.22,25034100
2026-04-20,JOBY,9.14,17093500
2026-04-21,JOBY,8.97,21442300
2026-04-22,JOBY,9.14,22884300
2026-04-23,JOBY,8.49,23486100
2026-04-24,JOBY,8.5,23859500
2026-04-27,JOBY,9.04,45654000
2026-04-28,JOBY,8.93,52031900
2026-04-29,JOBY,8.7,36110800
2026-04-30,JOBY,9.19,23136700
2026-05-01,JOBY,9.25,26938000
2026-05-04,JOBY,8.86,30987200
2026-05-05,JOBY,8.68,30834500
2026-05-06,JOBY,10.52,68318100
2026-05-07,JOBY,10.01,37208800
2026-05-08,JOBY,10.87,35325500
2026-05-11,JOBY,10.74,42941100
2026-05-12,JOBY,10.49,27921700
2026-02-02,KARS,30.99,6986
2026-02-03,KARS,31.34,19612
2026-02-04,KARS,31.12,9120
2026-02-05,KARS,30.72,12575
2026-02-06,KARS,31.85,11354
2026-02-09,KARS,32.27,25086
2026-02-10,KARS,32.28,56866
2026-02-11,KARS,32.67,9276
2026-02-12,KARS,31.97,49047
2026-02-13,KARS,32.4541,4184
2026-02-17,KARS,32.16,2353
2026-02-18,KARS,32.71,19291
2026-02-19,KARS,32.47,5114
2026-02-20,KARS,32.72,20161
2026-02-23,KARS,32.7,37418
2026-02-24,KARS,33.27,11049
2026-02-25,KARS,33.58,13440
2026-02-26,KARS,32.91,36878
2026-02-27,KARS,33.12,15596
2026-03-02,KARS,33.07,10701
2026-03-03,KARS,31.15,11053
2026-03-04,KARS,31.6,102381
2026-03-05,KARS,30.66,7161
2026-03-06,KARS,30.97,8736
2026-03-09,KARS,31.711,17220
2026-03-10,KARS,32.1,5240
2026-03-11,KARS,32.74,9206
2026-03-12,KARS,32.15,7164
2026-03-13,KARS,31.66,8697
2026-03-16,KARS,32.37,5252
2026-03-17,KARS,32.34,6904
2026-03-18,KARS,31.34,7521
2026-03-19,KARS,31.1,8190
2026-03-20,KARS,30.5,32200
2026-03-23,KARS,31.58,9614
2026-03-24,KARS,31.61,10895
2026-03-25,KARS,32.0968,2860
2026-03-26,KARS,31.22,5083
2026-03-27,KARS,31.43,5953
2026-03-30,KARS,31.45,9555
2026-03-31,KARS,32.3,10429
2026-04-01,KARS,32.2,84181
2026-04-02,KARS,32.381,8361
2026-04-06,KARS,32.1606,61383
2026-04-07,KARS,32.18,9426
2026-04-08,KARS,33.5,40543
2026-04-09,KARS,33.2,26002
2026-04-10,KARS,33.73,11283
2026-04-13,KARS,34.39,13075
2026-04-14,KARS,34.76,6040
2026-04-15,KARS,34.56,10877
2026-04-16,KARS,35.41,25798
2026-04-17,KARS,35.86,327726
2026-04-20,KARS,35.78,12100
2026-04-21,KARS,35.77,48800
2026-04-22,KARS,36.29,62200
2026-04-23,KARS,35.23,91000
2026-04-24,KARS,35.76,109300
2026-04-27,KARS,35.7756,12073
2026-04-28,KARS,35.34,21404
2026-04-29,KARS,35.93,12800
2026-04-30,KARS,36.705,13600
2026-05-01,KARS,36.996,95200
2026-05-04,KARS,36.7,39000
2026-05-05,KARS,36.82,100900
2026-05-06,KARS,37.68,105700
2026-05-07,KARS,37.0,27400
2026-05-08,KARS,37.81,239700
2026-05-11,KARS,38.01,28000
2026-05-12,KARS,37.42,28948
2026-02-02,KEYS,223.26,1030500
2026-02-03,KEYS,227.16,1308500
2026-02-04,KEYS,221.6,1833300
2026-02-05,KEYS,221.52,784600
2026-02-06,KEYS,230.95,965200
2026-02-09,KEYS,235.93,1371900
2026-02-10,KEYS,235.0,975200
2026-02-11,KEYS,238.02,969000
2026-02-12,KEYS,229.48,1429600
2026-02-13,KEYS,233.51,825800
2026-02-17,KEYS,234.39,1121200
2026-02-18,KEYS,239.83,1033900
2026-02-19,KEYS,239.54,1124200
2026-02-20,KEYS,243.54,1654700
2026-02-23,KEYS,245.0,2817871
2026-02-24,KEYS,301.48,6148117
2026-02-25,KEYS,302.18,3670900
2026-02-26,KEYS,306.03,2713600
2026-02-27,KEYS,307.33,2998000
2026-03-02,KEYS,313.27,1872800
2026-03-03,KEYS,302.54,1613500
2026-03-04,KEYS,300.92,1835000
2026-03-05,KEYS,284.51,2155400
2026-03-06,KEYS,272.43,1695700
2026-03-09,KEYS,282.02,1785833
2026-03-10,KEYS,285.54,1463336
2026-03-11,KEYS,284.26,1451800
2026-03-12,KEYS,282.78,1629100
2026-03-13,KEYS,279.78,1645700
2026-03-16,KEYS,285.94,1275300
2026-03-17,KEYS,287.38,1149700
2026-03-18,KEYS,284.12,792900
2026-03-19,KEYS,290.21,1544300
2026-03-20,KEYS,277.53,3873100
2026-03-23,KEYS,288.96,1457012
2026-03-24,KEYS,298.58,1339632
2026-03-25,KEYS,293.12,1838300
2026-03-26,KEYS,281.07,1024500
2026-03-27,KEYS,279.06,1036600
2026-03-30,KEYS,269.41,1347000
2026-03-31,KEYS,282.37,1076000
2026-04-01,KEYS,289.84,1236700
2026-04-02,KEYS,291.24,888600
2026-04-06,KEYS,292.92,498400
2026-04-07,KEYS,300.61,952000
2026-04-08,KEYS,318.33,1478300
2026-04-09,KEYS,322.94,1033900
2026-04-10,KEYS,324.18,1178400
2026-04-13,KEYS,331.11,993700
2026-04-14,KEYS,330.46,854500
2026-04-15,KEYS,325.25,788000
2026-04-16,KEYS,329.96,1158600
2026-04-17,KEYS,334.34,1354400
2026-04-20,KEYS,335.14,915200
2026-04-21,KEYS,339.3,682000
2026-04-22,KEYS,338.97,1087900
2026-04-23,KEYS,346.53,989000
2026-04-24,KEYS,346.96,967800
2026-04-27,KEYS,340.64,1776300
2026-04-28,KEYS,332.3,1546800
2026-04-29,KEYS,335.46,1011200
2026-04-30,KEYS,349.91,1646900
2026-05-01,KEYS,352.41,947000
2026-05-04,KEYS,351.35,877200
2026-05-05,KEYS,355.93,782800
2026-05-06,KEYS,366.68,945500
2026-05-07,KEYS,355.06,1190300
2026-05-08,KEYS,360.3,1113000
2026-05-11,KEYS,366.36,1489400
2026-05-12,KEYS,361.65,1243917
2026-02-02,KIE,58.162,615068
2026-02-03,KIE,58.162,2002443
2026-02-04,KIE,58.8783,2153616
2026-02-05,KIE,58.8485,1801468
2026-02-06,KIE,59.2962,1785373
2026-02-09,KIE,57.2566,2246869
2026-02-10,KIE,57.575,1451800
2026-02-11,KIE,57.5153,2325305
2026-02-12,KIE,57.585,2493696
2026-02-13,KIE,57.1571,2078933
2026-02-17,KIE,58.0526,1790381
2026-02-18,KIE,57.5651,2114320
2026-02-19,KIE,57.2069,1084739
2026-02-20,KIE,57.3959,1244168
2026-02-23,KIE,56.2518,1719121
2026-02-24,KIE,56.61,1543707
2026-02-25,KIE,56.9084,1072895
2026-02-26,KIE,57.7441,2549200
2026-02-27,KIE,57.8337,2436119
2026-03-02,KIE,58.3809,3034849
2026-03-03,KIE,57.7939,3286992
2026-03-04,KIE,57.8934,1861739
2026-03-05,KIE,57.5452,2597983
2026-03-06,KIE,57.0079,2536976
2026-03-09,KIE,56.1026,3189940
2026-03-10,KIE,55.7742,1443181
2026-03-11,KIE,55.1176,2147038
2026-03-12,KIE,54.9087,2821058
2026-03-13,KIE,55.1275,2007303
2026-03-16,KIE,55.4758,1520146
2026-03-17,KIE,55.7643,803549
2026-03-18,KIE,54.8092,1728563
2026-03-19,KIE,54.0829,1869616
2026-03-20,KIE,54.063,1332789
2026-03-23,KIE,54.75,1145000
2026-03-24,KIE,54.72,907300
2026-03-25,KIE,54.6,1239700
2026-03-26,KIE,54.83,1997400
2026-03-27,KIE,53.55,809300
2026-03-30,KIE,54.41,1292500
2026-03-31,KIE,55.0,2851800
2026-04-01,KIE,54.7,1499800
2026-04-02,KIE,55.18,686500
2026-04-06,KIE,55.74,1154000
2026-04-07,KIE,55.71,918700
2026-04-08,KIE,56.98,1498100
2026-04-09,KIE,56.89,1896700
2026-04-10,KIE,55.9,2323700
2026-04-13,KIE,56.92,599700
2026-04-14,KIE,56.8,476000
2026-04-15,KIE,57.38,1285100
2026-04-16,KIE,57.66,652100
2026-04-17,KIE,58.36,1258000
2026-04-20,KIE,58.4,764889
2026-04-21,KIE,58.38,1084413
2026-04-22,KIE,57.92,1128700
2026-04-23,KIE,58.26,651800
2026-04-24,KIE,57.73,598800
2026-04-27,KIE,57.79,919400
2026-04-28,KIE,58.08,1504900
2026-04-29,KIE,57.22,745500
2026-04-30,KIE,57.33,1248700
2026-05-01,KIE,56.79,1202900
2026-05-04,KIE,56.26,1136700
2026-05-05,KIE,56.55,1147000
2026-05-06,KIE,56.35,1027500
2026-05-07,KIE,56.47,1295700
2026-05-08,KIE,56.37,1422800
2026-05-11,KIE,56.18,1643000
2026-05-12,KIE,56.47,2379362
2026-02-02,KO,74.8156,19301500
2026-02-03,KO,76.3649,27007100
2026-02-04,KO,76.8218,28607300
2026-02-05,KO,77.9739,21633500
2026-02-06,KO,78.4903,18512400
2026-02-09,KO,77.4375,23415600
2026-02-10,KO,76.2855,28848200
2026-02-11,KO,78.0632,22649700
2026-02-12,KO,78.4605,26043500
2026-02-13,KO,78.1427,16711900
2026-02-17,KO,79.0167,16260200
2026-02-18,KO,78.9472,16304900
2026-02-19,KO,78.3711,14924700
2026-02-20,KO,79.2948,17175100
2026-02-23,KO,80.0099,17157700
2026-02-24,KO,80.1688,16448500
2026-02-25,KO,79.9205,18086900
2026-02-26,KO,79.9503,12843200
2026-02-27,KO,81.003,28483500
2026-03-02,KO,79.6722,18137200
2026-03-03,KO,78.7982,20549300
2026-03-04,KO,77.5667,21011800
2026-03-05,KO,76.504,23165700
2026-03-06,KO,76.5139,15516000
2026-03-09,KO,77.2687,18554100
2026-03-10,KO,77.3482,17243900
2026-03-11,KO,77.0999,11546800
2026-03-12,KO,77.08,16842200
2026-03-13,KO,77.34,11974500
2026-03-16,KO,77.82,11761200
2026-03-17,KO,77.58,14900100
2026-03-18,KO,75.97,13134600
2026-03-19,KO,75.55,13023300
2026-03-20,KO,74.75,33298700
2026-03-23,KO,75.11,15054900
2026-03-24,KO,74.67,15653700
2026-03-25,KO,75.25,14787900
2026-03-26,KO,74.69,11202100
2026-03-27,KO,75.71,17461000
2026-03-30,KO,76.27,18502800
2026-03-31,KO,76.05,18301800
2026-04-01,KO,76.08,15834300
2026-04-02,KO,76.72,14573400
2026-04-06,KO,77.22,8259900
2026-04-07,KO,75.91,12769200
2026-04-08,KO,77.29,12331300
2026-04-09,KO,78.18,14311000
2026-04-10,KO,77.47,11081400
2026-04-13,KO,76.41,12696200
2026-04-14,KO,75.9,12397600
2026-04-15,KO,75.31,16212100
2026-04-16,KO,75.18,11501900
2026-04-17,KO,75.74,15033900
2026-04-20,KO,75.48,10141800
2026-04-21,KO,74.7,11806900
2026-04-22,KO,74.63,9352300
2026-04-23,KO,76.28,12060300
2026-04-24,KO,76.63,12008700
2026-04-27,KO,75.44,15812200
2026-04-28,KO,78.35,30710700
2026-04-29,KO,78.87,18294700
2026-04-30,KO,78.76,15142200
2026-05-01,KO,78.58,12610400
2026-05-04,KO,78.19,12672400
2026-05-05,KO,78.48,11637500
2026-05-06,KO,79.23,14060300
2026-05-07,KO,78.43,16531400
2026-05-08,KO,78.42,12447200
2026-05-11,KO,78.66,10967900
2026-05-12,KO,80.03,19153659
2026-02-02,KOMP,62.9904,79081
2026-02-03,KOMP,63.29,99629
2026-02-04,KOMP,61.9268,121083
2026-02-05,KOMP,59.7945,106091
2026-02-06,KOMP,62.7507,82471
2026-02-09,KOMP,63.8194,107911
2026-02-10,KOMP,63.5597,90657
2026-02-11,KOMP,62.7507,89939
2026-02-12,KOMP,61.2826,109533
2026-02-13,KOMP,62.2414,91626
2026-02-17,KOMP,62.2613,78781
2026-02-18,KOMP,62.8606,73126
2026-02-19,KOMP,63.2491,54573
2026-02-20,KOMP,62.9704,46683
2026-02-23,KOMP,62.2414,51004
2026-02-24,KOMP,63.3699,48451
2026-02-25,KOMP,63.4998,52409
2026-02-26,KOMP,63.32,55288
2026-02-27,KOMP,62.1814,87437
2026-03-02,KOMP,62.8107,88693
2026-03-03,KOMP,61.5822,66163
2026-03-04,KOMP,62.7407,42024
2026-03-05,KOMP,61.5323,49137
2026-03-06,KOMP,60.2339,67682
2026-03-09,KOMP,61.1927,65469
2026-03-10,KOMP,61.1428,100231
2026-03-11,KOMP,61.4224,47483
2026-03-12,KOMP,60.2639,223182
2026-03-13,KOMP,59.8026,59799
2026-03-16,KOMP,60.5136,54565
2026-03-17,KOMP,61.3625,161083
2026-03-18,KOMP,60.174,42825
2026-03-19,KOMP,60.2539,312868
2026-03-20,KOMP,58.576,111057
2026-03-23,KOMP,59.95,76682
2026-03-24,KOMP,59.89,74280
2026-03-25,KOMP,60.84,31822
2026-03-26,KOMP,59.1,79107
2026-03-27,KOMP,57.473,62218
2026-03-30,KOMP,56.02,75332
2026-03-31,KOMP,58.4777,60620
2026-04-01,KOMP,59.26,74245
2026-04-02,KOMP,59.65,102016
2026-04-06,KOMP,60.02,116158
2026-04-07,KOMP,59.9,52299
2026-04-08,KOMP,61.91,76712
2026-04-09,KOMP,61.84,60952
2026-04-10,KOMP,61.8908,56381
2026-04-13,KOMP,63.16,65596
2026-04-14,KOMP,64.15,58601
2026-04-15,KOMP,64.51,56763
2026-04-16,KOMP,65.07,61094
2026-04-17,KOMP,65.92,62881
2026-04-20,KOMP,66.6,50800
2026-04-21,KOMP,66.02,46300
2026-04-22,KOMP,66.58,52500
2026-04-23,KOMP,65.61,43600
2026-04-24,KOMP,65.65,38800
2026-04-27,KOMP,65.37,38500
2026-04-28,KOMP,64.45,51400
2026-04-29,KOMP,63.84,38300
2026-04-30,KOMP,66.02,60700
2026-05-01,KOMP,66.29,66600
2026-05-04,KOMP,66.26,73200
2026-05-05,KOMP,67.06,50000
2026-05-06,KOMP,68.57,84600
2026-05-07,KOMP,67.23,162800
2026-05-08,KOMP,68.11,43800
2026-05-11,KOMP,69.02,97000
2026-05-12,KOMP,68.38,111186
2026-02-02,KOPN,2.59,2676468
2026-02-03,KOPN,2.7,3752514
2026-02-04,KOPN,2.4,3874256
2026-02-05,KOPN,2.17,2901805
2026-02-06,KOPN,2.41,2969676
2026-02-09,KOPN,2.36,2011799
2026-02-10,KOPN,2.35,1739333
2026-02-11,KOPN,2.28,2521094
2026-02-12,KOPN,2.15,5163389
2026-02-13,KOPN,2.2,2393775
2026-02-17,KOPN,2.22,1821320
2026-02-18,KOPN,2.25,1270946
2026-02-19,KOPN,2.31,1583348
2026-02-20,KOPN,2.29,2124650
2026-02-23,KOPN,2.15,1671678
2026-02-24,KOPN,2.16,1569736
2026-02-25,KOPN,2.33,1951623
2026-02-26,KOPN,2.32,1781637
2026-02-27,KOPN,2.21,1847525
2026-03-02,KOPN,2.39,1909457
2026-03-03,KOPN,2.27,1750688
2026-03-04,KOPN,2.32,2170894
2026-03-05,KOPN,2.3,2300960
2026-03-06,KOPN,2.17,1410936
2026-03-09,KOPN,2.18,1535213
2026-03-10,KOPN,2.16,2053913
2026-03-11,KOPN,2.25,1178691
2026-03-12,KOPN,2.14,1122114
2026-03-13,KOPN,2.08,1644548
2026-03-16,KOPN,2.11,1364369
2026-03-17,KOPN,2.16,1867433
2026-03-18,KOPN,2.06,1466400
2026-03-19,KOPN,2.09,2248884
2026-03-20,KOPN,1.98,3569898
2026-03-23,KOPN,2.07,1845724
2026-03-24,KOPN,2.09,1797789
2026-03-25,KOPN,2.3,4595878
2026-03-26,KOPN,1.925,4600525
2026-03-27,KOPN,1.815,5488177
2026-03-30,KOPN,1.88,4303500
2026-03-31,KOPN,2.25,6003500
2026-04-01,KOPN,2.44,8803100
2026-04-02,KOPN,2.62,5762400
2026-04-06,KOPN,2.58,2813700
2026-04-07,KOPN,2.52,2966500
2026-04-08,KOPN,2.73,3506000
2026-04-09,KOPN,2.68,2516700
2026-04-10,KOPN,2.66,2003400
2026-04-13,KOPN,2.8,3070800
2026-04-14,KOPN,2.72,3486800
2026-04-15,KOPN,2.92,5489100
2026-04-16,KOPN,2.95,3415500
2026-04-17,KOPN,2.98,4401600
2026-04-20,KOPN,2.84,2252100
2026-04-21,KOPN,2.85,2582200
2026-04-22,KOPN,3.21,6832400
2026-04-23,KOPN,3.53,9246700
2026-04-24,KOPN,3.7,8298200
2026-04-27,KOPN,3.71,5672100
2026-04-28,KOPN,4.0,41085800
2026-04-29,KOPN,3.93,11418500
2026-04-30,KOPN,4.46,11610200
2026-05-01,KOPN,4.3,9505300
2026-05-04,KOPN,4.47,15337100
2026-05-05,KOPN,4.75,20984500
2026-05-06,KOPN,4.91,10719400
2026-05-07,KOPN,4.82,10339600
2026-05-08,KOPN,5.41,15307000
2026-05-11,KOPN,4.97,13663800
2026-05-12,KOPN,5.35,40106300
2026-02-02,KRBN,33.41,33300
2026-02-03,KRBN,32.89,24400
2026-02-04,KRBN,33.16,17800
2026-02-05,KRBN,31.98,22900
2026-02-06,KRBN,32.06,19200
2026-02-09,KRBN,32.83,20100
2026-02-10,KRBN,32.09,18100
2026-02-11,KRBN,31.9,271000
2026-02-12,KRBN,30.33,35000
2026-02-13,KRBN,29.74,17700
2026-02-17,KRBN,29.58,29800
2026-02-18,KRBN,30.1,36000
2026-02-19,KRBN,29.85,26400
2026-02-20,KRBN,30.35,17800
2026-02-23,KRBN,30.35,22400
2026-02-24,KRBN,29.74,10900
2026-02-25,KRBN,30.1,11600
2026-02-26,KRBN,29.68,12600
2026-02-27,KRBN,29.32,47700
2026-03-02,KRBN,29.37,10600
2026-03-03,KRBN,29.98,9700
2026-03-04,KRBN,29.21,50000
2026-03-05,KRBN,29.19,81800
2026-03-06,KRBN,29.05,9800
2026-03-09,KRBN,29.28,59900
2026-03-10,KRBN,29.62,30098
2026-03-11,KRBN,29.37,16400
2026-03-12,KRBN,28.06,7900
2026-03-13,KRBN,28.34,7200
2026-03-16,KRBN,28.34,12147
2026-03-17,KRBN,27.97,46248
2026-03-18,KRBN,27.64,13700
2026-03-19,KRBN,27.33,11900
2026-03-20,KRBN,27.96,66100
2026-03-23,KRBN,28.68,33900
2026-03-24,KRBN,29.38,13100
2026-03-25,KRBN,29.224,10300
2026-03-26,KRBN,29.27,20700
2026-03-27,KRBN,29.22,8200
2026-03-30,KRBN,29.3,12900
2026-03-31,KRBN,29.69,29700
2026-04-01,KRBN,30.17,13900
2026-04-02,KRBN,29.42,8200
2026-04-06,KRBN,29.37,38800
2026-04-07,KRBN,29.5,16400
2026-04-08,KRBN,29.7,14800
2026-04-09,KRBN,30.31,5000
2026-04-10,KRBN,30.06,6000
2026-04-13,KRBN,30.19,7400
2026-04-14,KRBN,30.844,3300
2026-04-15,KRBN,30.831,7600
2026-04-16,KRBN,30.996,6200
2026-04-17,KRBN,31.44,8800
2026-04-20,KRBN,31.32,15300
2026-04-21,KRBN,31.04,11000
2026-04-22,KRBN,30.75,9500
2026-04-23,KRBN,30.86,6700
2026-04-24,KRBN,31.2,5800
2026-04-27,KRBN,31.53,81200
2026-04-28,KRBN,31.46,25300
2026-04-29,KRBN,30.81,21800
2026-04-30,KRBN,31.52,26900
2026-05-01,KRBN,31.61,11700
2026-05-04,KRBN,31.87,23474
2026-05-05,KRBN,32.23,10605
2026-05-06,KRBN,32.01,6700
2026-05-07,KRBN,31.54,7900
2026-05-08,KRBN,31.26,17600
2026-05-11,KRBN,32.14,5900
2026-05-12,KRBN,31.76,13697
2026-02-02,KTOS,96.16,3802922
2026-02-03,KTOS,103.37,3330090
2026-02-04,KTOS,91.33,4629751
2026-02-05,KTOS,85.25,3546043
2026-02-06,KTOS,94.41,4226998
2026-02-09,KTOS,98.81,2970636
2026-02-10,KTOS,93.48,2013013
2026-02-11,KTOS,87.78,2990143
2026-02-12,KTOS,87.05,2276613
2026-02-13,KTOS,89.06,1769057
2026-02-17,KTOS,91.97,2405800
2026-02-18,KTOS,97.21,3657600
2026-02-19,KTOS,105.67,5176800
2026-02-20,KTOS,96.08,4631600
2026-02-23,KTOS,94.31,3365100
2026-02-24,KTOS,90.68,6008700
2026-02-25,KTOS,88.23,2349900
2026-02-26,KTOS,92.14,2605000
2026-02-27,KTOS,86.18,13317900
2026-03-02,KTOS,90.72,18913800
2026-03-03,KTOS,88.95,8315500
2026-03-04,KTOS,89.13,3335600
2026-03-05,KTOS,85.54,4592800
2026-03-06,KTOS,87.0,5385600
2026-03-09,KTOS,92.47,5255986
2026-03-10,KTOS,88.96,3299800
2026-03-11,KTOS,88.92,1946900
2026-03-12,KTOS,89.46,3941100
2026-03-13,KTOS,87.53,2754000
2026-03-16,KTOS,89.53,2424500
2026-03-17,KTOS,95.31,3273700
2026-03-18,KTOS,93.04,2846900
2026-03-19,KTOS,92.78,2404900
2026-03-20,KTOS,84.62,6896800
2026-03-23,KTOS,83.69,3198200
2026-03-24,KTOS,77.49,4535600
2026-03-25,KTOS,79.98,3950000
2026-03-26,KTOS,75.86,3024100
2026-03-27,KTOS,71.94,3186000
2026-03-30,KTOS,65.28,5501500
2026-03-31,KTOS,70.51,6105300
2026-04-01,KTOS,67.7,4421500
2026-04-02,KTOS,67.31,4392500
2026-04-06,KTOS,74.09,4140200
2026-04-07,KTOS,71.96,2886000
2026-04-08,KTOS,74.46,3692400
2026-04-09,KTOS,68.33,3788400
2026-04-10,KTOS,70.34,2887200
2026-04-13,KTOS,73.55,2564100
2026-04-14,KTOS,73.66,2586300
2026-04-15,KTOS,74.66,3502100
2026-04-16,KTOS,74.41,2421100
2026-04-17,KTOS,70.99,7158400
2026-04-20,KTOS,69.83,4159000
2026-04-21,KTOS,68.55,4180600
2026-04-22,KTOS,68.61,3093400
2026-04-23,KTOS,65.52,3904600
2026-04-24,KTOS,61.26,5132900
2026-04-27,KTOS,63.16,3978500
2026-04-28,KTOS,61.66,3274700
2026-04-29,KTOS,59.56,3073900
2026-04-30,KTOS,63.05,3154800
2026-05-01,KTOS,62.05,2579800
2026-05-04,KTOS,61.93,3116200
2026-05-05,KTOS,59.31,4267900
2026-05-06,KTOS,61.52,4402500
2026-05-07,KTOS,57.0,5909400
2026-05-08,KTOS,57.89,4323600
2026-05-11,KTOS,56.99,6062800
2026-05-12,KTOS,57.33,5082500
2026-02-02,LCTX,1.54,1206600
2026-02-03,LCTX,1.76,2294100
2026-02-04,LCTX,1.74,1117900
2026-02-05,LCTX,1.68,1277000
2026-02-06,LCTX,1.7,1080400
2026-02-09,LCTX,1.67,858500
2026-02-10,LCTX,1.84,2711800
2026-02-11,LCTX,1.8,1358100
2026-02-12,LCTX,1.7,1330000
2026-02-13,LCTX,1.66,790200
2026-02-17,LCTX,1.68,1195900
2026-02-18,LCTX,1.72,512100
2026-02-19,LCTX,1.78,734300
2026-02-20,LCTX,1.81,1033800
2026-02-23,LCTX,1.77,997900
2026-02-24,LCTX,1.82,617600
2026-02-25,LCTX,1.9,1219200
2026-02-26,LCTX,1.96,1572400
2026-02-27,LCTX,1.92,774600
2026-03-02,LCTX,1.95,1209100
2026-03-03,LCTX,1.89,891000
2026-03-04,LCTX,1.95,1219900
2026-03-05,LCTX,1.84,1508100
2026-03-06,LCTX,1.85,1692000
2026-03-09,LCTX,1.77,1292801
2026-03-10,LCTX,1.81,1357877
2026-03-11,LCTX,1.68,1573500
2026-03-12,LCTX,1.58,1701300
2026-03-13,LCTX,1.61,1398800
2026-03-16,LCTX,1.6,1442500
2026-03-17,LCTX,1.58,735800
2026-03-18,LCTX,1.5,937000
2026-03-19,LCTX,1.55,1160400
2026-03-20,LCTX,1.45,1447900
2026-03-23,LCTX,1.47,1695800
2026-03-24,LCTX,1.48,1018800
2026-03-25,LCTX,1.55,1614300
2026-03-26,LCTX,1.53,704000
2026-03-27,LCTX,1.49,1006600
2026-03-30,LCTX,1.47,900800
2026-03-31,LCTX,1.58,1022300
2026-04-01,LCTX,1.59,800000
2026-04-02,LCTX,1.57,581600
2026-04-06,LCTX,1.54,1253300
2026-04-07,LCTX,1.52,1039500
2026-04-08,LCTX,1.54,1209600
2026-04-09,LCTX,1.49,1016400
2026-04-10,LCTX,1.48,850600
2026-04-13,LCTX,1.51,927600
2026-04-14,LCTX,1.59,763800
2026-04-15,LCTX,1.63,1803600
2026-04-16,LCTX,1.64,866200
2026-04-17,LCTX,1.71,1994000
2026-04-20,LCTX,1.65,876700
2026-04-21,LCTX,1.64,846100
2026-04-22,LCTX,1.63,434000
2026-04-23,LCTX,1.56,1052500
2026-04-24,LCTX,1.55,818500
2026-04-27,LCTX,1.55,642200
2026-04-28,LCTX,1.56,1307600
2026-04-29,LCTX,1.46,2285300
2026-04-30,LCTX,1.51,1829600
2026-05-01,LCTX,1.53,1362800
2026-05-04,LCTX,1.42,2768700
2026-05-05,LCTX,1.46,1175300
2026-05-06,LCTX,1.43,805800
2026-05-07,LCTX,1.37,1507200
2026-05-08,LCTX,1.37,1166500
2026-05-11,LCTX,1.31,1651000
2026-05-12,LCTX,1.33,1645986
2026-02-02,LIN,458.6195,2191500
2026-02-03,LIN,462.0181,2912200
2026-02-04,LIN,471.7454,3420300
2026-02-05,LIN,458.1511,3453400
2026-02-06,LIN,446.7394,3132800
2026-02-09,LIN,454.8123,3610600
2026-02-10,LIN,458.9684,2567800
2026-02-11,LIN,465.9449,2392600
2026-02-12,LIN,471.277,3757600
2026-02-13,LIN,479.3898,4412900
2026-02-17,LIN,480.6057,2249500
2026-02-18,LIN,483.6554,2451000
2026-02-19,LIN,488.4693,3072600
2026-02-20,LIN,494.8478,3202400
2026-02-23,LIN,496.5222,2159200
2026-02-24,LIN,502.3128,2761700
2026-02-25,LIN,506.5685,3483400
2026-02-26,LIN,496.8411,1945600
2026-02-27,LIN,506.3791,3239500
2026-03-02,LIN,507.6349,3071800
2026-03-03,LIN,500.0005,3815300
2026-03-04,LIN,497.5189,2907000
2026-03-05,LIN,488.4194,3784900
2026-03-06,LIN,483.1172,2195600
2026-03-09,LIN,482.001,2279531
2026-03-10,LIN,476.34,2505605
2026-03-11,LIN,481.55,2007400
2026-03-12,LIN,490.41,2908500
2026-03-13,LIN,493.92,2648800
2026-03-16,LIN,497.41,2217600
2026-03-17,LIN,494.05,2471000
2026-03-18,LIN,488.57,2200800
2026-03-19,LIN,489.8,2744500
2026-03-20,LIN,488.15,6334100
2026-03-23,LIN,478.05,2794300
2026-03-24,LIN,479.84,3181800
2026-03-25,LIN,492.34,2086000
2026-03-26,LIN,495.49,3051700
2026-03-27,LIN,491.12,2154100
2026-03-30,LIN,499.26,2458726
2026-03-31,LIN,495.76,2761449
2026-04-01,LIN,493.83,2472400
2026-04-02,LIN,502.6,2127700
2026-04-06,LIN,499.47,1488700
2026-04-07,LIN,494.59,1703800
2026-04-08,LIN,500.48,2544000
2026-04-09,LIN,503.3,1919000
2026-04-10,LIN,503.15,1153000
2026-04-13,LIN,508.87,2247600
2026-04-14,LIN,499.65,1956500
2026-04-15,LIN,497.94,1553000
2026-04-16,LIN,499.22,1630800
2026-04-17,LIN,492.23,3012400
2026-04-20,LIN,498.15,1717500
2026-04-21,LIN,494.84,1544400
2026-04-22,LIN,494.62,1554600
2026-04-23,LIN,508.06,1716400
2026-04-24,LIN,510.3,1486800
2026-04-27,LIN,510.75,1773700
2026-04-28,LIN,510.29,2743200
2026-04-29,LIN,504.71,1440000
2026-04-30,LIN,501.14,3036800
2026-05-01,LIN,507.92,2578300
2026-05-04,LIN,493.55,2406600
2026-05-05,LIN,500.29,1902800
2026-05-06,LIN,501.87,2289300
2026-05-07,LIN,493.85,1937600
2026-05-08,LIN,493.16,1686200
2026-05-11,LIN,504.4,1769200
2026-05-12,LIN,503.87,1371452
2026-02-02,LIT,70.12,532200
2026-02-03,LIT,71.95,567300
2026-02-04,LIT,70.79,581800
2026-02-05,LIT,68.04,529800
2026-02-06,LIT,71.09,786100
2026-02-09,LIT,72.29,403800
2026-02-10,LIT,71.91,339400
2026-02-11,LIT,73.75,463000
2026-02-12,LIT,71.75,465600
2026-02-13,LIT,72.7,246200
2026-02-17,LIT,72.47,219100
2026-02-18,LIT,73.84,270700
2026-02-19,LIT,73.13,172500
2026-02-20,LIT,73.12,151800
2026-02-23,LIT,73.78,198100
2026-02-24,LIT,75.59,643800
2026-02-25,LIT,77.09,455100
2026-02-26,LIT,75.77,334900
2026-02-27,LIT,75.4,225300
2026-03-02,LIT,75.22,398200
2026-03-03,LIT,70.35,997300
2026-03-04,LIT,71.14,312300
2026-03-05,LIT,69.14,314600
2026-03-06,LIT,68.97,233100
2026-03-09,LIT,71.43,449239
2026-03-10,LIT,72.02,203069
2026-03-11,LIT,72.99,162200
2026-03-12,LIT,71.15,124500
2026-03-13,LIT,70.4,270100
2026-03-16,LIT,71.62,208400
2026-03-17,LIT,71.64,146100
2026-03-18,LIT,69.45,223400
2026-03-19,LIT,68.74,386700
2026-03-20,LIT,66.98,232100
2026-03-23,LIT,69.89,280300
2026-03-24,LIT,70.74,209800
2026-03-25,LIT,72.02,131300
2026-03-26,LIT,70.36,178000
2026-03-27,LIT,71.91,240800
2026-03-30,LIT,72.51,388100
2026-03-31,LIT,74.35,223800
2026-04-01,LIT,74.44,293900
2026-04-02,LIT,74.17,176600
2026-04-06,LIT,73.12,160600
2026-04-07,LIT,73.74,130800
2026-04-08,LIT,76.71,274700
2026-04-09,LIT,76.74,262600
2026-04-10,LIT,77.9,337800
2026-04-13,LIT,80.02,706100
2026-04-14,LIT,80.55,362900
2026-04-15,LIT,79.64,1032700
2026-04-16,LIT,82.31,586500
2026-04-17,LIT,83.23,478600
2026-04-20,LIT,82.87,682100
2026-04-21,LIT,83.03,451800
2026-04-22,LIT,84.77,412000
2026-04-23,LIT,82.15,507900
2026-04-24,LIT,83.79,345900
2026-04-27,LIT,84.95,372700
2026-04-28,LIT,83.77,317400
2026-04-29,LIT,85.07,167600
2026-04-30,LIT,88.24,522200
2026-05-01,LIT,88.72,337400
2026-05-04,LIT,87.12,257200
2026-05-05,LIT,88.45,295400
2026-05-06,LIT,91.52,404800
2026-05-07,LIT,89.35,773700
2026-05-08,LIT,90.17,760100
2026-05-11,LIT,91.62,790300
2026-05-12,LIT,89.47,1181256
2026-02-02,LITE,423.42,5799100
2026-02-03,LITE,435.1,8109400
2026-02-04,LITE,465.54,12144900
2026-02-05,LITE,504.42,8673000
2026-02-06,LITE,551.99,6735500
2026-02-09,LITE,577.15,5903800
2026-02-10,LITE,561.13,4787700
2026-02-11,LITE,574.11,4011200
2026-02-12,LITE,583.46,4605700
2026-02-13,LITE,562.74,4973000
2026-02-17,LITE,600.42,5625000
2026-02-18,LITE,594.26,2995100
2026-02-19,LITE,635.64,4206200
2026-02-20,LITE,667.77,4289500
2026-02-23,LITE,674.73,4493000
2026-02-24,LITE,688.27,3573400
2026-02-25,LITE,723.39,4667700
2026-02-26,LITE,677.0,5468000
2026-02-27,LITE,700.91,8912200
2026-03-02,LITE,783.25,6888700
2026-03-03,LITE,694.43,7208700
2026-03-04,LITE,680.8,7905300
2026-03-05,LITE,650.82,6743800
2026-03-06,LITE,558.44,8754300
2026-03-09,LITE,640.69,7822700
2026-03-10,LITE,672.0,7129000
2026-03-11,LITE,672.0,4080600
2026-03-12,LITE,616.09,4922500
2026-03-13,LITE,622.5,3849700
2026-03-16,LITE,624.84,5036600
2026-03-17,LITE,649.56,9003700
2026-03-18,LITE,700.81,9636400
2026-03-19,LITE,772.13,7567000
2026-03-20,LITE,706.35,22868800
2026-03-23,LITE,728.95,7352900
2026-03-24,LITE,801.99,6993700
2026-03-25,LITE,777.17,4969400
2026-03-26,LITE,688.8,6305600
2026-03-27,LITE,702.73,5275100
2026-03-30,LITE,654.79,7436400
2026-03-31,LITE,702.76,6115900
2026-04-01,LITE,764.65,6911900
2026-04-02,LITE,826.88,7886200
2026-04-06,LITE,772.28,5809700
2026-04-07,LITE,815.75,5486600
2026-04-08,LITE,896.02,7025400
2026-04-09,LITE,894.13,7034600
2026-04-10,LITE,897.3,7136100
2026-04-13,LITE,871.18,6558600
2026-04-14,LITE,852.79,5461900
2026-04-15,LITE,824.01,5994400
2026-04-16,LITE,891.22,6115700
2026-04-17,LITE,894.07,4343900
2026-04-20,LITE,895.11,3337500
2026-04-21,LITE,836.92,5725500
2026-04-22,LITE,873.6,4635200
2026-04-23,LITE,846.89,3756400
2026-04-24,LITE,881.64,4205800
2026-04-27,LITE,859.68,5289700
2026-04-28,LITE,791.37,5547700
2026-04-29,LITE,858.32,6179900
2026-04-30,LITE,902.32,6148500
2026-05-01,LITE,949.93,4774700
2026-05-04,LITE,976.18,5445800
2026-05-05,LITE,994.56,6588100
2026-05-06,LITE,944.28,9902100
2026-05-07,LITE,892.58,7268200
2026-05-08,LITE,903.8,6727600
2026-05-11,LITE,1053.09,9550900
2026-05-12,LITE,992.37,7317985
2026-02-02,LLY,1042.3902,2757100
2026-02-03,LLY,1001.788,5483900
2026-02-04,LLY,1105.2753,7119400
2026-02-05,LLY,1019.139,7742400
2026-02-06,LLY,1056.4169,4887100
2026-02-09,LLY,1042.9293,3423800
2026-02-10,LLY,1023.2921,3539400
2026-02-11,LLY,1013.5184,2599900
2026-02-12,LLY,1036.54,3592200
2026-02-13,LLY,1040.0,2698728
2026-02-17,LLY,1036.05,2984593
2026-02-18,LLY,1020.56,3236905
2026-02-19,LLY,1023.22,2145764
2026-02-20,LLY,1009.52,3249409
2026-02-23,LLY,1058.56,4767602
2026-02-24,LLY,1042.15,2803100
2026-02-25,LLY,1028.83,2481897
2026-02-26,LLY,1022.02,2666432
2026-02-27,LLY,1051.99,4325931
2026-03-02,LLY,1017.97,3094287
2026-03-03,LLY,1007.73,2845962
2026-03-04,LLY,1003.57,1965539
2026-03-05,LLY,983.26,3774397
2026-03-06,LLY,990.33,2627805
2026-03-09,LLY,1008.39,2802169
2026-03-10,LLY,1001.35,1663668
2026-03-11,LLY,999.84,1448032
2026-03-12,LLY,977.25,2340074
2026-03-13,LLY,985.08,1984353
2026-03-16,LLY,989.12,2289888
2026-03-17,LLY,930.35,5637508
2026-03-18,LLY,918.05,3443808
2026-03-19,LLY,917.5,2378979
2026-03-20,LLY,906.7,4818789
2026-03-23,LLY,910.55,2817548
2026-03-24,LLY,903.02,2572679
2026-03-25,LLY,916.31,2177748
2026-03-26,LLY,897.0,2163159
2026-03-27,LLY,878.24,2740802
2026-03-30,LLY,886.63,3070200
2026-03-31,LLY,919.77,3464200
2026-04-01,LLY,954.52,6267900
2026-04-02,LLY,935.58,2727100
2026-04-06,LLY,927.06,1821100
2026-04-07,LLY,931.09,2726900
2026-04-08,LLY,953.3,2568000
2026-04-09,LLY,955.19,1672100
2026-04-10,LLY,939.47,1958900
2026-04-13,LLY,929.55,2089600
2026-04-14,LLY,922.5,2360200
2026-04-15,LLY,905.03,4233400
2026-04-16,LLY,903.99,2836600
2026-04-17,LLY,927.03,3266100
2026-04-20,LLY,919.9,1926300
2026-04-21,LLY,903.02,4062800
2026-04-22,LLY,921.48,2623800
2026-04-23,LLY,917.65,2149200
2026-04-24,LLY,883.96,4463700
2026-04-27,LLY,868.27,2700300
2026-04-28,LLY,874.0,2561300
2026-04-29,LLY,851.21,3904600
2026-04-30,LLY,934.6,8236700
2026-05-01,LLY,963.33,4352400
2026-05-04,LLY,967.93,3696900
2026-05-05,LLY,988.87,2955500
2026-05-06,LLY,987.05,3921200
2026-05-07,LLY,974.96,3494900
2026-05-08,LLY,948.45,3559200
2026-05-11,LLY,966.99,3517500
2026-05-12,LLY,989.87,2222904
2026-02-02,LMT,632.6658,1967800
2026-02-03,LMT,624.9663,2300700
2026-02-04,LMT,599.6,2654800
2026-02-05,LMT,605.9864,1684400
2026-02-06,LMT,620.3109,1095800
2026-02-09,LMT,634.9437,1589800
2026-02-10,LMT,626.2595,1211600
2026-02-11,LMT,625.404,1024600
2026-02-12,LMT,634.0883,1745600
2026-02-13,LMT,649.1588,1490800
2026-02-17,LMT,646.1746,1169600
2026-02-18,LMT,646.4034,1350300
2026-02-19,LMT,663.0158,1370300
2026-02-20,LMT,654.8091,1447700
2026-02-23,LMT,657.1567,1196100
2026-02-24,LMT,660.9467,1361500
2026-02-25,LMT,644.1055,1664400
2026-02-26,LMT,638.2662,1269200
2026-02-27,LMT,654.63,2599900
2026-03-02,LMT,676.7,3246470
2026-03-03,LMT,667.82,2142139
2026-03-04,LMT,664.48,1650894
2026-03-05,LMT,655.0,1721536
2026-03-06,LMT,671.77,1895091
2026-03-09,LMT,664.15,2369743
2026-03-10,LMT,651.22,1653018
2026-03-11,LMT,649.47,1365219
2026-03-12,LMT,652.83,1411169
2026-03-13,LMT,646.0,1071344
2026-03-16,LMT,645.2,1180980
2026-03-17,LMT,636.33,1389066
2026-03-18,LMT,642.28,1026183
2026-03-19,LMT,637.51,1540841
2026-03-20,LMT,627.43,6511253
2026-03-23,LMT,616.25,1386641
2026-03-24,LMT,610.17,1078188
2026-03-25,LMT,624.2,1190275
2026-03-26,LMT,627.33,1262434
2026-03-27,LMT,615.84,1061125
2026-03-30,LMT,598.57,1849300
2026-03-31,LMT,604.39,1327800
2026-04-01,LMT,617.64,1118100
2026-04-02,LMT,622.79,1116800
2026-04-06,LMT,637.9,1128800
2026-04-07,LMT,627.7,732100
2026-04-08,LMT,628.5,1283400
2026-04-09,LMT,623.87,911100
2026-04-10,LMT,613.72,874000
2026-04-13,LMT,619.69,678700
2026-04-14,LMT,611.58,905700
2026-04-15,LMT,611.1,879300
2026-04-16,LMT,607.49,853500
2026-04-17,LMT,592.19,1701600
2026-04-20,LMT,581.28,1722000
2026-04-21,LMT,571.95,1603500
2026-04-22,LMT,555.43,2289000
2026-04-23,LMT,529.79,3212500
2026-04-24,LMT,513.45,3089200
2026-04-27,LMT,513.35,2111400
2026-04-28,LMT,512.29,1456100
2026-04-29,LMT,509.81,1619200
2026-04-30,LMT,517.97,1588400
2026-05-01,LMT,512.77,1403300
2026-05-04,LMT,518.15,1370900
2026-05-05,LMT,508.93,1365200
2026-05-06,LMT,514.26,1590400
2026-05-07,LMT,512.41,2056300
2026-05-08,LMT,506.51,1293800
2026-05-11,LMT,512.25,1363600
2026-05-12,LMT,521.0,1162057
2026-02-02,LOUP,77.6,8800
2026-02-03,LOUP,76.66,20600
2026-02-04,LOUP,72.9,19900
2026-02-05,LOUP,71.31,17300
2026-02-06,LOUP,74.16,16100
2026-02-09,LOUP,76.74,10400
2026-02-10,LOUP,76.85,7700
2026-02-11,LOUP,76.544,7000
2026-02-12,LOUP,73.85,9600
2026-02-13,LOUP,74.64,13400
2026-02-17,LOUP,74.7007,9414
2026-02-18,LOUP,76.67,8500
2026-02-19,LOUP,76.94,6600
2026-02-20,LOUP,76.724,22900
2026-02-23,LOUP,74.2993,13985
2026-02-24,LOUP,75.93,6741
2026-02-25,LOUP,76.99,7600
2026-02-26,LOUP,76.16,9700
2026-02-27,LOUP,74.84,9100
2026-03-02,LOUP,74.97,8535
2026-03-03,LOUP,73.52,11913
2026-03-04,LOUP,75.06,11700
2026-03-05,LOUP,74.371,21200
2026-03-06,LOUP,72.9,11100
2026-03-09,LOUP,74.31,9913
2026-03-10,LOUP,73.527,8178
2026-03-11,LOUP,73.67,3500
2026-03-12,LOUP,71.82,8400
2026-03-13,LOUP,71.348,6200
2026-03-16,LOUP,72.5885,7418
2026-03-17,LOUP,73.17,6894
2026-03-18,LOUP,72.36,7100
2026-03-19,LOUP,72.36,13800
2026-03-20,LOUP,69.76,8700
2026-03-23,LOUP,72.048,12300
2026-03-24,LOUP,71.21,4800
2026-03-25,LOUP,72.1,17600
2026-03-26,LOUP,69.39,12900
2026-03-27,LOUP,67.317,36100
2026-03-30,LOUP,65.323,34300
2026-03-31,LOUP,68.845,16800
2026-04-01,LOUP,69.948,13700
2026-04-02,LOUP,70.12,11700
2026-04-06,LOUP,70.0081,21382
2026-04-07,LOUP,69.9561,9233
2026-04-08,LOUP,73.015,12000
2026-04-09,LOUP,71.99,60800
2026-04-10,LOUP,73.121,5100
2026-04-13,LOUP,75.6491,7831
2026-04-14,LOUP,78.07,15924
2026-04-15,LOUP,79.523,13500
2026-04-16,LOUP,79.256,49600
2026-04-17,LOUP,80.39,13500
2026-04-20,LOUP,81.68,7100
2026-04-21,LOUP,81.219,8900
2026-04-22,LOUP,83.028,7900
2026-04-23,LOUP,81.214,17100
2026-04-24,LOUP,82.788,9900
2026-04-27,LOUP,81.912,8900
2026-04-28,LOUP,79.0,10800
2026-04-29,LOUP,78.608,10500
2026-04-30,LOUP,80.392,17900
2026-05-01,LOUP,82.56,23300
2026-05-04,LOUP,82.62,18702
2026-05-05,LOUP,85.55,18326
2026-05-06,LOUP,87.74,24500
2026-05-07,LOUP,87.51,31600
2026-05-08,LOUP,87.01,38200
2026-05-11,LOUP,88.184,14700
2026-05-12,LOUP,86.5853,28808
2026-02-02,LRCX,237.2158,13299300
2026-02-03,LRCX,229.8246,13500400
2026-02-04,LRCX,209.529,19608000
2026-02-05,LRCX,213.0547,10928900
2026-02-06,LRCX,230.7336,13848800
2026-02-09,LRCX,229.0056,9976700
2026-02-10,LRCX,226.3388,7909500
2026-02-11,LRCX,234.8386,9555800
2026-02-12,LRCX,231.0132,10662100
2026-02-13,LRCX,235.2481,9905400
2026-02-17,LRCX,235.2981,7368500
2026-02-18,LRCX,239.8027,10095400
2026-02-19,LRCX,237.1059,6384200
2026-02-20,LRCX,244.6269,8601200
2026-02-23,LRCX,241.9801,9488000
2026-02-24,LRCX,243.9577,9087100
2026-02-25,LRCX,249.1815,9835400
2026-02-26,LRCX,238.7839,10700300
2026-02-27,LRCX,233.6101,12988900
2026-03-02,LRCX,230.7236,10294000
2026-03-03,LRCX,217.01,12442300
2026-03-04,LRCX,222.99,8614400
2026-03-05,LRCX,214.68,10241000
2026-03-06,LRCX,199.33,13597800
2026-03-09,LRCX,211.15,13421040
2026-03-10,LRCX,215.23,10699720
2026-03-11,LRCX,218.87,7160500
2026-03-12,LRCX,209.49,9932900
2026-03-13,LRCX,212.2,8906500
2026-03-16,LRCX,219.4,9533100
2026-03-17,LRCX,226.47,10043700
2026-03-18,LRCX,224.71,12478800
2026-03-19,LRCX,233.99,10101900
2026-03-20,LRCX,228.36,26176400
2026-03-23,LRCX,233.31,9506200
2026-03-24,LRCX,238.84,7388000
2026-03-25,LRCX,233.45,8330600
2026-03-26,LRCX,211.62,13460500
2026-03-27,LRCX,211.41,8503300
2026-03-30,LRCX,199.93,11921000
2026-03-31,LRCX,213.66,11725000
2026-04-01,LRCX,222.01,10697600
2026-04-02,LRCX,218.44,6805400
2026-04-06,LRCX,220.65,4031200
2026-04-07,LRCX,224.35,6818400
2026-04-08,LRCX,246.49,11023000
2026-04-09,LRCX,258.76,9757800
2026-04-10,LRCX,263.66,9124700
2026-04-13,LRCX,267.32,8773600
2026-04-14,LRCX,272.41,8500600
2026-04-15,LRCX,265.16,11324200
2026-04-16,LRCX,260.96,7829400
2026-04-17,LRCX,267.6,8465400
2026-04-20,LRCX,263.16,5989900
2026-04-21,LRCX,258.37,7830300
2026-04-22,LRCX,265.55,9803300
2026-04-23,LRCX,258.56,12269100
2026-04-24,LRCX,267.78,12313200
2026-04-27,LRCX,259.47,8095400
2026-04-28,LRCX,251.23,11499500
2026-04-29,LRCX,248.75,9585300
2026-04-30,LRCX,257.86,10381100
2026-05-01,LRCX,256.72,8094500
2026-05-04,LRCX,258.57,6497400
2026-05-05,LRCX,275.8,11884000
2026-05-06,LRCX,297.17,14788600
2026-05-07,LRCX,286.52,9704500
2026-05-08,LRCX,294.05,8996700
2026-05-11,LRCX,296.05,9150000
2026-05-12,LRCX,289.24,8510465
2026-02-02,LRNZ,45.6232,2030
2026-02-03,LRNZ,43.331,5910
2026-02-04,LRNZ,42.243,5700
2026-02-05,LRNZ,40.212,5400
2026-02-06,LRNZ,42.041,7200
2026-02-09,LRNZ,43.192,3300
2026-02-10,LRNZ,43.694,8300
2026-02-11,LRNZ,43.552,3300
2026-02-12,LRNZ,42.505,3800
2026-02-13,LRNZ,42.984,4100
2026-02-17,LRNZ,42.654,3300
2026-02-18,LRNZ,42.765,3200
2026-02-19,LRNZ,42.737,4300
2026-02-20,LRNZ,41.758,4900
2026-02-23,LRNZ,39.89,2256
2026-02-24,LRNZ,40.6155,2680
2026-02-25,LRNZ,41.41,13100
2026-02-26,LRNZ,41.7,4000
2026-02-27,LRNZ,40.817,6100
2026-03-02,LRNZ,41.224,4000
2026-03-03,LRNZ,40.37,3600
2026-03-04,LRNZ,41.053,400
2026-03-05,LRNZ,41.42,3500
2026-03-06,LRNZ,41.385,2400
2026-03-09,LRNZ,42.1073,2209
2026-03-10,LRNZ,42.1076,2921
2026-03-11,LRNZ,42.408,2900
2026-03-12,LRNZ,41.593,1300
2026-03-13,LRNZ,41.38,1500
2026-03-16,LRNZ,41.727,1400
2026-03-17,LRNZ,42.109,2000
2026-03-18,LRNZ,42.296,4200
2026-03-19,LRNZ,42.196,1900
2026-03-20,LRNZ,40.828,2600
2026-03-23,LRNZ,41.6745,6470
2026-03-24,LRNZ,40.5042,3316
2026-03-25,LRNZ,41.078,4100
2026-03-26,LRNZ,40.09,3300
2026-03-27,LRNZ,38.587,4100
2026-03-30,LRNZ,38.179,5300
2026-03-31,LRNZ,40.019,400
2026-04-01,LRNZ,40.566,2900
2026-04-02,LRNZ,41.069,2100
2026-04-06,LRNZ,40.92,1784
2026-04-07,LRNZ,41.52,2517
2026-04-08,LRNZ,42.09,2700
2026-04-09,LRNZ,40.666,3500
2026-04-10,LRNZ,39.422,23600
2026-04-13,LRNZ,40.8577,2510
2026-04-14,LRNZ,41.2329,6487
2026-04-15,LRNZ,42.333,2300
2026-04-16,LRNZ,42.938,9800
2026-04-17,LRNZ,43.791,4300
2026-04-20,LRNZ,44.113,4800
2026-04-21,LRNZ,44.47,5800
2026-04-22,LRNZ,45.695,4000
2026-04-23,LRNZ,44.785,1300
2026-04-24,LRNZ,45.794,1900
2026-04-27,LRNZ,46.036,1600
2026-04-28,LRNZ,45.007,800
2026-04-29,LRNZ,45.02,800
2026-04-30,LRNZ,45.322,2000
2026-05-01,LRNZ,46.375,2200
2026-05-04,LRNZ,46.6283,2926
2026-05-05,LRNZ,47.5419,2518
2026-05-06,LRNZ,49.057,4000
2026-05-07,LRNZ,50.232,4900
2026-05-08,LRNZ,49.57,6800
2026-05-11,LRNZ,50.226,2500
2026-05-12,LRNZ,49.8761,1193
2026-02-02,LSCC,82.91,1306739
2026-02-03,LSCC,81.44,1720545
2026-02-04,LSCC,81.79,2485464
2026-02-05,LSCC,81.39,2046267
2026-02-06,LSCC,86.41,1701345
2026-02-09,LSCC,87.54,2649570
2026-02-10,LSCC,90.95,3881499
2026-02-11,LSCC,105.77,6115489
2026-02-12,LSCC,99.795,3675212
2026-02-13,LSCC,97.63,2182917
2026-02-17,LSCC,97.5,2917200
2026-02-18,LSCC,97.23,1826700
2026-02-19,LSCC,95.1,1594700
2026-02-20,LSCC,97.76,1972100
2026-02-23,LSCC,97.66,1549600
2026-02-24,LSCC,98.36,1389600
2026-02-25,LSCC,101.07,1259100
2026-02-26,LSCC,97.25,1625100
2026-02-27,LSCC,95.62,2212300
2026-03-02,LSCC,100.72,1987100
2026-03-03,LSCC,93.48,2111600
2026-03-04,LSCC,91.63,2357600
2026-03-05,LSCC,91.11,1644100
2026-03-06,LSCC,85.49,1570600
2026-03-09,LSCC,90.63,2010440
2026-03-10,LSCC,91.69,1943882
2026-03-11,LSCC,90.8,1783700
2026-03-12,LSCC,86.4,1854700
2026-03-13,LSCC,85.77,1803500
2026-03-16,LSCC,89.92,1574000
2026-03-17,LSCC,92.16,1450100
2026-03-18,LSCC,94.16,1804200
2026-03-19,LSCC,94.92,1233400
2026-03-20,LSCC,88.62,3267100
2026-03-23,LSCC,92.31,1495700
2026-03-24,LSCC,98.47,1520300
2026-03-25,LSCC,100.72,1578000
2026-03-26,LSCC,94.92,1249800
2026-03-27,LSCC,90.39,1936500
2026-03-30,LSCC,85.32,1676600
2026-03-31,LSCC,92.76,1733400
2026-04-01,LSCC,95.54,1277600
2026-04-02,LSCC,95.02,1240300
2026-04-06,LSCC,97.24,1463500
2026-04-07,LSCC,96.84,1058100
2026-04-08,LSCC,106.56,2424800
2026-04-09,LSCC,106.29,1064400
2026-04-10,LSCC,106.1,784200
2026-04-13,LSCC,107.76,1067900
2026-04-14,LSCC,110.81,1295400
2026-04-15,LSCC,108.4,1109900
2026-04-16,LSCC,111.88,1339100
2026-04-17,LSCC,117.06,2379900
2026-04-20,LSCC,118.83,1403400
2026-04-21,LSCC,117.05,1413000
2026-04-22,LSCC,115.59,1725500
2026-04-23,LSCC,118.01,2343900
2026-04-24,LSCC,122.8,3329100
2026-04-27,LSCC,119.23,2883200
2026-04-28,LSCC,113.91,3003000
2026-04-29,LSCC,115.67,2378900
2026-04-30,LSCC,122.28,2818800
2026-05-01,LSCC,120.96,1939200
2026-05-04,LSCC,125.57,4023200
2026-05-05,LSCC,122.27,4499000
2026-05-06,LSCC,125.19,3131100
2026-05-07,LSCC,119.92,3173900
2026-05-08,LSCC,127.19,2790600
2026-05-11,LSCC,128.96,2335700
2026-05-12,LSCC,125.43,2818742
2026-02-02,LUNR,17.84,7493300
2026-02-03,LUNR,19.61,7779300
2026-02-04,LUNR,16.61,11809800
2026-02-05,LUNR,14.79,11187700
2026-02-06,LUNR,17.52,9893000
2026-02-09,LUNR,19.45,13416800
2026-02-10,LUNR,18.62,7107700
2026-02-11,LUNR,17.04,8819700
2026-02-12,LUNR,15.72,8119600
2026-02-13,LUNR,16.13,5951000
2026-02-17,LUNR,16.62,6133500
2026-02-18,LUNR,17.74,8742800
2026-02-19,LUNR,18.19,6621100
2026-02-20,LUNR,17.55,7211100
2026-02-23,LUNR,18.14,8219600
2026-02-24,LUNR,18.9,7967500
2026-02-25,LUNR,15.89,26139200
2026-02-26,LUNR,17.67,14721500
2026-02-27,LUNR,16.48,9727500
2026-03-02,LUNR,17.99,10087600
2026-03-03,LUNR,18.2,11864900
2026-03-04,LUNR,18.62,7194200
2026-03-05,LUNR,17.67,8081800
2026-03-06,LUNR,17.63,11537500
2026-03-09,LUNR,18.08,9304000
2026-03-10,LUNR,17.68,8874900
2026-03-11,LUNR,18.45,14339700
2026-03-12,LUNR,17.64,7715500
2026-03-13,LUNR,17.6,8473700
2026-03-16,LUNR,17.69,7634100
2026-03-17,LUNR,18.9,9569300
2026-03-18,LUNR,18.11,6696800
2026-03-19,LUNR,18.91,13165100
2026-03-20,LUNR,17.83,18066000
2026-03-23,LUNR,20.31,19040600
2026-03-24,LUNR,17.92,27269500
2026-03-25,LUNR,20.55,22315900
2026-03-26,LUNR,19.23,11040700
2026-03-27,LUNR,17.52,11719600
2026-03-30,LUNR,16.35,13154800
2026-03-31,LUNR,18.56,13007800
2026-04-01,LUNR,20.24,18135300
2026-04-02,LUNR,23.99,40685100
2026-04-06,LUNR,22.92,18411600
2026-04-07,LUNR,22.73,12793500
2026-04-08,LUNR,23.39,17999600
2026-04-09,LUNR,21.97,16746800
2026-04-10,LUNR,23.57,15245600
2026-04-13,LUNR,24.41,20907100
2026-04-14,LUNR,23.67,21870200
2026-04-15,LUNR,23.88,13718800
2026-04-16,LUNR,27.28,18916900
2026-04-17,LUNR,27.58,14602800
2026-04-20,LUNR,27.52,16444500
2026-04-21,LUNR,27.82,14443100
2026-04-22,LUNR,29.94,14104300
2026-04-23,LUNR,27.56,12695700
2026-04-24,LUNR,25.53,12489900
2026-04-27,LUNR,26.2,9448100
2026-04-28,LUNR,24.58,8497800
2026-04-29,LUNR,24.79,8754200
2026-04-30,LUNR,25.35,8940300
2026-05-01,LUNR,25.62,7301800
2026-05-04,LUNR,25.35,8526600
2026-05-05,LUNR,24.8,14021300
2026-05-06,LUNR,26.33,8665200
2026-05-07,LUNR,24.11,10511700
2026-05-08,LUNR,28.97,16468500
2026-05-11,LUNR,32.42,15988900
2026-05-12,LUNR,32.09,10656986
2026-02-02,LUXE,7.93,153900
2026-02-03,LUXE,7.57,497200
2026-02-04,LUXE,7.54,258300
2026-02-05,LUXE,7.35,408700
2026-02-06,LUXE,7.43,314700
2026-02-09,LUXE,7.73,487300
2026-02-10,LUXE,9.36,1253800
2026-02-11,LUXE,9.95,1140700
2026-02-12,LUXE,10.08,1108000
2026-02-13,LUXE,10.51,417500
2026-02-17,LUXE,10.27,475500
2026-02-18,LUXE,9.89,690600
2026-02-19,LUXE,9.77,310900
2026-02-20,LUXE,9.72,323000
2026-02-23,LUXE,9.5,342800
2026-02-24,LUXE,9.87,405600
2026-02-25,LUXE,9.63,280800
2026-02-26,LUXE,9.61,183900
2026-02-27,LUXE,9.67,408600
2026-03-02,LUXE,9.68,313400
2026-03-03,LUXE,9.27,216300
2026-03-04,LUXE,9.42,213200
2026-03-05,LUXE,9.38,178100
2026-03-06,LUXE,8.99,194600
2026-03-09,LUXE,8.75,284677
2026-03-10,LUXE,8.81,178954
2026-03-11,LUXE,8.71,258800
2026-03-12,LUXE,8.31,222900
2026-03-13,LUXE,8.08,204000
2026-03-16,LUXE,8.29,198900
2026-03-17,LUXE,8.38,292900
2026-03-18,LUXE,8.2,139200
2026-03-19,LUXE,8.05,374800
2026-03-20,LUXE,7.64,216600
2026-03-23,LUXE,7.94,137700
2026-03-24,LUXE,7.93,229500
2026-03-25,LUXE,8.4,192900
2026-03-26,LUXE,8.13,118000
2026-03-27,LUXE,7.83,156400
2026-03-30,LUXE,7.85,129649
2026-03-31,LUXE,8.0,550205
2026-04-01,LUXE,7.76,111200
2026-04-02,LUXE,7.79,139200
2026-04-06,LUXE,8.05,148900
2026-04-07,LUXE,7.82,222100
2026-04-08,LUXE,8.56,343800
2026-04-09,LUXE,8.48,109900
2026-04-10,LUXE,8.76,106300
2026-04-13,LUXE,9.04,135300
2026-04-14,LUXE,8.51,329300
2026-04-15,LUXE,8.9,99400
2026-04-16,LUXE,8.69,166500
2026-04-17,LUXE,8.89,426500
2026-04-20,LUXE,9.12,275200
2026-04-21,LUXE,8.91,169600
2026-04-22,LUXE,9.13,143800
2026-04-23,LUXE,9.03,106100
2026-04-24,LUXE,8.87,121800
2026-04-27,LUXE,8.81,181200
2026-04-28,LUXE,8.97,87400
2026-04-29,LUXE,8.83,113900
2026-04-30,LUXE,9.0,151800
2026-05-01,LUXE,9.0,126700
2026-05-04,LUXE,8.89,144200
2026-05-05,LUXE,9.12,171600
2026-05-06,LUXE,9.1,262000
2026-05-07,LUXE,8.69,132100
2026-05-08,LUXE,8.47,212100
2026-05-11,LUXE,8.36,198300
2026-05-12,LUXE,8.14,199900
2026-02-02,LZAGY,67.6013,43743
2026-02-03,LZAGY,67.1643,38849
2026-02-04,LZAGY,67.5304,56189
2026-02-05,LZAGY,66.5207,50903
2026-02-06,LZAGY,66.5636,38502
2026-02-09,LZAGY,67.1633,160268
2026-02-10,LZAGY,67.3638,50287
2026-02-11,LZAGY,65.4571,215292
2026-02-12,LZAGY,64.7188,193125
2026-02-13,LZAGY,67.4965,1450985
2026-02-17,LZAGY,69.1338,141894
2026-02-18,LZAGY,68.9393,58205
2026-02-19,LZAGY,69.2306,63175
2026-02-20,LZAGY,69.0879,43231
2026-02-23,LZAGY,67.0964,72954
2026-02-24,LZAGY,67.4526,154629
2026-02-25,LZAGY,67.9395,83923
2026-02-26,LZAGY,68.601,63983
2026-02-27,LZAGY,69.5648,69462
2026-03-02,LZAGY,67.7819,42098
2026-03-03,LZAGY,65.8762,45529
2026-03-04,LZAGY,67.2281,57702
2026-03-05,LZAGY,65.6696,50480
2026-03-06,LZAGY,64.5202,57504
2026-03-09,LZAGY,63.8947,127250
2026-03-10,LZAGY,63.8917,74661
2026-03-11,LZAGY,62.5836,56801
2026-03-12,LZAGY,61.6238,141635
2026-03-13,LZAGY,60.7607,112500
2026-03-16,LZAGY,61.0022,125065
2026-03-17,LZAGY,62.0039,81521
2026-03-18,LZAGY,60.8695,71881
2026-03-19,LZAGY,59.5844,69994
2026-03-20,LZAGY,59.0217,104968
2026-03-23,LZAGY,59.1963,122955
2026-03-24,LZAGY,60.0952,122381
2026-03-25,LZAGY,61.1977,85956
2026-03-26,LZAGY,62.1366,90280
2026-03-27,LZAGY,61.5669,49489
2026-03-30,LZAGY,62.1636,76403
2026-03-31,LZAGY,62.6794,63905
2026-04-01,LZAGY,64.6958,56139
2026-04-02,LZAGY,63.9645,57391
2026-04-06,LZAGY,64.0453,53392
2026-04-07,LZAGY,62.7253,86213
2026-04-08,LZAGY,64.3526,69122
2026-04-09,LZAGY,63.8867,61657
2026-04-10,LZAGY,65.1129,41985
2026-04-13,LZAGY,65.495,94245
2026-04-14,LZAGY,67.6811,35830
2026-04-15,LZAGY,68.1421,32766
2026-04-16,LZAGY,67.6621,45209
2026-04-17,LZAGY,69.6127,50986
2026-04-20,LZAGY,67.3967,48809
2026-04-21,LZAGY,65.3823,61544
2026-04-22,LZAGY,64.7497,61801
2026-04-23,LZAGY,63.5454,54968
2026-04-24,LZAGY,60.8904,39336
2026-04-27,LZAGY,62.1576,89425
2026-04-28,LZAGY,60.9593,70212
2026-04-29,LZAGY,59.8837,74262
2026-04-30,LZAGY,61.1369,91694
2026-05-01,LZAGY,61.3763,30662
2026-05-04,LZAGY,61.098,98092
2026-05-05,LZAGY,62.5607,69874
2026-05-06,LZAGY,63.2162,131731
2026-05-07,LZAGY,62.4609,69786
2026-05-08,LZAGY,61.9939,95612
2026-05-11,LZAGY,61.8483,76933
2026-05-12,LZAGY,61.97,72500
2026-02-02,LZM,5.29,144915
2026-02-03,LZM,5.32,337708
2026-02-04,LZM,5.07,282384
2026-02-05,LZM,4.73,239743
2026-02-06,LZM,4.85,118092
2026-02-09,LZM,5.03,269238
2026-02-10,LZM,4.79,158846
2026-02-11,LZM,4.84,326802
2026-02-12,LZM,4.53,270021
2026-02-13,LZM,4.39,192159
2026-02-17,LZM,4.33,180270
2026-02-18,LZM,4.35,267426
2026-02-19,LZM,4.28,83531
2026-02-20,LZM,4.19,174835
2026-02-23,LZM,4.19,216618
2026-02-24,LZM,4.22,267042
2026-02-25,LZM,4.2,228035
2026-02-26,LZM,4.51,182141
2026-02-27,LZM,4.65,162775
2026-03-02,LZM,4.75,134168
2026-03-03,LZM,4.36,326289
2026-03-04,LZM,4.43,105657
2026-03-05,LZM,4.6,287755
2026-03-06,LZM,4.35,188950
2026-03-09,LZM,4.23,238511
2026-03-10,LZM,4.47,334943
2026-03-11,LZM,4.45,201045
2026-03-12,LZM,4.39,150180
2026-03-13,LZM,4.28,186431
2026-03-16,LZM,4.23,246353
2026-03-17,LZM,4.08,165126
2026-03-18,LZM,3.89,272006
2026-03-19,LZM,3.59,374169
2026-03-20,LZM,3.27,751696
2026-03-23,LZM,3.25,368114
2026-03-24,LZM,3.2,345096
2026-03-25,LZM,3.24,311638
2026-03-26,LZM,3.42,409598
2026-03-27,LZM,3.19,272587
2026-03-30,LZM,3.2,672100
2026-03-31,LZM,3.36,567000
2026-04-01,LZM,3.56,232300
2026-04-02,LZM,3.69,302500
2026-04-06,LZM,3.82,500500
2026-04-07,LZM,3.78,198600
2026-04-08,LZM,4.06,266400
2026-04-09,LZM,4.0,262400
2026-04-10,LZM,3.81,206700
2026-04-13,LZM,3.66,418900
2026-04-14,LZM,3.81,436600
2026-04-15,LZM,3.89,417100
2026-04-16,LZM,3.89,975900
2026-04-17,LZM,5.18,3808500
2026-04-20,LZM,5.45,2612019
2026-04-21,LZM,5.48,977427
2026-04-22,LZM,4.82,2196500
2026-04-23,LZM,4.64,2158900
2026-04-24,LZM,5.05,1182900
2026-04-27,LZM,4.94,733900
2026-04-28,LZM,4.76,458200
2026-04-29,LZM,4.84,453000
2026-04-30,LZM,5.48,1106000
2026-05-01,LZM,5.67,571800
2026-05-04,LZM,5.45,454000
2026-05-05,LZM,5.51,612300
2026-05-06,LZM,5.57,647200
2026-05-07,LZM,5.63,865100
2026-05-08,LZM,5.96,682400
2026-05-11,LZM,5.87,660800
2026-05-12,LZM,5.9,589459
2026-03-05,MARS,24.78,72629
2026-03-06,MARS,24.35,93400
2026-03-09,MARS,25.0077,79848
2026-03-10,MARS,25.0088,65522
2026-03-11,MARS,25.27,29900
2026-03-12,MARS,24.8,53200
2026-03-13,MARS,24.8,18300
2026-03-16,MARS,25.51,21700
2026-03-17,MARS,26.38,37500
2026-03-18,MARS,25.39,46200
2026-03-19,MARS,25.91,18700
2026-03-20,MARS,25.64,41600
2026-03-23,MARS,26.3,46812
2026-03-24,MARS,25.75,47586
2026-03-25,MARS,27.8,173200
2026-03-26,MARS,26.13,88300
2026-03-27,MARS,25.08,43000
2026-03-30,MARS,23.92,69100
2026-03-31,MARS,25.59,80000
2026-04-01,MARS,26.61,68100
2026-04-02,MARS,28.94,92600
2026-04-06,MARS,28.91,95000
2026-04-07,MARS,28.92,42800
2026-04-08,MARS,29.82,92100
2026-04-09,MARS,29.5,33100
2026-04-10,MARS,29.95,44800
2026-04-13,MARS,30.65,167500
2026-04-14,MARS,30.57,139000
2026-04-15,MARS,31.06,63600
2026-04-16,MARS,32.93,145800
2026-04-17,MARS,32.75,111700
2026-04-20,MARS,32.82,75000
2026-04-21,MARS,32.33,87700
2026-04-22,MARS,33.03,69900
2026-04-23,MARS,31.72,126100
2026-04-24,MARS,30.46,56200
2026-04-27,MARS,30.2,101100
2026-04-28,MARS,29.72,49100
2026-04-29,MARS,29.16,87500
2026-04-30,MARS,30.81,57000
2026-05-01,MARS,30.52,53000
2026-05-04,MARS,30.55,38600
2026-05-05,MARS,30.23,58200
2026-05-06,MARS,31.85,72400
2026-05-07,MARS,30.48,75200
2026-05-08,MARS,33.78,217600
2026-05-11,MARS,35.63,363800
2026-05-12,MARS,35.05,169472
2026-02-02,MEG,23.17,351849
2026-02-03,MEG,22.94,326347
2026-02-04,MEG,23.94,282984
2026-02-05,MEG,23.53,335237
2026-02-06,MEG,24.69,290519
2026-02-09,MEG,24.81,188067
2026-02-10,MEG,24.87,213787
2026-02-11,MEG,24.55,146378
2026-02-12,MEG,21.91,377169
2026-02-13,MEG,20.49,468485
2026-02-17,MEG,21.42,810911
2026-02-18,MEG,22.09,538898
2026-02-19,MEG,22.63,483603
2026-02-20,MEG,23.09,367557
2026-02-23,MEG,22.28,391989
2026-02-24,MEG,22.62,478953
2026-02-25,MEG,23.38,702872
2026-02-26,MEG,28.63,1192663
2026-02-27,MEG,29.22,697629
2026-03-02,MEG,28.59,485920
2026-03-03,MEG,28.38,494364
2026-03-04,MEG,27.26,259444
2026-03-05,MEG,27.0,271512
2026-03-06,MEG,27.0,524179
2026-03-09,MEG,27.19,540042
2026-03-10,MEG,26.86,473409
2026-03-11,MEG,26.65,223684
2026-03-12,MEG,25.87,539240
2026-03-13,MEG,24.91,399142
2026-03-16,MEG,23.55,257860
2026-03-17,MEG,22.88,476281
2026-03-18,MEG,22.14,345672
2026-03-19,MEG,22.38,282911
2026-03-20,MEG,22.01,338272
2026-03-23,MEG,22.58,333539
2026-03-24,MEG,22.48,270267
2026-03-25,MEG,22.79,308092
2026-03-26,MEG,22.38,256143
2026-03-27,MEG,21.12,235530
2026-03-30,MEG,21.0,221025
2026-03-31,MEG,21.89,275604
2026-04-01,MEG,22.37,335520
2026-04-02,MEG,22.79,220326
2026-04-06,MEG,22.84,179731
2026-04-07,MEG,22.51,123876
2026-04-08,MEG,22.55,236485
2026-04-09,MEG,22.56,172460
2026-04-10,MEG,21.73,234200
2026-04-13,MEG,21.48,311564
2026-04-14,MEG,21.66,160451
2026-04-15,MEG,21.16,330131
2026-04-16,MEG,20.88,399531
2026-04-17,MEG,21.63,644748
2026-04-20,MEG,21.34,271614
2026-04-21,MEG,20.57,268772
2026-04-22,MEG,20.79,312662
2026-04-23,MEG,20.9,264206
2026-04-24,MEG,21.15,664486
2026-04-27,MEG,21.04,238288
2026-04-28,MEG,20.88,191018
2026-04-29,MEG,20.36,183925
2026-04-30,MEG,21.05,255194
2026-05-01,MEG,22.14,415841
2026-02-02,MELI,2147.22,342198
2026-02-03,MELI,2099.9,502041
2026-02-04,MELI,2052.78,766896
2026-02-05,MELI,2034.76,519063
2026-02-06,MELI,1970.15,938144
2026-02-09,MELI,2035.59,546634
2026-02-10,MELI,2025.32,545650
2026-02-11,MELI,2018.18,471003
2026-02-12,MELI,2007.0,584395
2026-02-13,MELI,1988.26,425771
2026-02-17,MELI,1975.51,425711
2026-02-18,MELI,2009.05,328066
2026-02-19,MELI,1996.55,284678
2026-02-20,MELI,1996.87,361113
2026-02-23,MELI,1864.46,757872
2026-02-24,MELI,1922.56,900838
2026-02-25,MELI,1767.71,2381191
2026-02-26,MELI,1740.88,1089704
2026-02-27,MELI,1757.58,792929
2026-03-02,MELI,1777.0,818928
2026-03-03,MELI,1714.01,977641
2026-03-04,MELI,1769.03,520948
2026-03-05,MELI,1780.36,489818
2026-03-06,MELI,1787.86,440041
2026-03-09,MELI,1769.52,601173
2026-03-10,MELI,1742.09,442005
2026-03-11,MELI,1766.1,367969
2026-03-12,MELI,1680.0,1203895
2026-03-13,MELI,1670.0,678931
2026-03-16,MELI,1732.33,466005
2026-03-17,MELI,1728.14,362733
2026-03-18,MELI,1690.26,366872
2026-03-19,MELI,1666.93,427484
2026-03-20,MELI,1635.76,537380
2026-03-23,MELI,1666.08,460670
2026-03-24,MELI,1612.02,511063
2026-03-25,MELI,1639.47,403799
2026-03-26,MELI,1630.99,290137
2026-03-27,MELI,1599.52,546356
2026-03-30,MELI,1619.2,385822
2026-03-31,MELI,1729.02,800442
2026-04-01,MELI,1718.97,643621
2026-04-02,MELI,1715.52,290514
2026-04-06,MELI,1710.37,210667
2026-04-07,MELI,1742.3,351316
2026-04-08,MELI,1775.74,521108
2026-04-09,MELI,1793.205,322689
2026-04-10,MELI,1773.96,366930
2026-04-13,MELI,1831.93,465483
2026-04-14,MELI,1840.66,358273
2026-04-15,MELI,1872.12,470744
2026-04-16,MELI,1822.13,412601
2026-04-17,MELI,1855.83,360958
2026-04-20,MELI,1870.08,356896
2026-04-21,MELI,1854.18,260883
2026-04-22,MELI,1860.98,255561
2026-04-23,MELI,1809.2,304035
2026-04-24,MELI,1835.22,299236
2026-04-27,MELI,1839.28,365050
2026-04-28,MELI,1791.99,329141
2026-04-29,MELI,1767.02,450809
2026-04-30,MELI,1792.63,317745
2026-05-01,MELI,1850.05,375142
2026-05-04,MELI,1813.53,373030
2026-05-05,MELI,1817.31,329252
2026-05-06,MELI,1841.14,422294
2026-05-07,MELI,1870.01,814640
2026-05-08,MELI,1632.52,2333893
2026-05-11,MELI,1557.3,1864548
2026-05-12,MELI,1578.78,1162094
2026-02-02,META,705.8057,14365200
2026-02-03,META,691.1083,13760700
2026-02-04,META,668.4177,16882800
2026-02-05,META,669.6367,17131800
2026-02-06,META,660.8942,18159300
2026-02-09,META,676.6407,14837500
2026-02-10,META,670.1462,10455800
2026-02-11,META,668.118,14323800
2026-02-12,META,649.2541,14960100
2026-02-13,META,639.2227,12336400
2026-02-17,META,638.7431,12674700
2026-02-18,META,642.6698,14649200
2026-02-19,META,644.2284,10035700
2026-02-20,META,655.0991,14183500
2026-02-23,META,636.7049,8605900
2026-02-24,META,638.7531,10135600
2026-02-25,META,653.1308,11330700
2026-02-26,META,656.448,10637700
2026-02-27,META,647.6255,15703000
2026-03-02,META,653.0009,9816100
2026-03-03,META,654.5196,12263800
2026-03-04,META,667.1588,10810100
2026-03-05,META,660.0049,13341400
2026-03-06,META,644.3084,13159400
2026-03-09,META,646.8362,13489700
2026-03-10,META,653.5105,9859300
2026-03-11,META,654.2998,8977200
2026-03-12,META,637.6341,11617500
2026-03-13,META,613.185,18957600
2026-03-16,META,627.45,15134900
2026-03-17,META,622.66,10348800
2026-03-18,META,615.68,11726300
2026-03-19,META,606.7,13247700
2026-03-20,META,593.66,21214900
2026-03-23,META,604.06,13638000
2026-03-24,META,592.92,10739700
2026-03-25,META,594.89,12585000
2026-03-26,META,547.54,35780100
2026-03-27,META,525.72,30133000
2026-03-30,META,536.38,22795200
2026-03-31,META,572.13,32898300
2026-04-01,META,579.23,23608100
2026-04-02,META,574.46,13518500
2026-04-06,META,573.02,9515700
2026-04-07,META,575.05,9580800
2026-04-08,META,612.42,32036600
2026-04-09,META,628.39,19012900
2026-04-10,META,629.86,13294800
2026-04-13,META,634.53,9538900
2026-04-14,META,662.49,17818000
2026-04-15,META,671.58,14952600
2026-04-16,META,676.87,9544800
2026-04-17,META,688.55,16283500
2026-04-20,META,670.91,12534000
2026-04-21,META,668.84,8660100
2026-04-22,META,674.72,9215600
2026-04-23,META,659.15,11667000
2026-04-24,META,675.03,13348300
2026-04-27,META,678.62,12805200
2026-04-28,META,671.34,10606800
2026-04-29,META,669.12,18947500
2026-04-30,META,611.91,52765000
2026-05-01,META,608.75,21404000
2026-05-04,META,610.41,16203900
2026-05-05,META,604.96,17171300
2026-05-06,META,612.88,19915500
2026-05-07,META,616.81,12307400
2026-05-08,META,609.63,13557000
2026-05-11,META,598.86,15940600
2026-05-12,META,603.0,11241135
2026-02-02,METV,17.83,192800
2026-02-03,METV,17.37,66700
2026-02-04,METV,16.88,230600
2026-02-05,METV,16.25,85000
2026-02-06,METV,16.89,102000
2026-02-09,METV,17.21,48600
2026-02-10,METV,17.12,40900
2026-02-11,METV,16.89,305900
2026-02-12,METV,16.39,37500
2026-02-13,METV,16.58,193500
2026-02-17,METV,16.54,55900
2026-02-18,METV,16.57,48500
2026-02-19,METV,16.56,31300
2026-02-20,METV,16.61,50500
2026-02-23,METV,16.3,93453
2026-02-24,METV,16.64,51209
2026-02-25,METV,16.99,79300
2026-02-26,METV,16.91,25900
2026-02-27,METV,16.63,82000
2026-03-02,METV,16.72,77950
2026-03-03,METV,16.35,35308
2026-03-04,METV,16.79,102000
2026-03-05,METV,16.64,19900
2026-03-06,METV,16.22,61800
2026-03-09,METV,16.52,40373
2026-03-10,METV,16.55,47361
2026-03-11,METV,16.6,33000
2026-03-12,METV,16.215,33400
2026-03-13,METV,16.2,88000
2026-03-16,METV,16.6,111200
2026-03-17,METV,16.63,61100
2026-03-18,METV,16.36,39600
2026-03-19,METV,16.25,49900
2026-03-20,METV,15.94,43600
2026-03-23,METV,16.17,101500
2026-03-24,METV,15.86,51000
2026-03-25,METV,16.125,116100
2026-03-26,METV,15.55,101700
2026-03-27,METV,15.23,50100
2026-03-30,METV,15.25,133207
2026-03-31,METV,15.93,51180
2026-04-01,METV,16.12,39700
2026-04-02,METV,16.03,29500
2026-04-06,METV,16.06,34022
2026-04-07,METV,16.0,49482
2026-04-08,METV,16.41,412000
2026-04-09,METV,16.44,53400
2026-04-10,METV,16.445,82100
2026-04-13,METV,16.75,19900
2026-04-14,METV,17.04,42500
2026-04-15,METV,17.41,33100
2026-04-16,METV,17.62,44600
2026-04-17,METV,17.87,28600
2026-04-20,METV,17.84,34700
2026-04-21,METV,17.54,32100
2026-04-22,METV,17.93,56500
2026-04-23,METV,17.496,57000
2026-04-24,METV,18.015,43100
2026-04-27,METV,18.03,31200
2026-04-28,METV,17.88,36200
2026-04-29,METV,17.88,14600
2026-04-30,METV,18.08,54300
2026-05-01,METV,18.05,26400
2026-05-04,METV,18.05,35000
2026-05-05,METV,18.23,30900
2026-05-06,METV,18.74,75200
2026-05-07,METV,18.609,32400
2026-05-08,METV,18.873,29600
2026-05-11,METV,19.05,65600
2026-05-12,METV,18.75,28535
2026-02-02,MGM,33.49,3622085
2026-02-03,MGM,34.17,6232676
2026-02-04,MGM,36.93,13039350
2026-02-05,MGM,36.28,10483710
2026-02-06,MGM,37.49,6089898
2026-02-09,MGM,38.06,4227306
2026-02-10,MGM,37.36,4194617
2026-02-11,MGM,36.36,3605350
2026-02-12,MGM,34.19,7255580
2026-02-13,MGM,34.14,4018017
2026-02-17,MGM,34.27,3741786
2026-02-18,MGM,37.19,5581069
2026-02-19,MGM,36.46,4419436
2026-02-20,MGM,36.79,3698935
2026-02-23,MGM,34.25,6141435
2026-02-24,MGM,35.05,3315704
2026-02-25,MGM,35.56,5126849
2026-02-26,MGM,37.62,7327190
2026-02-27,MGM,36.86,6606732
2026-03-02,MGM,35.72,4586054
2026-03-03,MGM,35.85,4809771
2026-03-04,MGM,36.68,4408378
2026-03-05,MGM,37.13,4391693
2026-03-06,MGM,35.57,4598787
2026-03-09,MGM,35.64,7072873
2026-03-10,MGM,35.0,3907624
2026-03-11,MGM,36.29,7242922
2026-03-12,MGM,36.3,4450018
2026-03-13,MGM,36.68,3807643
2026-03-16,MGM,35.98,5871544
2026-03-17,MGM,36.86,3662669
2026-03-18,MGM,36.37,3434813
2026-03-19,MGM,37.14,4145914
2026-03-20,MGM,35.37,9065867
2026-03-23,MGM,36.95,5717577
2026-03-24,MGM,37.11,6471973
2026-03-25,MGM,37.49,4111957
2026-03-26,MGM,37.57,5130186
2026-03-27,MGM,36.32,4700558
2026-03-30,MGM,35.62,3402290
2026-03-31,MGM,37.01,3569624
2026-04-01,MGM,36.78,4079627
2026-04-02,MGM,36.68,3428112
2026-04-06,MGM,37.6,2935962
2026-04-07,MGM,37.89,3593155
2026-04-08,MGM,37.1,5119714
2026-04-09,MGM,36.93,3556207
2026-04-10,MGM,37.32,3706739
2026-04-13,MGM,36.75,2627948
2026-04-14,MGM,36.73,4971922
2026-04-15,MGM,38.36,5336052
2026-04-16,MGM,38.49,3747906
2026-04-17,MGM,38.59,4318945
2026-04-20,MGM,39.4,3440160
2026-04-21,MGM,39.11,2796841
2026-04-22,MGM,39.24,3001179
2026-04-23,MGM,38.94,3004655
2026-04-24,MGM,39.54,3797861
2026-04-27,MGM,40.55,6554814
2026-04-28,MGM,39.74,4520268
2026-04-29,MGM,39.27,6673484
2026-04-30,MGM,38.94,8289804
2026-05-01,MGM,38.5,6755632
2026-05-04,MGM,38.24,3998403
2026-05-05,MGM,37.91,4095614
2026-05-06,MGM,38.21,4215697
2026-05-07,MGM,38.11,4898071
2026-05-08,MGM,38.79,3754919
2026-05-11,MGM,37.3,4710998
2026-05-12,MGM,36.9,6011385
2026-02-02,MGTX,7.83,490505
2026-02-03,MGTX,8.04,406775
2026-02-04,MGTX,7.78,286645
2026-02-05,MGTX,7.2,473335
2026-02-06,MGTX,7.43,613805
2026-02-09,MGTX,7.63,320672
2026-02-10,MGTX,7.52,251232
2026-02-11,MGTX,7.46,296774
2026-02-12,MGTX,7.36,352641
2026-02-13,MGTX,7.45,240814
2026-02-17,MGTX,7.58,238941
2026-02-18,MGTX,7.51,412291
2026-02-19,MGTX,7.54,230916
2026-02-20,MGTX,7.45,303874
2026-02-23,MGTX,7.54,305648
2026-02-24,MGTX,7.7,328013
2026-02-25,MGTX,7.84,278126
2026-02-26,MGTX,7.66,235495
2026-02-27,MGTX,7.56,217089
2026-03-02,MGTX,7.58,327166
2026-03-03,MGTX,7.43,238885
2026-03-04,MGTX,7.41,457592
2026-03-05,MGTX,6.99,955371
2026-03-06,MGTX,7.0,308927
2026-03-09,MGTX,7.37,462353
2026-03-10,MGTX,7.76,919347
2026-03-11,MGTX,7.81,260011
2026-03-12,MGTX,7.64,268290
2026-03-13,MGTX,7.39,270515
2026-03-16,MGTX,7.69,401778
2026-03-17,MGTX,7.65,377359
2026-03-18,MGTX,7.43,482000
2026-03-19,MGTX,7.35,255538
2026-03-20,MGTX,7.2,443359
2026-03-23,MGTX,7.65,337113
2026-03-24,MGTX,7.41,548714
2026-03-25,MGTX,7.62,432801
2026-03-26,MGTX,7.53,1063221
2026-03-27,MGTX,7.62,566736
2026-03-30,MGTX,8.09,1386300
2026-03-31,MGTX,8.66,1528200
2026-04-01,MGTX,9.09,1165200
2026-04-02,MGTX,9.18,1094800
2026-04-06,MGTX,9.52,1129700
2026-04-07,MGTX,9.51,635700
2026-04-08,MGTX,9.39,804300
2026-04-09,MGTX,9.34,402000
2026-04-10,MGTX,8.97,517900
2026-04-13,MGTX,9.63,436700
2026-04-14,MGTX,11.29,1211300
2026-04-15,MGTX,11.25,711500
2026-04-16,MGTX,9.48,4424200
2026-04-17,MGTX,10.12,2285600
2026-04-20,MGTX,10.53,1489700
2026-04-21,MGTX,10.17,1262200
2026-04-22,MGTX,10.03,1002700
2026-04-23,MGTX,9.32,1033400
2026-04-24,MGTX,9.23,673400
2026-04-27,MGTX,9.13,666100
2026-04-28,MGTX,9.08,576800
2026-04-29,MGTX,8.95,835500
2026-04-30,MGTX,9.22,641800
2026-05-01,MGTX,9.41,498500
2026-05-04,MGTX,9.7,467800
2026-05-05,MGTX,9.75,480400
2026-05-06,MGTX,9.9,494700
2026-05-07,MGTX,9.68,435700
2026-05-08,MGTX,9.82,380400
2026-05-11,MGTX,9.9,687200
2026-05-12,MGTX,9.79,348038
2026-02-02,MJ,26.2579,31500
2026-02-03,MJ,26.82,32138
2026-02-04,MJ,27.03,26688
2026-02-05,MJ,25.54,45932
2026-02-06,MJ,26.54,29970
2026-02-09,MJ,26.59,18974
2026-02-10,MJ,26.15,33106
2026-02-11,MJ,25.53,16845
2026-02-12,MJ,24.98,28602
2026-02-13,MJ,25.25,85818
2026-02-17,MJ,25.43,22224
2026-02-18,MJ,25.58,21426
2026-02-19,MJ,27.13,57995
2026-02-20,MJ,25.83,140663
2026-02-23,MJ,25.18,106424
2026-02-24,MJ,26.74,46444
2026-02-25,MJ,26.71,26945
2026-02-26,MJ,26.5,32010
2026-02-27,MJ,25.96,34426
2026-03-02,MJ,24.78,64190
2026-03-03,MJ,24.75,47029
2026-03-04,MJ,25.64,51400
2026-03-05,MJ,24.55,48702
2026-03-06,MJ,25.9,37116
2026-03-09,MJ,25.13,35322
2026-03-10,MJ,25.01,26781
2026-03-11,MJ,25.18,13171
2026-03-12,MJ,24.55,20674
2026-03-13,MJ,24.7914,23994
2026-03-16,MJ,24.4,16804
2026-03-17,MJ,24.7412,9645
2026-03-18,MJ,24.17,22257
2026-03-19,MJ,24.21,18440
2026-03-20,MJ,22.73,50921
2026-03-23,MJ,24.01,24107
2026-03-24,MJ,23.94,18295
2026-03-25,MJ,24.56,19203
2026-03-26,MJ,23.15,23223
2026-03-27,MJ,22.3,27459
2026-03-30,MJ,21.05,41239
2026-03-31,MJ,23.02,46567
2026-04-01,MJ,23.16,32501
2026-04-02,MJ,23.93,33457
2026-04-06,MJ,24.86,19447
2026-04-07,MJ,23.77,17416
2026-04-08,MJ,24.14,17217
2026-04-09,MJ,24.45,36046
2026-04-10,MJ,24.27,22372
2026-04-13,MJ,24.44,13557
2026-04-14,MJ,24.8304,27104
2026-04-15,MJ,25.66,30096
2026-04-16,MJ,25.13,16119
2026-04-17,MJ,25.24,30100
2026-04-20,MJ,26.85,48639
2026-04-21,MJ,25.9487,27680
2026-04-22,MJ,30.28,269800
2026-04-23,MJ,26.28,191900
2026-04-24,MJ,27.31,99700
2026-04-27,MJ,28.81,35300
2026-04-28,MJ,27.82,25900
2026-04-29,MJ,26.57,28600
2026-04-30,MJ,27.6,27500
2026-05-01,MJ,27.43,19700
2026-05-04,MJ,26.972,73500
2026-05-05,MJ,27.37,46400
2026-05-06,MJ,27.96,45400
2026-05-07,MJ,27.754,14900
2026-05-08,MJ,26.96,40800
2026-05-11,MJ,27.05,39000
2026-05-12,MJ,26.22,19635
2026-02-02,MNDY,112.82,1336300
2026-02-03,MNDY,101.71,3585600
2026-02-04,MNDY,104.8,5089000
2026-02-05,MNDY,94.59,3036200
2026-02-06,MNDY,98.0,3548900
2026-02-09,MNDY,77.63,12910400
2026-02-10,MNDY,74.11,6974500
2026-02-11,MNDY,73.09,8123900
2026-02-12,MNDY,73.63,6008600
2026-02-13,MNDY,72.38,4040400
2026-02-17,MNDY,74.34,4576600
2026-02-18,MNDY,77.0,3027600
2026-02-19,MNDY,76.0,3108600
2026-02-20,MNDY,75.58,3413000
2026-02-23,MNDY,70.125,4559400
2026-02-24,MNDY,75.34,4215100
2026-02-25,MNDY,74.31,2239100
2026-02-26,MNDY,75.6,2103600
2026-02-27,MNDY,72.64,2083600
2026-03-02,MNDY,70.98,2475200
2026-03-03,MNDY,73.56,2134700
2026-03-04,MNDY,76.03,1363600
2026-03-05,MNDY,78.48,1906200
2026-03-06,MNDY,78.7,1166100
2026-03-09,MNDY,81.06,2288266
2026-03-10,MNDY,77.6,1961233
2026-03-11,MNDY,76.03,1493000
2026-03-12,MNDY,73.58,1548200
2026-03-13,MNDY,74.86,1363300
2026-03-16,MNDY,74.4,1433200
2026-03-17,MNDY,75.28,831500
2026-03-18,MNDY,73.97,1096000
2026-03-19,MNDY,74.73,1346200
2026-03-20,MNDY,73.85,1486200
2026-03-23,MNDY,75.47,1148600
2026-03-24,MNDY,72.37,1231500
2026-03-25,MNDY,69.28,1462400
2026-03-26,MNDY,69.38,1833100
2026-03-27,MNDY,66.47,1461400
2026-03-30,MNDY,67.88,1168000
2026-03-31,MNDY,69.11,983700
2026-04-01,MNDY,68.1,956000
2026-04-02,MNDY,68.34,865500
2026-04-06,MNDY,67.7,1108600
2026-04-07,MNDY,66.71,884900
2026-04-08,MNDY,65.64,1848300
2026-04-09,MNDY,62.39,1759300
2026-04-10,MNDY,58.81,2527000
2026-04-13,MNDY,63.55,2407300
2026-04-14,MNDY,61.69,1610200
2026-04-15,MNDY,65.43,2431400
2026-04-16,MNDY,66.37,1961700
2026-04-17,MNDY,64.99,1287300
2026-04-20,MNDY,68.41,1633700
2026-04-21,MNDY,67.86,1554700
2026-04-22,MNDY,69.74,1406300
2026-04-23,MNDY,64.6,2002500
2026-04-24,MNDY,67.79,1177200
2026-04-27,MNDY,68.02,1056400
2026-04-28,MNDY,67.25,1142700
2026-04-29,MNDY,66.66,620800
2026-04-30,MNDY,65.87,1001900
2026-05-01,MNDY,72.74,1994200
2026-05-04,MNDY,77.32,2131300
2026-05-05,MNDY,75.95,1330300
2026-05-06,MNDY,73.97,1388700
2026-05-07,MNDY,76.39,1459600
2026-05-08,MNDY,72.07,2595100
2026-05-11,MNDY,76.91,8527100
2026-05-12,MNDY,71.99,2462402
2026-02-02,MOD,196.07,2821828
2026-02-03,MOD,199.48,2594104
2026-02-04,MOD,199.53,2361867
2026-02-05,MOD,205.32,2182797
2026-02-06,MOD,215.72,2278858
2026-02-09,MOD,219.13,1517451
2026-02-10,MOD,219.76,893066
2026-02-11,MOD,219.5,2153774
2026-02-12,MOD,215.45,1609752
2026-02-13,MOD,216.5,1264878
2026-02-17,MOD,216.84,1019819
2026-02-18,MOD,217.53,995667
2026-02-19,MOD,218.54,996929
2026-02-20,MOD,226.36,908196
2026-02-23,MOD,222.5,961122
2026-02-24,MOD,236.7,1304382
2026-02-25,MOD,230.19,917254
2026-02-26,MOD,228.9,1047700
2026-02-27,MOD,227.25,951231
2026-03-02,MOD,238.5,1022440
2026-03-03,MOD,212.32,1678916
2026-03-04,MOD,209.93,1220581
2026-03-05,MOD,204.77,1159460
2026-03-06,MOD,187.29,1567763
2026-03-09,MOD,201.07,1451463
2026-03-10,MOD,201.27,1125287
2026-03-11,MOD,200.63,657265
2026-03-12,MOD,191.93,976271
2026-03-13,MOD,188.54,507264
2026-03-16,MOD,197.95,948520
2026-03-17,MOD,196.09,728053
2026-03-18,MOD,200.42,943896
2026-03-19,MOD,200.87,685347
2026-03-20,MOD,196.55,1508725
2026-03-23,MOD,211.47,1211474
2026-03-24,MOD,228.58,2026277
2026-03-25,MOD,232.89,1299592
2026-03-26,MOD,215.81,755876
2026-03-27,MOD,213.96,1149686
2026-03-30,MOD,202.18,1098600
2026-03-31,MOD,216.71,848700
2026-04-01,MOD,222.97,962500
2026-04-02,MOD,219.32,586700
2026-04-06,MOD,214.88,979000
2026-04-07,MOD,214.0,689300
2026-04-08,MOD,234.84,1073100
2026-04-09,MOD,241.52,904800
2026-04-10,MOD,241.46,652000
2026-04-13,MOD,256.99,1727200
2026-04-14,MOD,253.66,1064700
2026-04-15,MOD,238.14,1218600
2026-04-16,MOD,235.25,793100
2026-04-17,MOD,243.71,958300
2026-04-20,MOD,251.5,658900
2026-04-21,MOD,247.49,687000
2026-04-22,MOD,253.15,520400
2026-04-23,MOD,250.57,643700
2026-04-24,MOD,251.7,511300
2026-04-27,MOD,244.95,975000
2026-04-28,MOD,237.06,976800
2026-04-29,MOD,233.39,926200
2026-04-30,MOD,254.63,1091600
2026-05-01,MOD,266.83,1029500
2026-05-04,MOD,259.76,833300
2026-05-05,MOD,271.6,1002300
2026-05-06,MOD,274.22,1002600
2026-05-07,MOD,269.65,1312800
2026-05-08,MOD,273.0,764800
2026-05-11,MOD,284.8,907300
2026-05-12,MOD,276.27,1097344
2026-02-02,MOO,80.71,248200
2026-02-03,MOO,81.53,268300
2026-02-04,MOO,82.67,897100
2026-02-05,MOO,81.69,306100
2026-02-06,MOO,83.03,158700
2026-02-09,MOO,83.97,308100
2026-02-10,MOO,84.58,351700
2026-02-11,MOO,85.64,217000
2026-02-12,MOO,84.98,314600
2026-02-13,MOO,85.29,155700
2026-02-17,MOO,85.34,275200
2026-02-18,MOO,84.76,126400
2026-02-19,MOO,86.16,424400
2026-02-20,MOO,85.9,301100
2026-02-23,MOO,84.85,506100
2026-02-24,MOO,85.58,190100
2026-02-25,MOO,85.0,190000
2026-02-26,MOO,84.65,139100
2026-02-27,MOO,85.59,183900
2026-03-02,MOO,85.2,252400
2026-03-03,MOO,83.2,1268700
2026-03-04,MOO,82.7,244900
2026-03-05,MOO,81.78,426300
2026-03-06,MOO,82.04,254300
2026-03-09,MOO,82.65,653091
2026-03-10,MOO,82.46,446106
2026-03-11,MOO,83.78,406300
2026-03-12,MOO,84.76,1338900
2026-03-13,MOO,83.54,550600
2026-03-16,MOO,83.51,296000
2026-03-17,MOO,84.64,603400
2026-03-18,MOO,83.42,282700
2026-03-19,MOO,82.4,642200
2026-03-20,MOO,80.19,662400
2026-03-23,MOO,80.64,339800
2026-03-24,MOO,82.21,426600
2026-03-25,MOO,82.94,296700
2026-03-26,MOO,82.77,498200
2026-03-27,MOO,82.65,293400
2026-03-30,MOO,83.31,482400
2026-03-31,MOO,84.5,971600
2026-04-01,MOO,84.61,513000
2026-04-02,MOO,85.03,461000
2026-04-06,MOO,84.98,393300
2026-04-07,MOO,85.16,408800
2026-04-08,MOO,86.14,357500
2026-04-09,MOO,85.53,551500
2026-04-10,MOO,85.0,428400
2026-04-13,MOO,85.29,102600
2026-04-14,MOO,84.78,355100
2026-04-15,MOO,83.75,675100
2026-04-16,MOO,83.8,813200
2026-04-17,MOO,83.28,696700
2026-04-20,MOO,83.78,168200
2026-04-21,MOO,83.11,397300
2026-04-22,MOO,83.11,103300
2026-04-23,MOO,83.13,209900
2026-04-24,MOO,82.15,275500
2026-04-27,MOO,82.14,285400
2026-04-28,MOO,82.05,202600
2026-04-29,MOO,81.89,220800
2026-04-30,MOO,83.85,390000
2026-05-01,MOO,83.38,176600
2026-05-04,MOO,83.66,336800
2026-05-05,MOO,84.56,382500
2026-05-06,MOO,84.23,607000
2026-05-07,MOO,81.61,601000
2026-05-08,MOO,81.66,2641200
2026-05-11,MOO,81.91,1140400
2026-05-12,MOO,82.63,174693
2026-02-02,MORN,197.7058,537800
2026-02-03,MORN,179.8585,945200
2026-02-04,MORN,179.9881,682000
2026-02-05,MORN,168.7613,1135200
2026-02-06,MORN,164.9825,843300
2026-02-09,MORN,163.2177,918400
2026-02-10,MORN,161.0042,1121600
2026-02-11,MORN,154.8923,836200
2026-02-12,MORN,153.5562,1404300
2026-02-13,MORN,159.5585,1123800
2026-02-17,MORN,157.8436,993400
2026-02-18,MORN,162.2705,620400
2026-02-19,MORN,161.3731,580000
2026-02-20,MORN,159.0101,529300
2026-02-23,MORN,156.4377,673900
2026-02-24,MORN,162.4599,622100
2026-02-25,MORN,171.902,933800
2026-02-26,MORN,181.7728,879200
2026-02-27,MORN,182.6004,657200
2026-03-02,MORN,181.7728,627800
2026-03-03,MORN,181.7728,537100
2026-03-04,MORN,186.3294,528500
2026-03-05,MORN,189.3006,552300
2026-03-06,MORN,189.5897,517200
2026-03-09,MORN,190.4572,575700
2026-03-10,MORN,183.7969,468800
2026-03-11,MORN,178.9213,586600
2026-03-12,MORN,180.4268,509300
2026-03-13,MORN,182.6702,350100
2026-03-16,MORN,182.1218,389300
2026-03-17,MORN,183.3282,347700
2026-03-18,MORN,182.7001,403900
2026-03-19,MORN,184.3253,387300
2026-03-20,MORN,178.5424,721900
2026-03-23,MORN,173.4774,463200
2026-03-24,MORN,163.9156,480100
2026-03-25,MORN,158.5016,540300
2026-03-26,MORN,160.2066,597100
2026-03-27,MORN,156.348,565200
2026-03-30,MORN,164.1848,613000
2026-03-31,MORN,168.5519,558800
2026-04-01,MORN,169.2,504000
2026-04-02,MORN,172.91,479800
2026-04-06,MORN,176.66,380900
2026-04-07,MORN,176.63,375100
2026-04-08,MORN,172.78,537900
2026-04-09,MORN,170.74,542600
2026-04-10,MORN,167.97,424000
2026-04-13,MORN,176.42,423300
2026-04-14,MORN,172.21,421000
2026-04-15,MORN,179.47,789400
2026-04-16,MORN,180.52,645500
2026-04-17,MORN,184.28,336100
2026-04-20,MORN,186.46,348800
2026-04-21,MORN,187.89,485400
2026-04-22,MORN,186.16,453700
2026-04-23,MORN,177.63,505800
2026-04-24,MORN,176.27,402500
2026-04-27,MORN,177.76,302900
2026-04-28,MORN,183.73,423000
2026-04-29,MORN,187.6,753100
2026-04-30,MORN,168.71,1013200
2026-05-01,MORN,169.03,762900
2026-05-04,MORN,167.67,489800
2026-05-05,MORN,166.56,979100
2026-05-06,MORN,167.66,694200
2026-05-07,MORN,177.91,647400
2026-05-08,MORN,176.7,522900
2026-05-11,MORN,176.22,507500
2026-05-12,MORN,175.82,327225
2026-02-02,MP,59.11,10044200
2026-02-03,MP,64.61,11931800
2026-02-04,MP,60.55,11095200
2026-02-05,MP,56.55,7762300
2026-02-06,MP,61.26,6953000
2026-02-09,MP,62.8,5222500
2026-02-10,MP,62.34,4096500
2026-02-11,MP,60.58,4147600
2026-02-12,MP,57.3,6655000
2026-02-13,MP,58.03,4560600
2026-02-17,MP,56.95,5160400
2026-02-18,MP,57.94,3071500
2026-02-19,MP,58.56,3142300
2026-02-20,MP,55.34,5730400
2026-02-23,MP,55.7,3837500
2026-02-24,MP,58.44,4824200
2026-02-25,MP,58.66,3977100
2026-02-26,MP,60.0,6674100
2026-02-27,MP,58.87,6854600
2026-03-02,MP,63.73,10224400
2026-03-03,MP,61.4,6701300
2026-03-04,MP,61.61,4447400
2026-03-05,MP,58.48,5975300
2026-03-06,MP,58.23,5590500
2026-03-09,MP,60.3,4698588
2026-03-10,MP,61.58,5493090
2026-03-11,MP,62.25,3632100
2026-03-12,MP,60.03,4134400
2026-03-13,MP,57.21,5466400
2026-03-16,MP,59.36,5120900
2026-03-17,MP,59.3,3656800
2026-03-18,MP,57.54,3502800
2026-03-19,MP,53.1,8906800
2026-03-20,MP,50.6,8330900
2026-03-23,MP,53.28,6464200
2026-03-24,MP,53.29,5298900
2026-03-25,MP,53.74,3863900
2026-03-26,MP,51.7,3828400
2026-03-27,MP,51.8,4331700
2026-03-30,MP,45.59,11619700
2026-03-31,MP,48.26,7185000
2026-04-01,MP,48.41,4893000
2026-04-02,MP,49.73,4665800
2026-04-06,MP,51.17,4080900
2026-04-07,MP,49.49,4389200
2026-04-08,MP,54.44,6792900
2026-04-09,MP,53.9,3442400
2026-04-10,MP,55.24,4405400
2026-04-13,MP,56.8,6452200
2026-04-14,MP,57.36,3506000
2026-04-15,MP,59.52,4970100
2026-04-16,MP,62.3,5243600
2026-04-17,MP,60.99,6558300
2026-04-20,MP,66.23,8950900
2026-04-21,MP,65.76,6732800
2026-04-22,MP,69.19,6101300
2026-04-23,MP,63.32,6745300
2026-04-24,MP,60.73,5366100
2026-04-27,MP,64.92,6225000
2026-04-28,MP,61.7,3872900
2026-04-29,MP,61.3,4282800
2026-04-30,MP,66.04,5593500
2026-05-01,MP,66.63,5461400
2026-05-04,MP,66.2,6170600
2026-05-05,MP,68.06,5591000
2026-05-06,MP,72.65,8598100
2026-05-07,MP,69.13,8668900
2026-05-08,MP,67.43,11619400
2026-05-11,MP,67.41,7260200
2026-05-12,MP,65.59,4705686
2026-02-02,MRSH,187.2863,2811400
2026-02-03,MRSH,187.5251,3063900
2026-02-04,MRSH,188.7786,4263000
2026-02-05,MRSH,186.5501,3480200
2026-02-06,MRSH,184.0828,2342500
2026-02-09,MRSH,170.2639,5435500
2026-02-10,MRSH,174.4424,4799000
2026-02-11,MRSH,172.1144,4878200
2026-02-12,MRSH,172.4427,4544900
2026-02-13,MRSH,173.169,2757000
2026-02-17,MRSH,174.9299,2703900
2026-02-18,MRSH,177.1982,2642600
2026-02-19,MRSH,177.9543,2721700
2026-02-20,MRSH,178.402,3868600
2026-02-23,MRSH,176.084,3073500
2026-02-24,MRSH,177.5166,3973900
2026-02-25,MRSH,180.1729,3475600
2026-02-26,MRSH,184.3415,2768600
2026-02-27,MRSH,185.784,3369500
2026-03-02,MRSH,185.4756,1993100
2026-03-03,MRSH,183.2869,2513600
2026-03-04,MRSH,183.8938,2156200
2026-03-05,MRSH,184.053,1989800
2026-03-06,MRSH,182.1428,3040400
2026-03-09,MRSH,179.0487,3131300
2026-03-10,MRSH,173.1093,2667200
2026-03-11,MRSH,173.0794,2980900
2026-03-12,MRSH,170.0052,3028600
2026-03-13,MRSH,171.2687,1800800
2026-03-16,MRSH,172.8705,2183900
2026-03-17,MRSH,171.0598,2860200
2026-03-18,MRSH,170.1445,2257700
2026-03-19,MRSH,170.0351,3052600
2026-03-20,MRSH,175.5766,9676400
2026-03-23,MRSH,172.9799,2735300
2026-03-24,MRSH,172.2139,2810900
2026-03-25,MRSH,173.3082,3821500
2026-03-26,MRSH,173.2485,3125900
2026-03-27,MRSH,168.304,3986300
2026-03-30,MRSH,173.8256,3948000
2026-03-31,MRSH,172.5621,5076700
2026-04-01,MRSH,170.9902,2839900
2026-04-02,MRSH,173.7161,2143700
2026-04-06,MRSH,173.9251,2372100
2026-04-07,MRSH,171.7761,1697700
2026-04-08,MRSH,174.91,1912500
2026-04-09,MRSH,173.14,2227400
2026-04-10,MRSH,168.15,2974700
2026-04-13,MRSH,173.55,2811300
2026-04-14,MRSH,172.85,1997700
2026-04-15,MRSH,174.9,2593600
2026-04-16,MRSH,182.57,4155000
2026-04-17,MRSH,175.8,3931500
2026-04-20,MRSH,174.59,5032800
2026-04-21,MRSH,179.0,3486200
2026-04-22,MRSH,175.5,3555800
2026-04-23,MRSH,174.01,3821400
2026-04-24,MRSH,170.1,1713500
2026-04-27,MRSH,170.15,3069700
2026-04-28,MRSH,170.82,2069600
2026-04-29,MRSH,170.83,2166900
2026-04-30,MRSH,167.71,2994200
2026-05-01,MRSH,166.18,2482100
2026-05-04,MRSH,167.87,2979100
2026-05-05,MRSH,167.27,2320500
2026-05-06,MRSH,163.9,3087700
2026-05-07,MRSH,166.03,2928500
2026-05-08,MRSH,163.25,1948100
2026-05-11,MRSH,161.58,4216100
2026-05-12,MRSH,163.39,2736488
2026-02-02,MSFT,422.4059,42219859
2026-02-03,MSFT,410.2736,61424121
2026-02-04,MSFT,413.2468,45012367
2026-02-05,MSFT,392.7735,66289250
2026-02-06,MSFT,400.2265,53515312
2026-02-09,MSFT,412.6581,45480527
2026-02-10,MSFT,412.3289,44857848
2026-02-11,MSFT,403.4491,42491008
2026-02-12,MSFT,400.9249,40802359
2026-02-13,MSFT,400.4061,34091551
2026-02-17,MSFT,395.9562,32078800
2026-02-18,MSFT,398.69,23223400
2026-02-19,MSFT,398.46,28234000
2026-02-20,MSFT,397.23,34015200
2026-02-23,MSFT,384.47,43238300
2026-02-24,MSFT,389.0,33884700
2026-02-25,MSFT,400.6,43625500
2026-02-26,MSFT,401.72,34405900
2026-02-27,MSFT,392.74,51367200
2026-03-02,MSFT,398.55,35474900
2026-03-03,MSFT,403.93,38199200
2026-03-04,MSFT,405.2,35808000
2026-03-05,MSFT,410.68,39001300
2026-03-06,MSFT,408.96,31123900
2026-03-09,MSFT,409.41,30131850
2026-03-10,MSFT,405.76,31706381
2026-03-11,MSFT,404.88,25512100
2026-03-12,MSFT,401.86,27263900
2026-03-13,MSFT,395.55,26848000
2026-03-16,MSFT,399.95,27733700
2026-03-17,MSFT,399.41,26228300
2026-03-18,MSFT,391.79,25908500
2026-03-19,MSFT,389.02,25138800
2026-03-20,MSFT,381.87,50853200
2026-03-23,MSFT,383.0,29680100
2026-03-24,MSFT,372.74,42733600
2026-03-25,MSFT,371.04,31181200
2026-03-26,MSFT,365.97,36836600
2026-03-27,MSFT,356.77,37883400
2026-03-30,MSFT,358.96,44797000
2026-03-31,MSFT,370.17,45244400
2026-04-01,MSFT,369.37,29417200
2026-04-02,MSFT,373.46,24099100
2026-04-06,MSFT,372.88,16146600
2026-04-07,MSFT,372.29,21443300
2026-04-08,MSFT,374.33,33064800
2026-04-09,MSFT,373.07,30435300
2026-04-10,MSFT,370.87,28111100
2026-04-13,MSFT,384.37,35745800
2026-04-14,MSFT,393.11,37504500
2026-04-15,MSFT,411.22,45063400
2026-04-16,MSFT,420.26,41642400
2026-04-17,MSFT,422.79,48568200
2026-04-20,MSFT,418.07,27582200
2026-04-21,MSFT,424.16,32048500
2026-04-22,MSFT,432.92,29378200
2026-04-23,MSFT,415.75,38308000
2026-04-24,MSFT,424.62,27457400
2026-04-27,MSFT,424.82,30867300
2026-04-28,MSFT,429.25,30438100
2026-04-29,MSFT,424.46,38288300
2026-04-30,MSFT,407.78,70909400
2026-05-01,MSFT,414.44,31372400
2026-05-04,MSFT,413.62,28066500
2026-05-05,MSFT,411.38,25700900
2026-05-06,MSFT,413.96,30285900
2026-05-07,MSFT,420.77,34942400
2026-05-08,MSFT,415.12,33383800
2026-05-11,MSFT,412.66,35657900
2026-05-12,MSFT,407.77,37247511
2026-02-02,MSOS,4.09,3541400
2026-02-03,MSOS,4.17,5038900
2026-02-04,MSOS,4.31,6613700
2026-02-05,MSOS,3.97,7563800
2026-02-06,MSOS,4.16,5338200
2026-02-09,MSOS,4.21,5198000
2026-02-10,MSOS,4.06,5446000
2026-02-11,MSOS,3.96,3978200
2026-02-12,MSOS,3.86,4394300
2026-02-13,MSOS,3.96,3216400
2026-02-17,MSOS,3.9,5682100
2026-02-18,MSOS,3.82,2520300
2026-02-19,MSOS,4.19,8087400
2026-02-20,MSOS,3.77,10800900
2026-02-23,MSOS,3.65,7008200
2026-02-24,MSOS,3.98,10522500
2026-02-25,MSOS,4.02,3845300
2026-02-26,MSOS,4.0,3287000
2026-02-27,MSOS,3.88,3961300
2026-03-02,MSOS,3.63,10768500
2026-03-03,MSOS,3.76,4129000
2026-03-04,MSOS,3.89,6174600
2026-03-05,MSOS,3.71,5607700
2026-03-06,MSOS,4.0,12407500
2026-03-09,MSOS,3.83,6688675
2026-03-10,MSOS,3.75,5158702
2026-03-11,MSOS,3.85,7127900
2026-03-12,MSOS,3.72,4938000
2026-03-13,MSOS,3.82,4960400
2026-03-16,MSOS,3.81,1830800
2026-03-17,MSOS,3.86,2687600
2026-03-18,MSOS,3.78,3651600
2026-03-19,MSOS,3.82,7256800
2026-03-20,MSOS,3.6,7543800
2026-03-23,MSOS,3.83,8254600
2026-03-24,MSOS,3.8,2373300
2026-03-25,MSOS,3.75,2682300
2026-03-26,MSOS,3.57,7060400
2026-03-27,MSOS,3.28,12253300
2026-03-30,MSOS,3.15,7802600
2026-03-31,MSOS,3.55,9961800
2026-04-01,MSOS,3.68,5805800
2026-04-02,MSOS,3.85,10471900
2026-04-06,MSOS,4.09,9043200
2026-04-07,MSOS,3.74,10092900
2026-04-08,MSOS,3.88,4510600
2026-04-09,MSOS,3.86,4335200
2026-04-10,MSOS,3.78,2601900
2026-04-13,MSOS,3.87,3043800
2026-04-14,MSOS,3.88,2441500
2026-04-15,MSOS,4.14,6135000
2026-04-16,MSOS,4.01,5299400
2026-04-17,MSOS,4.0,5024100
2026-04-20,MSOS,4.35,19965500
2026-04-21,MSOS,4.28,8614700
2026-04-22,MSOS,5.11,56301100
2026-04-23,MSOS,4.22,53827900
2026-04-24,MSOS,4.68,15122300
2026-04-27,MSOS,5.15,11543300
2026-04-28,MSOS,4.97,7658400
2026-04-29,MSOS,4.84,8266100
2026-04-30,MSOS,5.11,8420800
2026-05-01,MSOS,5.04,7885400
2026-05-04,MSOS,4.84,8096500
2026-05-05,MSOS,5.04,7785900
2026-05-06,MSOS,5.27,8103100
2026-05-07,MSOS,5.24,6403400
2026-05-08,MSOS,5.05,6794600
2026-05-11,MSOS,5.06,5927800
2026-05-12,MSOS,4.88,5539654
2026-02-02,MSTR,139.63,27171500
2026-02-03,MSTR,133.26,26169000
2026-02-04,MSTR,129.09,25775600
2026-02-05,MSTR,106.99,60129700
2026-02-06,MSTR,134.93,57771000
2026-02-09,MSTR,138.44,34291600
2026-02-10,MSTR,133.0,23002100
2026-02-11,MSTR,126.07,25837800
2026-02-12,MSTR,123.0,20960700
2026-02-13,MSTR,133.88,24573900
2026-02-17,MSTR,128.67,18881000
2026-02-18,MSTR,125.2,17307700
2026-02-19,MSTR,129.45,15457200
2026-02-20,MSTR,131.05,17625400
2026-02-23,MSTR,123.71,18858900
2026-02-24,MSTR,124.61,15352700
2026-02-25,MSTR,135.65,24152100
2026-02-26,MSTR,133.4,18110800
2026-02-27,MSTR,129.5,14027700
2026-03-02,MSTR,137.65,25456100
2026-03-03,MSTR,132.68,19405900
2026-03-04,MSTR,146.44,37382600
2026-03-05,MSTR,139.81,21286000
2026-03-06,MSTR,133.53,19538800
2026-03-09,MSTR,138.95,20433000
2026-03-10,MSTR,138.46,18325000
2026-03-11,MSTR,138.33,15637600
2026-03-12,MSTR,137.34,15229400
2026-03-13,MSTR,139.67,23685400
2026-03-16,MSTR,147.52,22933200
2026-03-17,MSTR,150.28,18448500
2026-03-18,MSTR,140.56,21314100
2026-03-19,MSTR,138.24,19227700
2026-03-20,MSTR,135.66,28568300
2026-03-23,MSTR,138.2,21633700
2026-03-24,MSTR,136.25,19098500
2026-03-25,MSTR,139.13,18708000
2026-03-26,MSTR,132.93,15285500
2026-03-27,MSTR,126.03,21475100
2026-03-30,MSTR,121.44,15800400
2026-03-31,MSTR,124.8,21290300
2026-04-01,MSTR,122.78,15378300
2026-04-02,MSTR,119.83,17609700
2026-04-06,MSTR,127.69,18435900
2026-04-07,MSTR,123.72,14284200
2026-04-08,MSTR,128.3,17149200
2026-04-09,MSTR,128.86,14497400
2026-04-10,MSTR,128.64,13097500
2026-04-13,MSTR,132.36,12804700
2026-04-14,MSTR,137.41,20643200
2026-04-15,MSTR,143.54,13941700
2026-04-16,MSTR,148.94,17638000
2026-04-17,MSTR,166.52,52173700
2026-04-20,MSTR,170.81,22173500
2026-04-21,MSTR,163.97,22153500
2026-04-22,MSTR,179.36,31893900
2026-04-23,MSTR,172.47,19559000
2026-04-24,MSTR,171.02,14119400
2026-04-27,MSTR,169.2,13295400
2026-04-28,MSTR,165.71,13858700
2026-04-29,MSTR,158.19,15146200
2026-04-30,MSTR,165.45,12437800
2026-05-01,MSTR,177.17,21661200
2026-05-04,MSTR,183.8,18210200
2026-05-05,MSTR,186.9,15512800
2026-05-06,MSTR,186.82,14338600
2026-05-07,MSTR,179.84,15918100
2026-05-08,MSTR,187.59,15985200
2026-05-11,MSTR,195.94,16063000
2026-05-12,MSTR,184.42,14651968
2026-02-02,MU,437.6162,37771200
2026-02-03,MU,419.2639,42763300
2026-02-04,MU,379.2407,58074900
2026-02-05,MU,382.7292,38899500
2026-02-06,MU,394.5243,37196000
2026-02-09,MU,383.339,31009600
2026-02-10,MU,373.0933,35433800
2026-02-11,MU,410.1677,48475000
2026-02-12,MU,413.7962,45639100
2026-02-13,MU,411.4871,33807600
2026-02-17,MU,399.6121,28549500
2026-02-18,MU,420.7732,32306600
2026-02-19,MU,417.1748,21651300
2026-02-20,MU,427.9902,29894900
2026-02-23,MU,420.7932,25426600
2026-02-24,MU,417.8345,33389200
2026-02-25,MU,428.8199,27296300
2026-02-26,MU,415.3855,35433500
2026-02-27,MU,412.1968,28653900
2026-03-02,MU,412.4967,30049200
2026-03-03,MU,379.5206,39010900
2026-03-04,MU,400.6017,32644900
2026-03-05,MU,396.8833,29960100
2026-03-06,MU,370.1445,34458800
2026-03-09,MU,389.1565,35547200
2026-03-10,MU,402.9407,33745400
2026-03-11,MU,418.5142,30191400
2026-03-12,MU,405.1798,31720900
2026-03-13,MU,425.9511,39261000
2026-03-16,MU,441.6145,43067600
2026-03-17,MU,461.4961,43017900
2026-03-18,MU,461.5361,58973700
2026-03-19,MU,444.0834,74591900
2026-03-20,MU,422.7224,64224900
2026-03-23,MU,404.1802,54807300
2026-03-24,MU,395.3639,44975100
2026-03-25,MU,381.9296,55328700
2026-03-26,MU,355.3107,54515900
2026-03-27,MU,357.07,45806700
2026-03-30,MU,321.8,73833200
2026-03-31,MU,337.84,73551800
2026-04-01,MU,367.85,74429800
2026-04-02,MU,366.24,51498700
2026-04-06,MU,377.76,41414900
2026-04-07,MU,377.58,40224100
2026-04-08,MU,406.73,49216600
2026-04-09,MU,421.51,43101000
2026-04-10,MU,420.59,36377600
2026-04-13,MU,426.56,37015800
2026-04-14,MU,465.66,52534900
2026-04-15,MU,456.23,40370100
2026-04-16,MU,457.23,33626400
2026-04-17,MU,455.07,33405000
2026-04-20,MU,448.42,32013600
2026-04-21,MU,449.38,27734000
2026-04-22,MU,487.48,45998100
2026-04-23,MU,481.72,38178000
2026-04-24,MU,496.72,35379600
2026-04-27,MU,524.56,41298800
2026-04-28,MU,504.29,44816600
2026-04-29,MU,518.46,36248500
2026-04-30,MU,517.16,36554400
2026-05-01,MU,542.21,40215300
2026-05-04,MU,576.45,46043700
2026-05-05,MU,640.2,64268500
2026-05-06,MU,666.59,55725800
2026-05-07,MU,646.63,47527500
2026-05-08,MU,746.81,65130900
2026-05-11,MU,795.33,70972900
2026-05-12,MU,766.58,71288236
2026-02-02,MVST,2.6,3354616
2026-02-03,MVST,2.6,2778043
2026-02-04,MVST,2.49,3792311
2026-02-05,MVST,2.39,3820962
2026-02-06,MVST,2.53,2612640
2026-02-09,MVST,2.58,2401527
2026-02-10,MVST,2.49,1305212
2026-02-11,MVST,2.44,2155435
2026-02-12,MVST,2.32,2300603
2026-02-13,MVST,2.36,2012176
2026-02-17,MVST,2.35,2666441
2026-02-18,MVST,2.33,1508366
2026-02-19,MVST,2.37,1552389
2026-02-20,MVST,2.24,2239286
2026-02-23,MVST,2.11,4224260
2026-02-24,MVST,2.22,1980098
2026-02-25,MVST,2.33,2066372
2026-02-26,MVST,2.37,2487377
2026-02-27,MVST,2.24,2584087
2026-03-02,MVST,2.19,2268434
2026-03-03,MVST,2.13,1969636
2026-03-04,MVST,2.21,1644612
2026-03-05,MVST,2.12,1985904
2026-03-06,MVST,2.08,2307604
2026-03-09,MVST,2.1,3825139
2026-03-10,MVST,2.09,2553416
2026-03-11,MVST,2.25,2850941
2026-03-12,MVST,2.17,2605889
2026-03-13,MVST,2.23,3381282
2026-03-16,MVST,2.31,20089230
2026-03-17,MVST,1.52,26378990
2026-03-18,MVST,1.72,12785200
2026-03-19,MVST,1.66,6286489
2026-03-20,MVST,1.6,5226142
2026-03-23,MVST,1.59,2993017
2026-03-24,MVST,1.6,3274922
2026-03-25,MVST,1.57,2808570
2026-03-26,MVST,1.45,3985679
2026-03-27,MVST,1.43,2983086
2026-03-30,MVST,1.41,3342774
2026-03-31,MVST,1.5,4568869
2026-04-01,MVST,1.46,3100413
2026-04-02,MVST,1.45,2526682
2026-04-06,MVST,1.6,3362453
2026-04-07,MVST,1.49,2354520
2026-04-08,MVST,1.56,4806665
2026-04-09,MVST,1.57,1570952
2026-04-10,MVST,1.65,2377091
2026-04-13,MVST,1.64,1863213
2026-04-14,MVST,1.73,2914079
2026-04-15,MVST,1.92,3586557
2026-04-16,MVST,1.85,4213866
2026-04-17,MVST,1.95,5104971
2026-04-20,MVST,1.92,2490934
2026-04-21,MVST,1.87,2954588
2026-04-22,MVST,2.07,3388751
2026-04-23,MVST,1.97,5085018
2026-04-24,MVST,1.89,3381265
2026-04-27,MVST,1.94,2821319
2026-04-28,MVST,1.93,2108498
2026-04-29,MVST,1.81,1966945
2026-04-30,MVST,1.93,1700282
2026-05-01,MVST,1.98,1739033
2026-05-04,MVST,1.87,2382070
2026-05-05,MVST,1.95,2551265
2026-05-06,MVST,1.96,2590018
2026-05-07,MVST,1.89,3387278
2026-05-08,MVST,2.13,7387043
2026-05-11,MVST,2.02,12810540
2026-05-12,MVST,1.41,19618098
2026-02-02,NEE,85.7451,9423100
2026-02-03,NEE,88.2183,9600200
2026-02-04,NEE,89.3605,12182700
2026-02-05,NEE,88.6056,9799400
2026-02-06,NEE,88.8639,8225200
2026-02-09,NEE,88.8738,6528800
2026-02-10,NEE,90.2147,7213700
2026-02-11,NEE,90.7411,7305000
2026-02-12,NEE,91.3072,9181600
2026-02-13,NEE,93.1645,10402800
2026-02-17,NEE,92.0819,9455400
2026-02-18,NEE,90.602,9064800
2026-02-19,NEE,91.0192,8483500
2026-02-20,NEE,91.5555,7175600
2026-02-23,NEE,93.4228,8433600
2026-02-24,NEE,95.0318,11597600
2026-02-25,NEE,94.4657,9025500
2026-02-26,NEE,91.3668,20015700
2026-02-27,NEE,93.77,25138500
2026-03-02,NEE,92.71,10147800
2026-03-03,NEE,92.59,11307700
2026-03-04,NEE,92.6,9384300
2026-03-05,NEE,91.13,12086800
2026-03-06,NEE,91.02,9745100
2026-03-09,NEE,92.01,9563600
2026-03-10,NEE,91.54,7485900
2026-03-11,NEE,91.66,9734300
2026-03-12,NEE,91.73,8730000
2026-03-13,NEE,92.78,7504400
2026-03-16,NEE,92.82,8466100
2026-03-17,NEE,92.53,5496600
2026-03-18,NEE,90.96,7053700
2026-03-19,NEE,92.41,10538400
2026-03-20,NEE,89.5,21860800
2026-03-23,NEE,90.23,10284300
2026-03-24,NEE,91.62,8808000
2026-03-25,NEE,91.16,8639900
2026-03-26,NEE,91.16,6537800
2026-03-27,NEE,91.4,7749600
2026-03-30,NEE,92.05,9362100
2026-03-31,NEE,92.88,13914200
2026-04-01,NEE,92.85,7759400
2026-04-02,NEE,93.15,10419000
2026-04-06,NEE,92.73,4790100
2026-04-07,NEE,93.67,6125400
2026-04-08,NEE,94.17,6935100
2026-04-09,NEE,94.48,7349000
2026-04-10,NEE,94.08,5323100
2026-04-13,NEE,92.3,6111500
2026-04-14,NEE,91.31,9370600
2026-04-15,NEE,91.24,9144800
2026-04-16,NEE,91.83,7734300
2026-04-17,NEE,91.98,8148800
2026-04-20,NEE,92.01,7734800
2026-04-21,NEE,90.6,8625800
2026-04-22,NEE,90.0,9477100
2026-04-23,NEE,96.25,17524900
2026-04-24,NEE,95.28,9761900
2026-04-27,NEE,94.83,7773800
2026-04-28,NEE,96.51,7245100
2026-04-29,NEE,94.17,9091700
2026-04-30,NEE,97.88,17551200
2026-05-01,NEE,96.95,7106200
2026-05-04,NEE,95.51,6806639
2026-05-05,NEE,96.28,7187410
2026-05-06,NEE,95.39,8242900
2026-05-07,NEE,93.32,9681800
2026-05-08,NEE,93.1,6230100
2026-05-11,NEE,94.84,7233800
2026-05-12,NEE,94.59,6916192
2026-02-02,NEM,112.6221,13283740
2026-02-03,NEM,116.9034,11195920
2026-02-04,NEM,116.614,10944780
2026-02-05,NEM,108.3108,15327150
2026-02-06,NEM,115.0871,10814910
2026-02-09,NEM,120.4862,7439063
2026-02-10,NEM,121.2845,6718871
2026-02-11,NEM,124.3483,6654656
2026-02-12,NEM,117.8814,9289007
2026-02-13,NEM,125.5459,7623413
2026-02-17,NEM,122.063,8196432
2026-02-18,NEM,124.4382,7851499
2026-02-19,NEM,125.1467,7854533
2026-02-20,NEM,121.8833,12525390
2026-02-23,NEM,123.999,9371959
2026-02-24,NEM,123.8394,9641799
2026-02-25,NEM,124.5978,7785587
2026-02-26,NEM,127.2125,7237143
2026-02-27,NEM,129.7374,15016640
2026-03-02,NEM,128.47,10675830
2026-03-03,NEM,118.52,14031200
2026-03-04,NEM,119.37,7851800
2026-03-05,NEM,116.09,10883920
2026-03-06,NEM,116.29,8350728
2026-03-09,NEM,116.96,9829636
2026-03-10,NEM,118.9,8030004
2026-03-11,NEM,116.21,8634668
2026-03-12,NEM,114.48,8777436
2026-03-13,NEM,109.58,10458890
2026-03-16,NEM,110.19,9884355
2026-03-17,NEM,111.04,7073843
2026-03-18,NEM,106.54,15185400
2026-03-19,NEM,99.2,24738961
2026-03-20,NEM,95.8,30701730
2026-03-23,NEM,98.14,17856779
2026-03-24,NEM,99.02,14461870
2026-03-25,NEM,101.52,9546047
2026-03-26,NEM,99.36,8829870
2026-03-27,NEM,102.1,9673792
2026-03-30,NEM,103.12,10882100
2026-03-31,NEM,108.25,11387500
2026-04-01,NEM,113.79,11528800
2026-04-02,NEM,114.05,9167300
2026-04-06,NEM,112.83,4765700
2026-04-07,NEM,114.65,7933800
2026-04-08,NEM,118.15,8550200
2026-04-09,NEM,119.01,6871500
2026-04-10,NEM,120.9,6535400
2026-04-13,NEM,116.5,8361300
2026-04-14,NEM,119.3,6972700
2026-04-15,NEM,113.04,9255800
2026-04-16,NEM,113.41,6551400
2026-04-17,NEM,116.5,6796000
2026-04-20,NEM,114.84,6391400
2026-04-21,NEM,109.3,8551700
2026-04-22,NEM,111.85,6414600
2026-04-23,NEM,111.06,8990300
2026-04-24,NEM,120.7,12367500
2026-04-27,NEM,116.08,7176500
2026-04-28,NEM,109.9,9791500
2026-04-29,NEM,107.61,7302100
2026-04-30,NEM,111.09,8294500
2026-05-01,NEM,108.62,5126700
2026-05-04,NEM,108.33,5699300
2026-05-05,NEM,109.01,4722900
2026-05-06,NEM,115.1,7103500
2026-05-07,NEM,113.49,7962000
2026-05-08,NEM,116.51,5292500
2026-05-11,NEM,120.67,7051100
2026-05-12,NEM,119.69,5635349
2026-02-02,NET,182.42,4381999
2026-02-03,NET,170.31,7647231
2026-02-04,NET,166.88,7490947
2026-02-05,NET,163.05,5936225
2026-02-06,NET,173.21,5383726
2026-02-09,NET,173.75,4665962
2026-02-10,NET,179.98,11424030
2026-02-11,NET,189.41,15668260
2026-02-12,NET,185.17,7640414
2026-02-13,NET,195.85,6698975
2026-02-17,NET,193.68,5822105
2026-02-18,NET,191.44,3459105
2026-02-19,NET,192.64,3001552
2026-02-20,NET,177.14,6606177
2026-02-23,NET,160.19,8524603
2026-02-24,NET,163.81,4803913
2026-02-25,NET,171.8,3881313
2026-02-26,NET,174.66,4101603
2026-02-27,NET,172.19,4441817
2026-03-02,NET,181.02,3356219
2026-03-03,NET,178.91,2782193
2026-03-04,NET,185.89,2744319
2026-03-05,NET,192.31,3825420
2026-03-06,NET,195.19,2862991
2026-03-09,NET,201.48,4229850
2026-03-10,NET,207.49,4181361
2026-03-11,NET,213.0,3423032
2026-03-12,NET,212.11,3602148
2026-03-13,NET,212.45,2542867
2026-03-16,NET,207.33,3311594
2026-03-17,NET,211.52,2954275
2026-03-18,NET,225.48,5973000
2026-03-19,NET,221.36,3846005
2026-03-20,NET,215.42,3927898
2026-03-23,NET,220.65,3940173
2026-03-24,NET,213.15,3290514
2026-03-25,NET,218.0,3236135
2026-03-26,NET,210.13,4060170
2026-03-27,NET,203.02,3753740
2026-03-30,NET,194.63,3961100
2026-03-31,NET,206.34,4159900
2026-04-01,NET,205.43,2259400
2026-04-02,NET,211.69,2101600
2026-04-06,NET,211.78,1987000
2026-04-07,NET,216.29,3731100
2026-04-08,NET,211.25,4120500
2026-04-09,NET,193.05,11428300
2026-04-10,NET,166.99,13738400
2026-04-13,NET,184.02,6596900
2026-04-14,NET,178.65,4888900
2026-04-15,NET,190.13,5285600
2026-04-16,NET,197.38,5330700
2026-04-17,NET,200.99,3635300
2026-04-20,NET,204.81,2608800
2026-04-21,NET,207.67,2628600
2026-04-22,NET,207.56,2055100
2026-04-23,NET,205.0,2426700
2026-04-24,NET,207.07,2076600
2026-04-27,NET,212.36,3503600
2026-04-28,NET,208.5,3291000
2026-04-29,NET,211.97,2349200
2026-04-30,NET,204.97,3053700
2026-05-01,NET,217.5,2993700
2026-05-04,NET,224.17,2781400
2026-05-05,NET,244.43,7171700
2026-05-06,NET,248.59,4746700
2026-05-07,NET,256.79,8959600
2026-05-08,NET,196.13,18919100
2026-05-11,NET,193.52,6525300
2026-05-12,NET,186.79,5560862
2026-02-02,NICE,109.37,523519
2026-02-03,NICE,108.98,1865545
2026-02-04,NICE,112.51,1199830
2026-02-05,NICE,110.48,1123013
2026-02-06,NICE,111.86,571929
2026-02-09,NICE,111.37,797486
2026-02-10,NICE,113.57,767060
2026-02-11,NICE,110.97,1091882
2026-02-12,NICE,105.69,2313925
2026-02-13,NICE,103.55,1510836
2026-02-17,NICE,95.31,1721800
2026-02-18,NICE,98.5,1402000
2026-02-19,NICE,111.55,2747400
2026-02-20,NICE,117.69,1033700
2026-02-23,NICE,114.36,1072800
2026-02-24,NICE,114.23,816500
2026-02-25,NICE,111.09,881700
2026-02-26,NICE,115.9,716400
2026-02-27,NICE,116.25,820100
2026-03-02,NICE,116.38,438000
2026-03-03,NICE,123.5,1001100
2026-03-04,NICE,126.86,1525000
2026-03-05,NICE,128.13,1183500
2026-03-06,NICE,127.52,655900
2026-03-09,NICE,125.63,602122
2026-03-10,NICE,122.59,412206
2026-03-11,NICE,120.23,473900
2026-03-12,NICE,118.36,376100
2026-03-13,NICE,117.39,394000
2026-03-16,NICE,117.84,423000
2026-03-17,NICE,118.87,252100
2026-03-18,NICE,117.46,304100
2026-03-19,NICE,119.4,304000
2026-03-20,NICE,118.36,550100
2026-03-23,NICE,117.01,325000
2026-03-24,NICE,109.98,596000
2026-03-25,NICE,109.51,488500
2026-03-26,NICE,109.41,468200
2026-03-27,NICE,108.35,826900
2026-03-30,NICE,108.77,1237900
2026-03-31,NICE,110.26,337700
2026-04-01,NICE,110.11,296800
2026-04-02,NICE,113.2,294700
2026-04-06,NICE,113.37,249400
2026-04-07,NICE,111.78,227600
2026-04-08,NICE,108.86,387700
2026-04-09,NICE,104.46,704800
2026-04-10,NICE,97.0,843800
2026-04-13,NICE,102.82,656900
2026-04-14,NICE,101.19,412200
2026-04-15,NICE,102.0,833600
2026-04-16,NICE,105.04,791400
2026-04-17,NICE,105.25,751700
2026-04-20,NICE,105.53,471800
2026-04-21,NICE,106.26,403900
2026-04-22,NICE,105.6,337100
2026-04-23,NICE,98.73,718200
2026-04-24,NICE,100.35,498200
2026-04-27,NICE,100.96,454900
2026-04-28,NICE,102.05,477700
2026-04-29,NICE,101.87,274600
2026-04-30,NICE,102.02,328400
2026-05-01,NICE,112.9,910500
2026-05-04,NICE,124.19,1213200
2026-05-05,NICE,125.01,781600
2026-05-06,NICE,96.85,2750800
2026-05-07,NICE,95.64,1146200
2026-05-08,NICE,92.73,877000
2026-05-11,NICE,91.39,1015200
2026-05-12,NICE,86.7,1147688
2026-02-02,NLR,144.72,751359
2026-02-03,NLR,151.69,797060
2026-02-04,NLR,142.01,1150475
2026-02-05,NLR,135.34,972399
2026-02-06,NLR,142.77,776527
2026-02-09,NLR,148.92,516477
2026-02-10,NLR,145.41,477956
2026-02-11,NLR,146.38,573528
2026-02-12,NLR,141.82,459880
2026-02-13,NLR,142.02,540932
2026-02-17,NLR,142.46,357607
2026-02-18,NLR,145.86,491733
2026-02-19,NLR,147.91,482828
2026-02-20,NLR,148.41,497952
2026-02-23,NLR,146.29,379702
2026-02-24,NLR,150.53,518469
2026-02-25,NLR,150.93,430940
2026-02-26,NLR,149.74,635434
2026-02-27,NLR,148.27,330419
2026-03-02,NLR,153.83,610972
2026-03-03,NLR,143.67,777875
2026-03-04,NLR,145.94,393599
2026-03-05,NLR,139.44,531488
2026-03-06,NLR,136.01,479572
2026-03-09,NLR,140.28,454692
2026-03-10,NLR,142.87,462354
2026-03-11,NLR,141.12,269948
2026-03-12,NLR,140.81,278523
2026-03-13,NLR,136.63,321838
2026-03-16,NLR,137.89,437676
2026-03-17,NLR,139.54,700604
2026-03-18,NLR,135.76,388583
2026-03-19,NLR,133.62,389789
2026-03-20,NLR,127.82,539610
2026-03-23,NLR,131.85,655641
2026-03-24,NLR,132.37,275044
2026-03-25,NLR,136.43,335042
2026-03-26,NLR,130.49,347810
2026-03-27,NLR,130.13,306977
2026-03-30,NLR,127.14,447300
2026-03-31,NLR,133.19,464127
2026-04-01,NLR,134.36,409604
2026-04-02,NLR,133.67,227996
2026-04-06,NLR,133.4,203707
2026-04-07,NLR,131.34,296722
2026-04-08,NLR,137.46,497614
2026-04-09,NLR,136.54,359420
2026-04-10,NLR,136.75,275704
2026-04-13,NLR,139.02,377217
2026-04-14,NLR,141.36,666084
2026-04-15,NLR,144.94,620598
2026-04-16,NLR,145.45,378925
2026-04-17,NLR,145.96,564232
2026-04-20,NLR,146.42,306600
2026-04-21,NLR,139.68,484700
2026-04-22,NLR,148.18,461100
2026-04-23,NLR,146.35,570700
2026-04-24,NLR,143.77,309000
2026-04-27,NLR,146.86,362600
2026-04-28,NLR,141.09,381200
2026-04-29,NLR,137.56,252700
2026-04-30,NLR,145.97,476700
2026-05-01,NLR,144.0,276200
2026-05-04,NLR,143.46,313900
2026-05-05,NLR,141.37,539500
2026-05-06,NLR,149.25,524400
2026-05-07,NLR,144.14,840500
2026-05-08,NLR,140.88,503500
2026-05-11,NLR,145.65,582600
2026-05-12,NLR,139.9,842380
2026-02-02,NOW,118.0,18889051
2026-02-03,NOW,109.77,34729641
2026-02-04,NOW,111.07,36718102
2026-02-05,NOW,102.63,36178840
2026-02-06,NOW,100.74,34727047
2026-02-09,NOW,103.87,23127391
2026-02-10,NOW,106.48,21869551
2026-02-11,NOW,100.58,26075980
2026-02-12,NOW,103.29,27213070
2026-02-13,NOW,107.08,22771170
2026-02-17,NOW,105.91,27342961
2026-02-18,NOW,107.81,18138721
2026-02-19,NOW,107.37,13224740
2026-02-20,NOW,104.27,15700310
2026-02-23,NOW,100.8,24199961
2026-02-24,NOW,102.49,18461699
2026-02-25,NOW,104.23,15493140
2026-02-26,NOW,109.3,26565080
2026-02-27,NOW,108.01,19085189
2026-03-02,NOW,109.42,14780510
2026-03-03,NOW,113.19,17606051
2026-03-04,NOW,113.86,17432039
2026-03-05,NOW,120.38,26567949
2026-03-06,NOW,124.34,25972279
2026-03-09,NOW,121.93,20324660
2026-03-10,NOW,116.61,21872619
2026-03-11,NOW,115.63,14594930
2026-03-12,NOW,112.97,18372090
2026-03-13,NOW,113.62,14846420
2026-03-16,NOW,114.88,12289430
2026-03-17,NOW,116.72,13368490
2026-03-18,NOW,113.71,10080120
2026-03-19,NOW,113.27,11361580
2026-03-20,NOW,110.38,18863010
2026-03-23,NOW,110.95,12219080
2026-03-24,NOW,104.65,17835240
2026-03-25,NOW,103.06,14728640
2026-03-26,NOW,103.64,11595350
2026-03-27,NOW,99.41,18109920
2026-03-30,NOW,104.97,18685641
2026-03-31,NOW,104.55,16821311
2026-04-01,NOW,104.04,12439650
2026-04-02,NOW,102.0,16629939
2026-04-06,NOW,102.42,9141302
2026-04-07,NOW,100.55,12008230
2026-04-08,NOW,97.47,19796900
2026-04-09,NOW,89.81,42131520
2026-04-10,NOW,83.0,58715602
2026-04-13,NOW,89.06,31675449
2026-04-14,NOW,87.79,25132670
2026-04-15,NOW,94.19,25835930
2026-04-16,NOW,96.44,21971840
2026-04-17,NOW,96.66,17754619
2026-04-20,NOW,99.72,20306570
2026-04-21,NOW,100.14,24147881
2026-04-22,NOW,103.07,35714832
2026-04-23,NOW,84.78,84103047
2026-04-24,NOW,90.17,39011793
2026-04-27,NOW,90.45,32789129
2026-04-28,NOW,90.49,20990420
2026-04-29,NOW,88.89,18646580
2026-04-30,NOW,88.31,22152199
2026-05-01,NOW,91.16,22911830
2026-05-04,NOW,91.97,21863490
2026-05-05,NOW,92.01,22756770
2026-05-06,NOW,89.05,23117900
2026-05-07,NOW,93.59,27960740
2026-05-08,NOW,91.18,24699020
2026-05-11,NOW,91.49,21402859
2026-05-12,NOW,89.0,22349861
2026-02-02,NTLA,13.06,3206052
2026-02-03,NTLA,13.05,3617048
2026-02-04,NTLA,12.36,4978146
2026-02-05,NTLA,11.09,5866487
2026-02-06,NTLA,12.28,4612997
2026-02-09,NTLA,12.49,4010140
2026-02-10,NTLA,11.91,2999350
2026-02-11,NTLA,12.0,3590637
2026-02-12,NTLA,11.62,2945870
2026-02-13,NTLA,11.87,2630058
2026-02-17,NTLA,12.22,2381500
2026-02-18,NTLA,12.48,2517400
2026-02-19,NTLA,13.04,2042200
2026-02-20,NTLA,12.64,2522800
2026-02-23,NTLA,13.16,2335400
2026-02-24,NTLA,13.58,2845500
2026-02-25,NTLA,13.42,2284800
2026-02-26,NTLA,14.28,4901600
2026-02-27,NTLA,13.78,3245400
2026-03-02,NTLA,15.44,14441900
2026-03-03,NTLA,13.605,8311500
2026-03-04,NTLA,13.82,5896500
2026-03-05,NTLA,13.15,4292400
2026-03-06,NTLA,13.44,3322900
2026-03-09,NTLA,13.89,4025671
2026-03-10,NTLA,13.47,2828148
2026-03-11,NTLA,13.01,3064700
2026-03-12,NTLA,12.85,3283000
2026-03-13,NTLA,12.76,2853900
2026-03-16,NTLA,13.38,3707800
2026-03-17,NTLA,13.48,2228300
2026-03-18,NTLA,13.21,2698400
2026-03-19,NTLA,13.15,2742700
2026-03-20,NTLA,12.84,5219400
2026-03-23,NTLA,13.11,3107000
2026-03-24,NTLA,12.81,3534500
2026-03-25,NTLA,13.26,3005800
2026-03-26,NTLA,13.24,5712800
2026-03-27,NTLA,12.37,3736300
2026-03-30,NTLA,11.65,3620700
2026-03-31,NTLA,12.82,4201800
2026-04-01,NTLA,13.27,3026800
2026-04-02,NTLA,13.13,2750500
2026-04-06,NTLA,13.3,1943400
2026-04-07,NTLA,13.55,2344100
2026-04-08,NTLA,13.87,3015600
2026-04-09,NTLA,13.83,1427300
2026-04-10,NTLA,13.49,1809100
2026-04-13,NTLA,14.26,3298300
2026-04-14,NTLA,14.78,2989900
2026-04-15,NTLA,14.94,2708800
2026-04-16,NTLA,14.16,3609700
2026-04-17,NTLA,14.95,3094700
2026-04-20,NTLA,15.21,2670700
2026-04-21,NTLA,15.31,4311100
2026-04-22,NTLA,16.57,3762700
2026-04-23,NTLA,15.87,5493800
2026-04-24,NTLA,13.63,9028400
2026-04-27,NTLA,13.04,27515000
2026-04-28,NTLA,13.2,15164300
2026-04-29,NTLA,12.445,26793600
2026-04-30,NTLA,13.48,13108700
2026-05-01,NTLA,13.26,5801000
2026-05-04,NTLA,13.87,6481900
2026-05-05,NTLA,13.31,4882300
2026-05-06,NTLA,13.85,3808500
2026-05-07,NTLA,13.71,4043600
2026-05-08,NTLA,14.09,5804300
2026-05-11,NTLA,14.42,7237900
2026-05-12,NTLA,13.99,4409552
2026-02-02,NTRA,231.1,1250361
2026-02-03,NTRA,227.68,937159
2026-02-04,NTRA,205.61,2452467
2026-02-05,NTRA,197.08,1783130
2026-02-06,NTRA,203.04,1563978
2026-02-09,NTRA,210.58,1183789
2026-02-10,NTRA,211.65,1054507
2026-02-11,NTRA,212.46,898399
2026-02-12,NTRA,207.835,931356
2026-02-13,NTRA,206.23,790455
2026-02-17,NTRA,211.25,791000
2026-02-18,NTRA,215.53,1002100
2026-02-19,NTRA,216.36,744500
2026-02-20,NTRA,212.12,1180400
2026-02-23,NTRA,209.35,776300
2026-02-24,NTRA,209.53,693400
2026-02-25,NTRA,211.83,1014000
2026-02-26,NTRA,216.1,1202700
2026-02-27,NTRA,208.04,2761800
2026-03-02,NTRA,200.17,1486700
2026-03-03,NTRA,207.04,1543000
2026-03-04,NTRA,203.03,859300
2026-03-05,NTRA,197.14,1464900
2026-03-06,NTRA,198.13,1226100
2026-03-09,NTRA,205.22,1422703
2026-03-10,NTRA,198.95,903174
2026-03-11,NTRA,196.61,1404600
2026-03-12,NTRA,190.31,1758700
2026-03-13,NTRA,187.85,1261700
2026-03-16,NTRA,197.68,1574900
2026-03-17,NTRA,198.38,1143100
2026-03-18,NTRA,197.79,1450800
2026-03-19,NTRA,202.73,1220200
2026-03-20,NTRA,195.28,2362700
2026-03-23,NTRA,200.09,853800
2026-03-24,NTRA,194.52,787200
2026-03-25,NTRA,197.37,666700
2026-03-26,NTRA,196.15,643500
2026-03-27,NTRA,182.65,1063200
2026-03-30,NTRA,186.84,995200
2026-03-31,NTRA,199.99,1419700
2026-04-01,NTRA,203.21,1294500
2026-04-02,NTRA,207.98,1279900
2026-04-06,NTRA,204.87,808800
2026-04-07,NTRA,209.27,906500
2026-04-08,NTRA,210.83,1094600
2026-04-09,NTRA,203.0,1490700
2026-04-10,NTRA,193.03,2871600
2026-04-13,NTRA,201.9,1203900
2026-04-14,NTRA,214.64,1734400
2026-04-15,NTRA,207.19,1381700
2026-04-16,NTRA,196.11,1848700
2026-04-17,NTRA,208.4,1427000
2026-04-20,NTRA,207.74,824800
2026-04-21,NTRA,205.42,769900
2026-04-22,NTRA,207.78,1001500
2026-04-23,NTRA,201.14,1166300
2026-04-24,NTRA,203.75,1000400
2026-04-27,NTRA,204.39,1064400
2026-04-28,NTRA,200.17,1664700
2026-04-29,NTRA,194.75,963700
2026-04-30,NTRA,206.16,1772700
2026-05-01,NTRA,207.28,946700
2026-05-04,NTRA,211.56,1291300
2026-05-05,NTRA,206.77,1065500
2026-05-06,NTRA,215.09,2136300
2026-05-07,NTRA,219.82,2765900
2026-05-08,NTRA,194.24,3925700
2026-05-11,NTRA,199.14,2041700
2026-05-12,NTRA,204.21,1566640
2026-02-02,NU,18.11,38723100
2026-02-03,NU,18.12,46798000
2026-02-04,NU,17.02,57903800
2026-02-05,NU,16.81,57809100
2026-02-06,NU,17.4,53460200
2026-02-09,NU,17.55,49567500
2026-02-10,NU,17.57,49285300
2026-02-11,NU,17.41,32776100
2026-02-12,NU,17.04,54608200
2026-02-13,NU,16.82,51797000
2026-02-17,NU,16.82,65102900
2026-02-18,NU,17.17,53407800
2026-02-19,NU,17.32,42259500
2026-02-20,NU,17.53,39775900
2026-02-23,NU,16.19,65734100
2026-02-24,NU,16.53,49705900
2026-02-25,NU,16.65,75506800
2026-02-26,NU,15.06,145169300
2026-02-27,NU,14.98,121614200
2026-03-02,NU,15.19,80744700
2026-03-03,NU,14.76,71785200
2026-03-04,NU,15.0,73352300
2026-03-05,NU,14.82,66399900
2026-03-06,NU,14.58,51946500
2026-03-09,NU,14.67,52743039
2026-03-10,NU,14.88,61764762
2026-03-11,NU,14.49,59096700
2026-03-12,NU,13.97,64424400
2026-03-13,NU,13.89,55098300
2026-03-16,NU,14.27,46676300
2026-03-17,NU,14.25,45310400
2026-03-18,NU,13.97,37001800
2026-03-19,NU,14.16,58471600
2026-03-20,NU,13.94,59568300
2026-03-23,NU,14.68,74516900
2026-03-24,NU,14.19,46555600
2026-03-25,NU,14.32,60243300
2026-03-26,NU,14.02,65543400
2026-03-27,NU,13.6,59336300
2026-03-30,NU,13.51,53833400
2026-03-31,NU,14.37,76179100
2026-04-01,NU,14.44,54557800
2026-04-02,NU,14.15,39307900
2026-04-06,NU,14.26,24864000
2026-04-07,NU,14.15,44729300
2026-04-08,NU,14.51,66293800
2026-04-09,NU,14.87,51501100
2026-04-10,NU,14.96,30148800
2026-04-13,NU,14.95,35793600
2026-04-14,NU,15.35,41613300
2026-04-15,NU,15.34,34218500
2026-04-16,NU,15.43,31990100
2026-04-17,NU,15.34,45168400
2026-04-20,NU,15.1,30494100
2026-04-21,NU,15.05,25744100
2026-04-22,NU,14.85,35428500
2026-04-23,NU,14.46,31777500
2026-04-24,NU,14.51,27077800
2026-04-27,NU,14.64,29284900
2026-04-28,NU,14.5,21784900
2026-04-29,NU,14.04,29599800
2026-04-30,NU,14.48,39202100
2026-05-01,NU,14.44,26140700
2026-05-04,NU,14.16,42710900
2026-05-05,NU,14.25,28857900
2026-05-06,NU,14.48,38729600
2026-05-07,NU,14.26,38026600
2026-05-08,NU,13.8,50885100
2026-05-11,NU,13.5,61451400
2026-05-12,NU,13.27,38066300
2026-02-02,NUE,180.3449,2295600
2026-02-03,NUE,185.8661,2392500
2026-02-04,NUE,189.3043,2383800
2026-02-05,NUE,185.8661,2216000
2026-02-06,NUE,192.1845,1670900
2026-02-09,NUE,192.4237,1365600
2026-02-10,NUE,191.3374,1824300
2026-02-11,NUE,193.7591,1647200
2026-02-12,NUE,188.1682,1799900
2026-02-13,NUE,182.6072,2453800
2026-02-17,NUE,183.0158,1391500
2026-02-18,NUE,183.9127,928300
2026-02-19,NUE,179.428,1987100
2026-02-20,NUE,179.3981,2073300
2026-02-23,NUE,178.2421,2135600
2026-02-24,NUE,174.5546,1696700
2026-02-25,NUE,174.8835,1443500
2026-02-26,NUE,175.0131,1372800
2026-02-27,NUE,176.2788,2367000
2026-03-02,NUE,179.9562,1602100
2026-03-03,NUE,176.797,1515800
2026-03-04,NUE,175.4715,1061400
2026-03-05,NUE,171.515,1775800
2026-03-06,NUE,168.1764,1479800
2026-03-09,NUE,168.894,1430600
2026-03-10,NUE,169.8507,1327600
2026-03-11,NUE,171.226,1425600
2026-03-12,NUE,165.1069,1275100
2026-03-13,NUE,162.9243,1002800
2026-03-16,NUE,162.1868,1080500
2026-03-17,NUE,161.5291,918300
2026-03-18,NUE,160.6122,1149900
2026-03-19,NUE,161.3995,1476100
2026-03-20,NUE,158.041,2710900
2026-03-23,NUE,160.074,2185800
2026-03-24,NUE,162.1868,1874800
2026-03-25,NUE,164.6086,1402000
2026-03-26,NUE,165.4457,1444600
2026-03-27,NUE,162.8147,1080800
2026-03-30,NUE,164.19,853500
2026-03-31,NUE,169.1,1515600
2026-04-01,NUE,173.72,1413100
2026-04-02,NUE,172.46,1209800
2026-04-06,NUE,169.59,932000
2026-04-07,NUE,173.26,1685900
2026-04-08,NUE,182.16,1674100
2026-04-09,NUE,184.0,1538300
2026-04-10,NUE,186.12,1644100
2026-04-13,NUE,189.67,1137700
2026-04-14,NUE,190.04,982800
2026-04-15,NUE,189.6,1044300
2026-04-16,NUE,191.85,1311700
2026-04-17,NUE,195.87,1546100
2026-04-20,NUE,202.26,1370500
2026-04-21,NUE,208.06,1941200
2026-04-22,NUE,214.26,2319400
2026-04-23,NUE,212.95,1990800
2026-04-24,NUE,214.29,1260200
2026-04-27,NUE,215.0,1414400
2026-04-28,NUE,225.11,3584700
2026-04-29,NUE,222.39,1633200
2026-04-30,NUE,225.29,2314300
2026-05-01,NUE,226.04,1227600
2026-05-04,NUE,225.81,979600
2026-05-05,NUE,232.07,1398200
2026-05-06,NUE,234.22,1220200
2026-05-07,NUE,226.7,1766900
2026-05-08,NUE,227.5,965100
2026-05-11,NUE,232.0,1612000
2026-05-12,NUE,229.83,1577564
2026-02-02,NUKZ,69.12,110100
2026-02-03,NUKZ,70.58,118800
2026-02-04,NUKZ,68.11,167900
2026-02-05,NUKZ,66.79,126900
2026-02-06,NUKZ,70.15,181300
2026-02-09,NUKZ,71.92,123600
2026-02-10,NUKZ,71.02,183300
2026-02-11,NUKZ,71.2,148400
2026-02-12,NUKZ,69.89,133600
2026-02-13,NUKZ,70.71,73600
2026-02-17,NUKZ,70.8,100600
2026-02-18,NUKZ,71.26,88900
2026-02-19,NUKZ,71.8,77400
2026-02-20,NUKZ,72.44,72600
2026-02-23,NUKZ,71.55,83200
2026-02-24,NUKZ,73.07,116000
2026-02-25,NUKZ,74.03,97900
2026-02-26,NUKZ,73.71,145900
2026-02-27,NUKZ,73.36,126700
2026-03-02,NUKZ,74.36,125600
2026-03-03,NUKZ,70.79,188500
2026-03-04,NUKZ,71.29,96600
2026-03-05,NUKZ,69.52,106000
2026-03-06,NUKZ,68.22,79000
2026-03-09,NUKZ,69.78,123120
2026-03-10,NUKZ,70.4,83736
2026-03-11,NUKZ,69.85,92800
2026-03-12,NUKZ,68.84,80000
2026-03-13,NUKZ,67.56,70800
2026-03-16,NUKZ,68.87,77500
2026-03-17,NUKZ,69.12,56900
2026-03-18,NUKZ,68.72,49900
2026-03-19,NUKZ,68.3,58700
2026-03-20,NUKZ,65.65,97200
2026-03-23,NUKZ,66.95,99800
2026-03-24,NUKZ,67.16,81900
2026-03-25,NUKZ,68.35,47900
2026-03-26,NUKZ,66.12,40300
2026-03-27,NUKZ,64.89,83400
2026-03-30,NUKZ,63.46,113800
2026-03-31,NUKZ,65.77,168500
2026-04-01,NUKZ,67.21,92100
2026-04-02,NUKZ,67.0,61200
2026-04-06,NUKZ,67.21,49800
2026-04-07,NUKZ,66.42,38800
2026-04-08,NUKZ,69.87,84400
2026-04-09,NUKZ,69.49,52600
2026-04-10,NUKZ,69.66,132500
2026-04-13,NUKZ,70.24,64700
2026-04-14,NUKZ,71.48,82400
2026-04-15,NUKZ,72.07,74300
2026-04-16,NUKZ,71.88,84100
2026-04-17,NUKZ,73.1,65800
2026-04-20,NUKZ,72.68,102800
2026-04-21,NUKZ,70.54,89300
2026-04-22,NUKZ,73.69,71000
2026-04-23,NUKZ,73.5,97500
2026-04-24,NUKZ,73.54,83800
2026-04-27,NUKZ,74.02,88700
2026-04-28,NUKZ,72.24,57700
2026-04-29,NUKZ,70.36,80100
2026-04-30,NUKZ,73.26,110700
2026-05-01,NUKZ,72.85,88700
2026-05-04,NUKZ,72.6,79700
2026-05-05,NUKZ,72.96,94200
2026-05-06,NUKZ,76.23,410000
2026-05-07,NUKZ,73.59,415700
2026-05-08,NUKZ,73.19,192800
2026-05-11,NUKZ,74.79,202900
2026-05-12,NUKZ,72.6,162602
2026-02-02,NVDA,185.6,165794094
2026-02-03,NVDA,180.3302,204019594
2026-02-04,NVDA,174.1806,207014094
2026-02-05,NVDA,171.8707,206312891
2026-02-06,NVDA,185.4,231346203
2026-02-09,NVDA,190.0297,196387391
2026-02-10,NVDA,188.5298,136764797
2026-02-11,NVDA,190.0397,144192703
2026-02-12,NVDA,186.9299,189932500
2026-02-13,NVDA,182.8001,161888000
2026-02-17,NVDA,184.96,162276891
2026-02-18,NVDA,187.9698,164749109
2026-02-19,NVDA,187.8898,126554492
2026-02-20,NVDA,189.8097,178422297
2026-02-23,NVDA,191.5396,171584797
2026-02-24,NVDA,192.8396,175123594
2026-02-25,NVDA,195.5494,250637109
2026-02-26,NVDA,184.88,360807906
2026-02-27,NVDA,177.1804,311636500
2026-03-02,NVDA,182.4701,209095297
2026-03-03,NVDA,180.0403,178099391
2026-03-04,NVDA,183.0301,177731203
2026-03-05,NVDA,183.3301,198779703
2026-03-06,NVDA,177.8104,189021906
2026-03-09,NVDA,182.6401,177213594
2026-03-10,NVDA,184.76,179118500
2026-03-11,NVDA,186.03,145280406
2026-03-12,NVDA,183.14,155762703
2026-03-13,NVDA,180.25,160988406
2026-03-16,NVDA,183.22,217307391
2026-03-17,NVDA,181.93,182497797
2026-03-18,NVDA,180.4,156683109
2026-03-19,NVDA,178.56,170968500
2026-03-20,NVDA,172.7,241323500
2026-03-23,NVDA,175.64,182836297
2026-03-24,NVDA,175.2,147667812
2026-03-25,NVDA,178.68,162602094
2026-03-26,NVDA,171.24,186152188
2026-03-27,NVDA,167.52,196212703
2026-03-30,NVDA,165.17,185627016
2026-03-31,NVDA,174.4,226181297
2026-04-01,NVDA,175.75,168132000
2026-04-02,NVDA,177.39,143143203
2026-04-06,NVDA,177.64,107564305
2026-04-07,NVDA,178.1,132534891
2026-04-08,NVDA,182.08,147732703
2026-04-09,NVDA,183.91,116428492
2026-04-10,NVDA,188.63,160459500
2026-04-13,NVDA,189.31,133648203
2026-04-14,NVDA,196.51,161307016
2026-04-15,NVDA,198.87,185338406
2026-04-16,NVDA,198.35,134012891
2026-04-17,NVDA,201.68,160324406
2026-04-20,NVDA,202.06,119381398
2026-04-21,NVDA,199.88,107945297
2026-04-22,NVDA,202.5,107501000
2026-04-23,NVDA,199.64,113561797
2026-04-24,NVDA,208.27,214134406
2026-04-27,NVDA,216.61,187172406
2026-04-28,NVDA,213.17,180275391
2026-04-29,NVDA,209.25,123711797
2026-04-30,NVDA,199.57,225239203
2026-05-01,NVDA,198.45,128647000
2026-05-04,NVDA,198.48,125368094
2026-05-05,NVDA,196.5,113406602
2026-05-06,NVDA,207.83,188362797
2026-05-07,NVDA,211.5,168307906
2026-05-08,NVDA,215.2,136421406
2026-05-11,NVDA,219.44,160685797
2026-05-12,NVDA,220.78,159176619
2026-02-02,NVO,56.8452,16647900
2026-02-03,NVO,48.5205,69933200
2026-02-04,NVO,45.5205,46859700
2026-02-05,NVO,41.8067,54446100
2026-02-06,NVO,45.9546,36856600
2026-02-09,NVO,47.6234,30096900
2026-02-10,NVO,47.3823,15847900
2026-02-11,NVO,47.0157,12245000
2026-02-12,NVO,47.199,11708500
2026-02-13,NVO,47.8163,10156100
2026-02-17,NVO,47.6234,9892700
2026-02-18,NVO,47.4884,11296400
2026-02-19,NVO,46.736,8289400
2026-02-20,NVO,45.7424,12285800
2026-02-23,NVO,38.228,98664000
2026-02-24,NVO,37.2248,43931700
2026-02-25,NVO,36.81,55460000
2026-02-26,NVO,36.2891,35499000
2026-02-27,NVO,36.1251,24222700
2026-03-02,NVO,36.4242,22094200
2026-03-03,NVO,35.3631,34247800
2026-03-04,NVO,37.138,26808100
2026-03-05,NVO,37.6878,21579000
2026-03-06,NVO,37.2151,15632400
2026-03-09,NVO,38.3727,23796000
2026-03-10,NVO,37.3502,20832600
2026-03-11,NVO,37.4563,13208200
2026-03-12,NVO,36.675,17123000
2026-03-13,NVO,36.6171,11608600
2026-03-16,NVO,37.2151,11442700
2026-03-17,NVO,37.0704,12174900
2026-03-18,NVO,36.1251,26115900
2026-03-19,NVO,35.7682,21364500
2026-03-20,NVO,35.2377,26367700
2026-03-23,NVO,35.5174,15011800
2026-03-24,NVO,35.5849,16143300
2026-03-25,NVO,35.0447,16442700
2026-03-26,NVO,35.1123,20602800
2026-03-27,NVO,34.765,14694600
2026-03-30,NVO,35.29,17393800
2026-03-31,NVO,36.75,18979200
2026-04-01,NVO,36.48,24090600
2026-04-02,NVO,36.98,14695800
2026-04-06,NVO,36.67,11535500
2026-04-07,NVO,36.91,13916300
2026-04-08,NVO,37.61,13882500
2026-04-09,NVO,37.44,11231700
2026-04-10,NVO,37.52,11400500
2026-04-13,NVO,37.98,12692200
2026-04-14,NVO,39.32,19729300
2026-04-15,NVO,40.81,19479400
2026-04-16,NVO,40.93,16083800
2026-04-17,NVO,40.52,13204000
2026-04-20,NVO,40.46,10467100
2026-04-21,NVO,39.42,25186400
2026-04-22,NVO,39.15,17620600
2026-04-23,NVO,38.52,12266500
2026-04-24,NVO,41.17,25017300
2026-04-27,NVO,41.2,19367700
2026-04-28,NVO,41.17,16387700
2026-04-29,NVO,40.29,16339400
2026-04-30,NVO,42.22,25208100
2026-05-01,NVO,43.88,26254500
2026-05-04,NVO,44.39,18675700
2026-05-05,NVO,44.87,21292000
2026-05-06,NVO,45.76,30895000
2026-05-07,NVO,45.8,16912600
2026-05-08,NVO,46.07,12054100
2026-05-11,NVO,46.4,17851600
2026-05-12,NVO,47.0,14181393
2026-02-02,NVT,115.6197,2570500
2026-02-03,NVT,119.2543,2989500
2026-02-04,NVT,116.5183,3356800
2026-02-05,NVT,113.7025,3752600
2026-02-06,NVT,112.4743,4986600
2026-02-09,NVT,114.4514,3500600
2026-02-10,NVT,111.985,2664000
2026-02-11,NVT,112.5841,3930500
2026-02-12,NVT,111.7354,3403300
2026-02-13,NVT,113.0834,1796800
2026-02-17,NVT,115.0505,2206700
2026-02-18,NVT,115.4799,1946400
2026-02-19,NVT,116.7081,1228300
2026-02-20,NVT,116.6981,1947300
2026-02-23,NVT,114.7609,2279200
2026-02-24,NVT,118.0461,1684300
2026-02-25,NVT,121.6208,2811600
2026-02-26,NVT,121.6108,2573500
2026-02-27,NVT,118.1859,3341000
2026-03-02,NVT,120.0931,1904200
2026-03-03,NVT,111.4858,3228800
2026-03-04,NVT,113.6626,2580100
2026-03-05,NVT,110.3874,2007800
2026-03-06,NVT,105.864,1924400
2026-03-09,NVT,107.9709,2746500
2026-03-10,NVT,108.9695,1961900
2026-03-11,NVT,110.9266,2306500
2026-03-12,NVT,107.7113,1971700
2026-03-13,NVT,109.7683,2601400
2026-03-16,NVT,114.1319,2690900
2026-03-17,NVT,114.5413,1510100
2026-03-18,NVT,120.0931,4831100
2026-03-19,NVT,122.3997,2735000
2026-03-20,NVT,116.1289,4206600
2026-03-23,NVT,120.822,2658900
2026-03-24,NVT,125.4252,2465400
2026-03-25,NVT,126.8232,2062400
2026-03-26,NVT,118.2658,2144700
2026-03-27,NVT,116.8079,1741700
2026-03-30,NVT,112.5841,1745600
2026-03-31,NVT,118.106,1888600
2026-04-01,NVT,121.0816,1774500
2026-04-02,NVT,117.7865,2593900
2026-04-06,NVT,117.2373,1355900
2026-04-07,NVT,118.7451,1330800
2026-04-08,NVT,126.923,3174800
2026-04-09,NVT,128.4408,1363500
2026-04-10,NVT,130.3679,1285300
2026-04-13,NVT,132.9641,1905500
2026-04-14,NVT,134.2822,2092600
2026-04-15,NVT,131.1867,2374800
2026-04-16,NVT,129.5092,2138600
2026-04-17,NVT,134.4919,2351600
2026-04-20,NVT,135.6002,1265000
2026-04-21,NVT,136.7985,1667300
2026-04-22,NVT,139.9239,2203500
2026-04-23,NVT,142.55,2855500
2026-04-24,NVT,142.17,2233500
2026-04-27,NVT,141.71,2094300
2026-04-28,NVT,138.3,2161000
2026-04-29,NVT,137.37,1660100
2026-04-30,NVT,142.9,2628900
2026-05-01,NVT,158.92,5132800
2026-05-04,NVT,162.69,3894600
2026-05-05,NVT,169.41,2796400
2026-05-06,NVT,172.49,3107600
2026-05-07,NVT,166.73,2537600
2026-05-08,NVT,169.95,1703300
2026-05-11,NVT,173.39,1881200
2026-05-12,NVT,170.74,1686223
2026-02-02,NXPI,229.8869,3698400
2026-02-03,NXPI,219.5207,8724500
2026-02-04,NXPI,225.6887,5830700
2026-02-05,NXPI,220.9832,2760200
2026-02-06,NXPI,223.1619,4588200
2026-02-09,NXPI,227.7282,2606800
2026-02-10,NXPI,235.3983,3013400
2026-02-11,NXPI,248.4606,4863400
2026-02-12,NXPI,240.9396,3628600
2026-02-13,NXPI,243.168,2012800
2026-02-17,NXPI,243.8246,1727900
2026-02-18,NXPI,236.1047,2885500
2026-02-19,NXPI,230.9116,2451600
2026-02-20,NXPI,231.0708,2120200
2026-02-23,NXPI,229.9665,1703500
2026-02-24,NXPI,233.4186,1976100
2026-02-25,NXPI,233.8563,1597500
2026-02-26,NXPI,231.031,3068900
2026-02-27,NXPI,225.838,2951900
2026-03-02,NXPI,223.5996,1667600
2026-03-03,NXPI,214.1387,3168800
2026-03-04,NXPI,215.2529,2372100
2026-03-05,NXPI,209.4928,3308800
2026-03-06,NXPI,200.6984,3105200
2026-03-09,NXPI,204.1903,3696600
2026-03-10,NXPI,201.9818,2525900
2026-03-11,NXPI,198.8381,2482800
2026-03-12,NXPI,190.2327,3419800
2026-03-13,NXPI,189.8746,2882700
2026-03-16,NXPI,190.8993,2826500
2026-03-17,NXPI,193.0183,1578900
2026-03-18,NXPI,191.6952,2178600
2026-03-19,NXPI,191.3569,2107300
2026-03-20,NXPI,190.382,4211800
2026-03-23,NXPI,193.39,2325200
2026-03-24,NXPI,196.4,1693600
2026-03-25,NXPI,197.61,1601800
2026-03-26,NXPI,196.92,3635100
2026-03-27,NXPI,191.66,2037500
2026-03-30,NXPI,187.39,3581700
2026-03-31,NXPI,196.86,4560300
2026-04-01,NXPI,195.58,3403700
2026-04-02,NXPI,194.55,2486600
2026-04-06,NXPI,197.08,2152300
2026-04-07,NXPI,195.12,2352900
2026-04-08,NXPI,204.27,3851900
2026-04-09,NXPI,205.67,2706400
2026-04-10,NXPI,204.37,2420400
2026-04-13,NXPI,208.0,2372700
2026-04-14,NXPI,209.89,2547800
2026-04-15,NXPI,209.39,1542400
2026-04-16,NXPI,213.73,2715700
2026-04-17,NXPI,216.03,4289700
2026-04-20,NXPI,221.34,2568100
2026-04-21,NXPI,224.5,3362500
2026-04-22,NXPI,225.75,2567300
2026-04-23,NXPI,241.16,4580400
2026-04-24,NXPI,244.04,3579400
2026-04-27,NXPI,236.87,4010200
2026-04-28,NXPI,230.39,4731200
2026-04-29,NXPI,289.25,10710600
2026-04-30,NXPI,293.59,5079900
2026-05-01,NXPI,295.24,2829800
2026-05-04,NXPI,290.76,2675000
2026-05-05,NXPI,292.35,4332900
2026-05-06,NXPI,303.55,4488500
2026-05-07,NXPI,290.22,4957300
2026-05-08,NXPI,294.75,6908800
2026-05-11,NXPI,305.99,4975600
2026-05-12,NXPI,294.23,4788563
2026-02-02,O,59.7605,5991300
2026-02-03,O,60.6786,6668800
2026-02-04,O,61.6659,8623800
2026-02-05,O,62.5545,8392500
2026-02-06,O,62.4261,4717600
2026-02-09,O,62.2879,4743300
2026-02-10,O,63.0876,5549400
2026-02-11,O,63.68,6624500
2026-02-12,O,63.9564,13316800
2026-02-13,O,64.8252,5767300
2026-02-17,O,65.6447,6984500
2026-02-18,O,64.2427,7854600
2026-02-19,O,64.6673,5367700
2026-02-20,O,65.2991,5576800
2026-02-23,O,65.8323,5348700
2026-02-24,O,65.6743,6000000
2026-02-25,O,65.151,6953600
2026-02-26,O,65.7533,6314300
2026-02-27,O,66.4175,13326200
2026-03-02,O,66.9726,6736300
2026-03-03,O,65.9813,6168000
2026-03-04,O,65.4262,7227200
2026-03-05,O,64.2366,8189500
2026-03-06,O,64.4348,6236800
2026-03-09,O,64.3754,7143400
2026-03-10,O,64.3159,5113700
2026-03-11,O,64.1474,5318300
2026-03-12,O,64.4646,6149100
2026-03-13,O,63.8797,5752200
2026-03-16,O,64.3555,6842400
2026-03-17,O,63.5328,6457800
2026-03-18,O,62.4919,6777100
2026-03-19,O,62.0954,4695900
2026-03-20,O,60.4201,10257300
2026-03-23,O,60.3209,7383700
2026-03-24,O,59.9343,5404400
2026-03-25,O,59.5378,5576100
2026-03-26,O,59.746,3980800
2026-03-27,O,60.1623,5341600
2026-03-30,O,60.6183,5113000
2026-03-31,O,60.918,7479500
2026-04-01,O,61.615,5998900
2026-04-02,O,61.9436,6168200
2026-04-06,O,61.5653,3712000
2026-04-07,O,61.9635,4609500
2026-04-08,O,62.5211,8524000
2026-04-09,O,62.9294,4289200
2026-04-10,O,63.477,5577500
2026-04-13,O,63.0489,5086700
2026-04-14,O,63.5368,4391000
2026-04-15,O,63.6861,4907700
2026-04-16,O,64.3632,4200900
2026-04-17,O,64.8113,5151200
2026-04-20,O,64.642,4092300
2026-04-21,O,63.726,6721100
2026-04-22,O,63.0688,5461600
2026-04-23,O,63.8056,3660600
2026-04-24,O,63.0588,4133500
2026-04-27,O,62.4813,4742700
2026-04-28,O,63.2779,5219300
2026-04-29,O,63.019,4855100
2026-04-30,O,64.24,7824200
2026-05-01,O,63.81,4658200
2026-05-04,O,63.45,4361000
2026-05-05,O,63.57,3611700
2026-05-06,O,64.01,5081400
2026-05-07,O,61.79,13525000
2026-05-08,O,61.92,7270800
2026-05-11,O,62.36,5683200
2026-05-12,O,62.53,4186084
2026-02-02,OGN,8.1675,5591000
2026-02-03,OGN,7.9683,4569900
2026-02-04,OGN,8.2571,4013100
2026-02-05,OGN,8.0679,3561900
2026-02-06,OGN,8.1775,4017800
2026-02-09,OGN,7.8786,4588000
2026-02-10,OGN,7.779,4174900
2026-02-11,OGN,7.6595,4474100
2026-02-12,OGN,7.032,12632600
2026-02-13,OGN,7.3607,5487500
2026-02-17,OGN,7.2511,3791200
2026-02-18,OGN,7.4304,3681200
2026-02-19,OGN,7.4902,3046600
2026-02-20,OGN,8.0679,6717700
2026-02-23,OGN,7.9081,4074600
2026-02-24,OGN,8.1278,4680000
2026-02-25,OGN,7.4987,5084000
2026-02-26,OGN,7.2192,4436000
2026-02-27,OGN,7.2791,3740200
2026-03-02,OGN,7.1792,2836700
2026-03-03,OGN,6.8897,2629200
2026-03-04,OGN,6.8597,3152200
2026-03-05,OGN,6.6999,2927000
2026-03-06,OGN,6.5502,2547300
2026-03-09,OGN,6.5202,3764200
2026-03-10,OGN,6.4703,3801300
2026-03-11,OGN,6.3904,2456100
2026-03-12,OGN,6.3205,4055900
2026-03-13,OGN,6.3405,2839400
2026-03-16,OGN,6.3305,3536600
2026-03-17,OGN,6.3804,2774600
2026-03-18,OGN,6.2207,3315400
2026-03-19,OGN,6.2606,2670800
2026-03-20,OGN,6.021,6335800
2026-03-23,OGN,6.0809,5920100
2026-03-24,OGN,6.1008,3942700
2026-03-25,OGN,6.0909,3743200
2026-03-26,OGN,6.0409,2519800
2026-03-27,OGN,5.8313,2931000
2026-03-30,OGN,5.6915,3270500
2026-03-31,OGN,5.981,3003200
2026-04-01,OGN,6.1308,4465600
2026-04-02,OGN,6.3505,3396700
2026-04-06,OGN,6.0409,2960100
2026-04-07,OGN,6.1108,3022200
2026-04-08,OGN,5.8512,4985300
2026-04-09,OGN,6.8996,10019100
2026-04-10,OGN,8.8168,39484100
2026-04-13,OGN,8.5272,14085200
2026-04-14,OGN,8.687,6954900
2026-04-15,OGN,9.1962,9638400
2026-04-16,OGN,9.316,10268300
2026-04-17,OGN,9.7454,7003200
2026-04-20,OGN,9.2461,7249800
2026-04-21,OGN,8.8268,5599700
2026-04-22,OGN,9.1263,6603900
2026-04-23,OGN,8.5871,4266000
2026-04-24,OGN,11.2431,31875900
2026-04-27,OGN,13.1403,133824400
2026-04-28,OGN,13.3,36739800
2026-04-29,OGN,13.32,17214600
2026-04-30,OGN,13.2301,14909200
2026-05-01,OGN,13.2701,9978200
2026-05-04,OGN,13.2401,6412100
2026-05-05,OGN,13.33,7240000
2026-05-06,OGN,13.3899,8263600
2026-05-07,OGN,13.3,8092600
2026-05-08,OGN,13.33,6777300
2026-05-11,OGN,13.33,4928200
2026-05-12,OGN,13.31,4864400
2026-02-02,OII,30.53,1125500
2026-02-03,OII,31.4,993600
2026-02-04,OII,30.97,1268600
2026-02-05,OII,29.77,979900
2026-02-06,OII,32.19,1302400
2026-02-09,OII,33.16,1408700
2026-02-10,OII,32.77,920400
2026-02-11,OII,34.29,1177000
2026-02-12,OII,32.24,1438600
2026-02-13,OII,33.15,983000
2026-02-17,OII,32.36,1228200
2026-02-18,OII,33.09,2055000
2026-02-19,OII,36.18,3114800
2026-02-20,OII,34.79,2261900
2026-02-23,OII,37.22,1714200
2026-02-24,OII,38.82,1977000
2026-02-25,OII,37.92,2288500
2026-02-26,OII,37.57,1160400
2026-02-27,OII,35.5,1744500
2026-03-02,OII,35.87,1028600
2026-03-03,OII,35.17,1107000
2026-03-04,OII,35.14,943000
2026-03-05,OII,34.44,902800
2026-03-06,OII,34.21,935000
2026-03-09,OII,34.99,1448132
2026-03-10,OII,36.14,1867503
2026-03-11,OII,35.34,1562200
2026-03-12,OII,35.44,2137300
2026-03-13,OII,33.28,1554200
2026-03-16,OII,33.69,1566300
2026-03-17,OII,34.55,1048400
2026-03-18,OII,33.87,1106800
2026-03-19,OII,35.07,1212300
2026-03-20,OII,34.96,2210900
2026-03-23,OII,36.29,1228600
2026-03-24,OII,37.2,1093600
2026-03-25,OII,36.13,816900
2026-03-26,OII,36.52,755600
2026-03-27,OII,36.33,878300
2026-03-30,OII,34.46,949400
2026-03-31,OII,35.47,1090200
2026-04-01,OII,34.37,973500
2026-04-02,OII,35.56,992200
2026-04-06,OII,36.59,845800
2026-04-07,OII,37.49,932100
2026-04-08,OII,36.32,1770900
2026-04-09,OII,36.45,1045100
2026-04-10,OII,36.2,551400
2026-04-13,OII,37.43,826000
2026-04-14,OII,35.93,830500
2026-04-15,OII,35.77,1035600
2026-04-16,OII,36.73,1170900
2026-04-17,OII,37.45,2600200
2026-04-20,OII,37.1,1217600
2026-04-21,OII,37.82,1183200
2026-04-22,OII,38.47,1564200
2026-04-23,OII,38.01,2186100
2026-04-24,OII,37.35,1513500
2026-04-27,OII,37.99,1046600
2026-04-28,OII,37.56,875300
2026-04-29,OII,36.0,1343200
2026-04-30,OII,37.54,1267700
2026-05-01,OII,37.07,1251300
2026-05-04,OII,37.35,928081
2026-05-05,OII,37.66,750076
2026-05-06,OII,37.07,1129400
2026-05-07,OII,36.58,1157000
2026-05-08,OII,36.54,1058900
2026-05-11,OII,37.93,965800
2026-05-12,OII,38.07,934916
2026-02-02,OKLO,73.62,11421900
2026-02-03,OKLO,78.0,10640110
2026-02-04,OKLO,68.23,19015109
2026-02-05,OKLO,62.14,11726120
2026-02-06,OKLO,71.1,12709740
2026-02-09,OKLO,75.05,8376071
2026-02-10,OKLO,69.47,8060263
2026-02-11,OKLO,66.23,8984475
2026-02-12,OKLO,63.92,7938479
2026-02-13,OKLO,65.69,6085807
2026-02-17,OKLO,67.64,6074399
2026-02-18,OKLO,67.39,5217014
2026-02-19,OKLO,67.64,5446632
2026-02-20,OKLO,63.83,7083082
2026-02-23,OKLO,63.09,6173606
2026-02-24,OKLO,65.06,6697997
2026-02-25,OKLO,66.32,6044277
2026-02-26,OKLO,69.07,8025947
2026-02-27,OKLO,62.95,8187084
2026-03-02,OKLO,64.68,7190571
2026-03-03,OKLO,63.3,5983547
2026-03-04,OKLO,65.65,6168960
2026-03-05,OKLO,62.03,9806842
2026-03-06,OKLO,58.25,8836851
2026-03-09,OKLO,61.78,8297548
2026-03-10,OKLO,61.38,6064594
2026-03-11,OKLO,62.76,6280488
2026-03-12,OKLO,59.59,7154187
2026-03-13,OKLO,58.37,5841009
2026-03-16,OKLO,59.69,6306437
2026-03-17,OKLO,60.53,19128900
2026-03-18,OKLO,56.7,11984810
2026-03-19,OKLO,54.69,9444902
2026-03-20,OKLO,53.97,12577720
2026-03-23,OKLO,56.26,9233206
2026-03-24,OKLO,54.96,7418550
2026-03-25,OKLO,55.27,6012039
2026-03-26,OKLO,51.81,7246325
2026-03-27,OKLO,50.23,6419401
2026-03-30,OKLO,45.58,10856100
2026-03-31,OKLO,49.59,9401200
2026-04-01,OKLO,48.07,8033100
2026-04-02,OKLO,48.13,5533400
2026-04-06,OKLO,48.76,4911200
2026-04-07,OKLO,46.59,6855100
2026-04-08,OKLO,50.21,8582400
2026-04-09,OKLO,47.75,5966100
2026-04-10,OKLO,50.25,7166900
2026-04-13,OKLO,53.94,8487300
2026-04-14,OKLO,58.58,18440900
2026-04-15,OKLO,63.35,21905500
2026-04-16,OKLO,64.21,18341000
2026-04-17,OKLO,66.81,24357200
2026-04-20,OKLO,68.13,12883000
2026-04-21,OKLO,62.61,15258400
2026-04-22,OKLO,72.41,18164400
2026-04-23,OKLO,76.46,31945500
2026-04-24,OKLO,71.0,23265300
2026-04-27,OKLO,75.93,18897100
2026-04-28,OKLO,69.09,14842400
2026-04-29,OKLO,64.98,16156500
2026-04-30,OKLO,72.5,14651900
2026-05-01,OKLO,70.4,10510600
2026-05-04,OKLO,68.6,8854500
2026-05-05,OKLO,68.38,8280400
2026-05-06,OKLO,79.62,23036800
2026-05-07,OKLO,71.83,14637200
2026-05-08,OKLO,72.51,10013600
2026-05-11,OKLO,78.13,17333300
2026-05-12,OKLO,73.63,14806580
2026-02-02,OKTA,88.13,3088175
2026-02-03,OKTA,82.31,3585911
2026-02-04,OKTA,83.42,2986359
2026-02-05,OKTA,82.15,2882338
2026-02-06,OKTA,86.74,3303601
2026-02-09,OKTA,88.18,3275207
2026-02-10,OKTA,88.45,1733799
2026-02-11,OKTA,88.18,2512576
2026-02-12,OKTA,84.91,2615950
2026-02-13,OKTA,87.26,2289854
2026-02-17,OKTA,82.46,2870400
2026-02-18,OKTA,82.93,2773000
2026-02-19,OKTA,81.8,2202600
2026-02-20,OKTA,74.29,6074100
2026-02-23,OKTA,69.51,4773800
2026-02-24,OKTA,71.14,3955900
2026-02-25,OKTA,73.005,4326600
2026-02-26,OKTA,75.25,4405200
2026-02-27,OKTA,72.5,4694800
2026-03-02,OKTA,73.97,3467700
2026-03-03,OKTA,72.52,4096500
2026-03-04,OKTA,71.74,6862400
2026-03-05,OKTA,79.65,8969600
2026-03-06,OKTA,80.72,4563500
2026-03-09,OKTA,79.71,2827653
2026-03-10,OKTA,79.61,3167967
2026-03-11,OKTA,80.85,3193100
2026-03-12,OKTA,78.95,2968400
2026-03-13,OKTA,79.16,2209400
2026-03-16,OKTA,77.16,2759100
2026-03-17,OKTA,78.53,2002700
2026-03-18,OKTA,78.43,2139900
2026-03-19,OKTA,80.76,3048500
2026-03-20,OKTA,78.41,6646300
2026-03-23,OKTA,81.1,2847900
2026-03-24,OKTA,76.76,3515500
2026-03-25,OKTA,78.12,4702400
2026-03-26,OKTA,79.38,3466700
2026-03-27,OKTA,73.23,4228400
2026-03-30,OKTA,75.47,4870300
2026-03-31,OKTA,78.71,3275100
2026-04-01,OKTA,79.145,3039500
2026-04-02,OKTA,80.19,3077800
2026-04-06,OKTA,80.56,3131000
2026-04-07,OKTA,79.34,3706900
2026-04-08,OKTA,76.04,4972500
2026-04-09,OKTA,67.76,5428200
2026-04-10,OKTA,62.93,7230900
2026-04-13,OKTA,65.46,4902200
2026-04-14,OKTA,64.09,4111200
2026-04-15,OKTA,67.35,4409100
2026-04-16,OKTA,72.01,5596300
2026-04-17,OKTA,72.25,5992900
2026-04-20,OKTA,75.76,4925300
2026-04-21,OKTA,77.64,3853300
2026-04-22,OKTA,78.7,3223300
2026-04-23,OKTA,76.04,3237900
2026-04-24,OKTA,75.98,2668000
2026-04-27,OKTA,76.14,2808900
2026-04-28,OKTA,76.2,2509100
2026-04-29,OKTA,76.16,1998800
2026-04-30,OKTA,73.65,2723500
2026-05-01,OKTA,75.78,2637500
2026-05-04,OKTA,77.24,2013100
2026-05-05,OKTA,77.75,2048200
2026-05-06,OKTA,77.44,2968900
2026-05-07,OKTA,80.88,3695900
2026-05-08,OKTA,83.9,3746200
2026-05-11,OKTA,81.69,2335500
2026-05-12,OKTA,79.06,2325269
2026-02-02,OLED,117.522,854583
2026-02-03,OLED,116.6267,797308
2026-02-04,OLED,117.8204,1337891
2026-02-05,OLED,112.4586,1508884
2026-02-06,OLED,120.4764,1190207
2026-02-09,OLED,125.0524,904733
2026-02-10,OLED,128.8524,1255029
2026-02-11,OLED,131.4786,504178
2026-02-12,OLED,126.1068,940963
2026-02-13,OLED,124.2466,649149
2026-02-17,OLED,118.4372,931839
2026-02-18,OLED,119.2927,871979
2026-02-19,OLED,116.5073,1381126
2026-02-20,OLED,103.5256,1981303
2026-02-23,OLED,101.5559,1030668
2026-02-24,OLED,105.8832,976352
2026-02-25,OLED,105.5052,815434
2026-02-26,OLED,106.4999,518830
2026-02-27,OLED,106.1319,758028
2026-03-02,OLED,107.0371,624341
2026-03-03,OLED,103.1973,599732
2026-03-04,OLED,100.9889,528154
2026-03-05,OLED,99.2978,841588
2026-03-06,OLED,96.5224,446591
2026-03-09,OLED,98.114,939312
2026-03-10,OLED,96.1444,620657
2026-03-11,OLED,97.9449,514813
2026-03-12,OLED,94.2146,1027827
2026-03-13,OLED,93.5779,671718
2026-03-16,OLED,95.08,546500
2026-03-17,OLED,94.05,626300
2026-03-18,OLED,95.41,852400
2026-03-19,OLED,95.38,741100
2026-03-20,OLED,94.72,1869100
2026-03-23,OLED,94.13,607199
2026-03-24,OLED,96.0,535840
2026-03-25,OLED,96.83,458300
2026-03-26,OLED,93.55,469200
2026-03-27,OLED,91.87,371800
2026-03-30,OLED,89.13,783000
2026-03-31,OLED,91.66,685700
2026-04-01,OLED,89.61,845100
2026-04-02,OLED,89.72,1136800
2026-04-06,OLED,90.97,581900
2026-04-07,OLED,91.14,457300
2026-04-08,OLED,93.48,754300
2026-04-09,OLED,93.46,401700
2026-04-10,OLED,97.22,625500
2026-04-13,OLED,100.52,1498200
2026-04-14,OLED,97.13,369000
2026-04-15,OLED,98.6,448500
2026-04-16,OLED,99.33,361300
2026-04-17,OLED,99.55,377200
2026-04-20,OLED,99.61,508800
2026-04-21,OLED,99.03,530500
2026-04-22,OLED,99.19,515300
2026-04-23,OLED,97.78,574100
2026-04-24,OLED,99.03,568100
2026-04-27,OLED,94.98,683600
2026-04-28,OLED,91.23,992800
2026-04-29,OLED,89.63,1351900
2026-04-30,OLED,87.09,3041800
2026-05-01,OLED,96.39,3544300
2026-05-04,OLED,96.56,1525800
2026-05-05,OLED,98.45,2324500
2026-05-06,OLED,93.98,1327500
2026-05-07,OLED,92.74,1055100
2026-05-08,OLED,91.75,917300
2026-05-11,OLED,90.84,712300
2026-05-12,OLED,92.19,896767
2026-02-02,OMEX,1.89,711057
2026-02-03,OMEX,1.9,1240052
2026-02-04,OMEX,1.77,762466
2026-02-05,OMEX,1.47,1225640
2026-02-06,OMEX,1.63,811201
2026-02-09,OMEX,1.72,449186
2026-02-10,OMEX,1.71,317257
2026-02-11,OMEX,1.66,358710
2026-02-12,OMEX,1.62,346450
2026-02-13,OMEX,1.66,460082
2026-02-17,OMEX,1.61,615247
2026-02-18,OMEX,1.57,388260
2026-02-19,OMEX,1.6,465762
2026-02-20,OMEX,1.51,547493
2026-02-23,OMEX,1.44,936962
2026-02-24,OMEX,1.52,600494
2026-02-25,OMEX,1.49,393131
2026-02-26,OMEX,1.53,378929
2026-02-27,OMEX,1.47,393468
2026-03-02,OMEX,1.66,1226460
2026-03-03,OMEX,1.52,400367
2026-03-04,OMEX,1.61,307425
2026-03-05,OMEX,1.54,269216
2026-03-06,OMEX,1.5,231095
2026-03-09,OMEX,1.54,458284
2026-03-10,OMEX,1.61,679403
2026-03-11,OMEX,1.65,310316
2026-03-12,OMEX,1.57,387999
2026-03-13,OMEX,1.53,215322
2026-03-16,OMEX,1.52,331766
2026-03-17,OMEX,1.47,254754
2026-03-18,OMEX,1.43,933581
2026-03-19,OMEX,1.39,1134101
2026-03-20,OMEX,1.26,2330926
2026-03-23,OMEX,1.22,1441672
2026-03-24,OMEX,0.871,4742935
2026-03-25,OMEX,0.8323,3416347
2026-03-26,OMEX,0.87,697459
2026-03-27,OMEX,0.8274,524847
2026-03-30,OMEX,0.768,844100
2026-03-31,OMEX,0.834,1450500
2026-04-01,OMEX,0.81,473500
2026-04-02,OMEX,0.87,386900
2026-04-06,OMEX,0.914,782600
2026-04-07,OMEX,0.832,449000
2026-04-08,OMEX,1.25,259950700
2026-04-09,OMEX,1.055,11932000
2026-04-10,OMEX,0.879,7212000
2026-04-13,OMEX,0.99,7445100
2026-04-14,OMEX,1.17,7921300
2026-04-15,OMEX,1.11,3115100
2026-04-16,OMEX,1.11,2852200
2026-04-17,OMEX,1.06,1367700
2026-04-20,OMEX,1.05,2221400
2026-04-21,OMEX,0.972,1611300
2026-04-22,OMEX,0.962,1271600
2026-04-23,OMEX,0.926,1115400
2026-04-24,OMEX,0.92,1381500
2026-04-27,OMEX,0.92,1051200
2026-04-28,OMEX,0.873,1238100
2026-04-29,OMEX,0.99,2739600
2026-04-30,OMEX,1.07,2024700
2026-05-01,OMEX,1.12,1230200
2026-05-04,OMEX,1.15,1467300
2026-05-05,OMEX,1.2,1171600
2026-05-06,OMEX,1.3,1877500
2026-05-07,OMEX,1.27,1376500
2026-05-08,OMEX,1.22,1495100
2026-05-11,OMEX,1.14,1028300
2026-05-12,OMEX,1.09,1293138
2026-02-02,ONDS,10.64,92683800
2026-02-03,ONDS,11.38,102072700
2026-02-04,ONDS,9.68,125055500
2026-02-05,ONDS,8.48,100976900
2026-02-06,ONDS,9.69,87820600
2026-02-09,ONDS,10.34,88727400
2026-02-10,ONDS,9.68,56340300
2026-02-11,ONDS,9.23,67427300
2026-02-12,ONDS,8.97,59629600
2026-02-13,ONDS,9.31,56681700
2026-02-17,ONDS,10.05,76272200
2026-02-18,ONDS,11.07,110468200
2026-02-19,ONDS,11.39,102375900
2026-02-20,ONDS,10.03,111577200
2026-02-23,ONDS,10.19,68820900
2026-02-24,ONDS,10.4,69619700
2026-02-25,ONDS,10.3,68949400
2026-02-26,ONDS,10.45,67386300
2026-02-27,ONDS,10.08,65528400
2026-03-02,ONDS,10.67,181539000
2026-03-03,ONDS,10.02,100359300
2026-03-04,ONDS,10.51,104822000
2026-03-05,ONDS,10.49,86235300
2026-03-06,ONDS,9.83,160635300
2026-03-09,ONDS,9.72,91130900
2026-03-10,ONDS,10.01,90578700
2026-03-11,ONDS,9.83,88367400
2026-03-12,ONDS,10.33,136065200
2026-03-13,ONDS,10.16,73311700
2026-03-16,ONDS,10.53,88867500
2026-03-17,ONDS,11.28,109611300
2026-03-18,ONDS,10.83,79494300
2026-03-19,ONDS,10.75,69267000
2026-03-20,ONDS,10.06,86922700
2026-03-23,ONDS,10.9,92323400
2026-03-24,ONDS,10.68,96637500
2026-03-25,ONDS,10.31,96871600
2026-03-26,ONDS,9.44,72606200
2026-03-27,ONDS,8.8,56393100
2026-03-30,ONDS,8.15,71761400
2026-03-31,ONDS,9.04,59296600
2026-04-01,ONDS,8.81,63384400
2026-04-02,ONDS,9.6,71272400
2026-04-06,ONDS,9.52,45392400
2026-04-07,ONDS,9.53,47377100
2026-04-08,ONDS,9.45,64338100
2026-04-09,ONDS,9.14,37717900
2026-04-10,ONDS,9.13,33455200
2026-04-13,ONDS,9.47,52073400
2026-04-14,ONDS,9.4,41727200
2026-04-15,ONDS,10.03,54416500
2026-04-16,ONDS,10.2,52178100
2026-04-17,ONDS,10.0,58571400
2026-04-20,ONDS,10.73,94506700
2026-04-21,ONDS,10.87,80859000
2026-04-22,ONDS,11.06,67613600
2026-04-23,ONDS,10.54,52294400
2026-04-24,ONDS,10.55,45396400
2026-04-27,ONDS,10.95,57126900
2026-04-28,ONDS,10.48,41736600
2026-04-29,ONDS,9.49,58503700
2026-04-30,ONDS,10.04,35726100
2026-05-01,ONDS,10.32,45644500
2026-05-04,ONDS,9.73,47914900
2026-05-05,ONDS,9.33,56570800
2026-05-06,ONDS,9.34,54577200
2026-05-07,ONDS,8.89,45228600
2026-05-08,ONDS,9.06,34078000
2026-05-11,ONDS,9.42,44661900
2026-05-12,ONDS,9.04,36316893
2026-02-02,ONLN,60.0928,15049
2026-02-03,ONLN,59.124,11416
2026-02-04,ONLN,57.4715,14696
2026-02-05,ONLN,55.9141,49115
2026-02-06,ONLN,56.3775,16155
2026-02-09,ONLN,56.4891,7025
2026-02-10,ONLN,56.018,5070
2026-02-11,ONLN,54.49,4797
2026-02-12,ONLN,52.5824,10375
2026-02-13,ONLN,52.6623,6994
2026-02-17,ONLN,52.7622,6982
2026-02-18,ONLN,53.8708,11247
2026-02-19,ONLN,54.0505,11933
2026-02-20,ONLN,55.1092,16612
2026-02-23,ONLN,53.4613,17754
2026-02-24,ONLN,54.2403,16294
2026-02-25,ONLN,53.9607,7055
2026-02-26,ONLN,55.5586,8003
2026-02-27,ONLN,55.6285,7270
2026-03-02,ONLN,55.1092,8055
2026-03-03,ONLN,54.48,15665
2026-03-04,ONLN,55.2423,7942
2026-03-05,ONLN,55.7983,20481
2026-03-06,ONLN,54.8295,8429
2026-03-09,ONLN,54.7397,7351
2026-03-10,ONLN,54.6198,3663
2026-03-11,ONLN,54.3701,2397
2026-03-12,ONLN,53.0212,3072
2026-03-13,ONLN,53.3714,10230
2026-03-16,ONLN,54.1985,3095
2026-03-17,ONLN,54.8225,9696
2026-03-18,ONLN,53.5312,11787
2026-03-19,ONLN,52.7023,10909
2026-03-20,ONLN,51.3916,3884
2026-03-23,ONLN,52.8121,9303
2026-03-24,ONLN,52.133,4347
2026-03-25,ONLN,53.79,7300
2026-03-26,ONLN,52.62,3200
2026-03-27,ONLN,51.14,3400
2026-03-30,ONLN,51.042,4418
2026-03-31,ONLN,53.2061,2511
2026-04-01,ONLN,53.33,7200
2026-04-02,ONLN,53.16,1100
2026-04-06,ONLN,53.9,11800
2026-04-07,ONLN,53.16,5500
2026-04-08,ONLN,55.28,7200
2026-04-09,ONLN,55.98,10400
2026-04-10,ONLN,55.95,6500
2026-04-13,ONLN,56.62,11800
2026-04-14,ONLN,58.17,14500
2026-04-15,ONLN,59.05,5300
2026-04-16,ONLN,59.82,17900
2026-04-17,ONLN,61.3,11200
2026-04-20,ONLN,61.49,12100
2026-04-21,ONLN,60.71,5700
2026-04-22,ONLN,61.36,9800
2026-04-23,ONLN,60.09,14400
2026-04-24,ONLN,60.84,7500
2026-04-27,ONLN,60.14,8588
2026-04-28,ONLN,59.26,8819
2026-04-29,ONLN,59.83,4200
2026-04-30,ONLN,59.51,7200
2026-05-01,ONLN,60.05,4400
2026-05-04,ONLN,59.9088,8631
2026-05-05,ONLN,59.45,4840
2026-05-06,ONLN,60.3,5900
2026-05-07,ONLN,59.83,13000
2026-05-08,ONLN,58.72,20000
2026-05-11,ONLN,57.31,6700
2026-05-12,ONLN,56.77,8264
2026-02-02,ONTO,202.43,854400
2026-02-03,ONTO,199.94,706900
2026-02-04,ONTO,188.6,1203600
2026-02-05,ONTO,188.86,860000
2026-02-06,ONTO,208.5,1036800
2026-02-09,ONTO,214.08,750200
2026-02-10,ONTO,217.71,758500
2026-02-11,ONTO,222.42,909900
2026-02-12,ONTO,214.71,901400
2026-02-13,ONTO,217.23,1858800
2026-02-17,ONTO,220.29,977900
2026-02-18,ONTO,220.0,1070100
2026-02-19,ONTO,225.33,1444000
2026-02-20,ONTO,216.41,2397700
2026-02-23,ONTO,213.24,913700
2026-02-24,ONTO,224.18,1005400
2026-02-25,ONTO,225.22,1123800
2026-02-26,ONTO,217.88,1004400
2026-02-27,ONTO,215.89,1365100
2026-03-02,ONTO,218.05,732000
2026-03-03,ONTO,207.5,568500
2026-03-04,ONTO,209.04,635600
2026-03-05,ONTO,196.89,1014400
2026-03-06,ONTO,179.72,1277200
2026-03-09,ONTO,191.66,742942
2026-03-10,ONTO,193.82,749729
2026-03-11,ONTO,192.74,742900
2026-03-12,ONTO,184.59,675900
2026-03-13,ONTO,189.53,664000
2026-03-16,ONTO,194.64,887000
2026-03-17,ONTO,196.61,683200
2026-03-18,ONTO,201.88,786200
2026-03-19,ONTO,209.46,787400
2026-03-20,ONTO,200.17,1109900
2026-03-23,ONTO,209.79,634100
2026-03-24,ONTO,219.46,732000
2026-03-25,ONTO,221.04,626900
2026-03-26,ONTO,204.75,684700
2026-03-27,ONTO,204.23,508800
2026-03-30,ONTO,189.27,901200
2026-03-31,ONTO,205.07,922000
2026-04-01,ONTO,211.72,698500
2026-04-02,ONTO,215.53,461700
2026-04-06,ONTO,221.17,433100
2026-04-07,ONTO,219.11,582200
2026-04-08,ONTO,240.49,1006100
2026-04-09,ONTO,246.96,589000
2026-04-10,ONTO,257.14,902400
2026-04-13,ONTO,252.61,804700
2026-04-14,ONTO,261.59,890000
2026-04-15,ONTO,258.9,616800
2026-04-16,ONTO,267.15,1206000
2026-04-17,ONTO,290.76,1232100
2026-04-20,ONTO,295.09,762300
2026-04-21,ONTO,290.11,1178500
2026-04-22,ONTO,297.34,886400
2026-04-23,ONTO,292.31,999200
2026-04-24,ONTO,307.86,1127900
2026-04-27,ONTO,298.28,960300
2026-04-28,ONTO,282.39,1044200
2026-04-29,ONTO,284.34,605100
2026-04-30,ONTO,295.06,935000
2026-05-01,ONTO,292.92,642900
2026-05-04,ONTO,299.55,754300
2026-05-05,ONTO,305.0,1296600
2026-05-06,ONTO,294.05,1870200
2026-05-07,ONTO,274.17,1176700
2026-05-08,ONTO,284.67,762500
2026-05-11,ONTO,287.52,752500
2026-05-12,ONTO,277.94,1163839
2026-02-02,ORA,125.6326,568200
2026-02-03,ORA,129.5683,610700
2026-02-04,ORA,126.6615,846700
2026-02-05,ORA,121.1275,1146000
2026-02-06,ORA,123.0155,684400
2026-02-09,ORA,122.4361,627000
2026-02-10,ORA,123.8845,490700
2026-02-11,ORA,122.9955,549700
2026-02-12,ORA,120.2685,519800
2026-02-13,ORA,118.0609,742700
2026-02-17,ORA,124.0843,1425700
2026-02-18,ORA,120.9078,723400
2026-02-19,ORA,119.9189,924700
2026-02-20,ORA,115.7934,870300
2026-02-23,ORA,115.0642,573000
2026-02-24,ORA,115.7234,490400
2026-02-25,ORA,116.9321,684900
2026-02-26,ORA,106.3537,1627200
2026-02-27,ORA,103.5867,1154500
2026-03-02,ORA,107.0329,1052800
2026-03-03,ORA,105.9441,726400
2026-03-04,ORA,107.6623,710500
2026-03-05,ORA,107.6922,509700
2026-03-06,ORA,108.781,893200
2026-03-09,ORA,109.73,691438
2026-03-10,ORA,110.84,710404
2026-03-11,ORA,108.39,638300
2026-03-12,ORA,110.06,592100
2026-03-13,ORA,110.38,349700
2026-03-16,ORA,109.69,660500
2026-03-17,ORA,108.0,603700
2026-03-18,ORA,107.5,4845300
2026-03-19,ORA,110.52,1402600
2026-03-20,ORA,106.42,2268000
2026-03-23,ORA,109.14,1607200
2026-03-24,ORA,109.84,795300
2026-03-25,ORA,110.7,717700
2026-03-26,ORA,110.9,807300
2026-03-27,ORA,112.0,649900
2026-03-30,ORA,109.44,723500
2026-03-31,ORA,111.92,694200
2026-04-01,ORA,113.64,629300
2026-04-02,ORA,112.84,502000
2026-04-06,ORA,110.57,390400
2026-04-07,ORA,112.24,423000
2026-04-08,ORA,113.48,927400
2026-04-09,ORA,113.82,476700
2026-04-10,ORA,115.22,478600
2026-04-13,ORA,112.28,959800
2026-04-14,ORA,114.74,832600
2026-04-15,ORA,113.81,698000
2026-04-16,ORA,112.52,704400
2026-04-17,ORA,113.04,2588500
2026-04-20,ORA,111.7,709800
2026-04-21,ORA,108.15,813300
2026-04-22,ORA,107.0,779000
2026-04-23,ORA,113.6,1590200
2026-04-24,ORA,113.36,391300
2026-04-27,ORA,114.07,463900
2026-04-28,ORA,113.05,649700
2026-04-29,ORA,110.32,542700
2026-04-30,ORA,114.9,635900
2026-05-01,ORA,113.5,408800
2026-05-04,ORA,114.7,417100
2026-05-05,ORA,115.34,683500
2026-05-06,ORA,114.86,1273600
2026-05-07,ORA,122.52,2390700
2026-05-08,ORA,121.67,861600
2026-05-11,ORA,123.63,1232500
2026-05-12,ORA,126.2,1235199
2026-02-02,ORCL,159.5029,47421000
2026-02-03,ORCL,154.1317,43260100
2026-02-04,ORCL,146.1595,42323400
2026-02-05,ORCL,136.005,42789000
2026-02-06,ORCL,142.3229,29962400
2026-02-09,ORCL,156.045,49936500
2026-02-10,ORCL,159.3335,40092200
2026-02-11,ORCL,156.613,24538900
2026-02-12,ORCL,155.9354,23285400
2026-02-13,ORCL,159.5826,18597000
2026-02-17,ORCL,153.4341,19610800
2026-02-18,ORCL,155.6265,14801100
2026-02-19,ORCL,155.9952,14976300
2026-02-20,ORCL,147.5646,29621900
2026-02-23,ORCL,140.8182,31749800
2026-02-24,ORCL,145.6314,21336600
2026-02-25,ORCL,147.3753,27303900
2026-02-26,ORCL,149.7869,20652200
2026-02-27,ORCL,144.8939,36425200
2026-03-02,ORCL,148.7305,22418800
2026-03-03,ORCL,148.4914,20120800
2026-03-04,ORCL,151.8397,17585400
2026-03-05,ORCL,154.2513,24094800
2026-03-06,ORCL,152.4276,38000600
2026-03-09,ORCL,151.0325,31173500
2026-03-10,ORCL,148.88,51544600
2026-03-11,ORCL,162.5523,83247500
2026-03-12,ORCL,158.6061,37133700
2026-03-13,ORCL,154.5701,26350400
2026-03-16,ORCL,155.4272,21607700
2026-03-17,ORCL,154.1516,23929500
2026-03-18,ORCL,152.3678,18051100
2026-03-19,ORCL,154.9787,22046100
2026-03-20,ORCL,149.159,37551400
2026-03-23,ORCL,153.8028,19927900
2026-03-24,ORCL,146.5781,26122100
2026-03-25,ORCL,145.5118,20683800
2026-03-26,ORCL,142.313,16961900
2026-03-27,ORCL,139.1739,17929600
2026-03-30,ORCL,138.3169,20125700
2026-03-31,ORCL,146.598,24492000
2026-04-01,ORCL,144.7245,20495900
2026-04-02,ORCL,145.8705,14381900
2026-04-06,ORCL,145.0335,12556700
2026-04-07,ORCL,142.6717,17250400
2026-04-08,ORCL,143.16,23527000
2026-04-09,ORCL,137.86,30407800
2026-04-10,ORCL,138.09,26171800
2026-04-13,ORCL,155.62,49997700
2026-04-14,ORCL,163.0,59779800
2026-04-15,ORCL,169.81,43010800
2026-04-16,ORCL,178.34,46997300
2026-04-17,ORCL,175.06,45282600
2026-04-20,ORCL,177.58,22330900
2026-04-21,ORCL,181.17,39638000
2026-04-22,ORCL,187.5,32448800
2026-04-23,ORCL,176.28,37084200
2026-04-24,ORCL,173.28,33215000
2026-04-27,ORCL,172.96,21616600
2026-04-28,ORCL,165.96,33716500
2026-04-29,ORCL,163.83,20587500
2026-04-30,ORCL,161.39,21016400
2026-05-01,ORCL,171.83,26318000
2026-05-04,ORCL,180.29,33504500
2026-05-05,ORCL,185.35,23497200
2026-05-06,ORCL,194.03,27685500
2026-05-07,ORCL,194.59,31803200
2026-05-08,ORCL,195.95,21158300
2026-05-11,ORCL,193.84,16890600
2026-05-12,ORCL,186.83,21369449
2026-02-02,OXY,43.593,12146710
2026-02-03,OXY,45.0461,11361420
2026-02-04,OXY,46.4694,18471850
2026-02-05,OXY,44.8769,11951460
2026-02-06,OXY,46.0912,8746381
2026-02-09,OXY,46.4395,6827824
2026-02-10,OXY,46.0513,8482444
2026-02-11,OXY,47.0168,11948480
2026-02-12,OXY,45.275,12430690
2026-02-13,OXY,45.8523,8621486
2026-02-17,OXY,45.7229,8315527
2026-02-18,OXY,46.8874,14138670
2026-02-19,OXY,51.2865,35384020
2026-02-20,OXY,51.595,16536750
2026-02-23,OXY,52.1822,13782720
2026-02-24,OXY,51.7045,9470811
2026-02-25,OXY,50.6993,8689311
2026-02-26,OXY,51.187,11334400
2026-02-27,OXY,52.8292,13123220
2026-03-02,OXY,53.9538,32590381
2026-03-03,OXY,53.4263,24194520
2026-03-04,OXY,53.3567,15074310
2026-03-05,OXY,52.9884,17679539
2026-03-06,OXY,53.9339,30455689
2026-03-09,OXY,54.76,33141000
2026-03-10,OXY,53.12,24601510
2026-03-11,OXY,55.58,21062520
2026-03-12,OXY,58.41,39396641
2026-03-13,OXY,57.88,16303330
2026-03-16,OXY,57.25,15133130
2026-03-17,OXY,57.73,13180490
2026-03-18,OXY,58.38,16104990
2026-03-19,OXY,59.58,24790650
2026-03-20,OXY,60.71,25484480
2026-03-23,OXY,60.31,23805471
2026-03-24,OXY,61.25,14732620
2026-03-25,OXY,61.85,14016790
2026-03-26,OXY,64.36,20658939
2026-03-27,OXY,65.32,20170900
2026-03-30,OXY,66.24,23021600
2026-03-31,OXY,65.0,34955900
2026-04-01,OXY,62.23,28329500
2026-04-02,OXY,62.97,22356800
2026-04-06,OXY,62.96,11676400
2026-04-07,OXY,62.94,13460400
2026-04-08,OXY,59.77,25789000
2026-04-09,OXY,58.53,15496700
2026-04-10,OXY,57.97,10476700
2026-04-13,OXY,58.06,14483200
2026-04-14,OXY,55.38,16461800
2026-04-15,OXY,55.83,12238000
2026-04-16,OXY,56.87,10022400
2026-04-17,OXY,53.79,24183800
2026-04-20,OXY,54.48,11503600
2026-04-21,OXY,56.33,15402500
2026-04-22,OXY,57.05,9488300
2026-04-23,OXY,57.83,9731200
2026-04-24,OXY,57.12,7851200
2026-04-27,OXY,57.27,7552000
2026-04-28,OXY,58.61,12734600
2026-04-29,OXY,60.76,13771800
2026-04-30,OXY,60.58,12990400
2026-05-01,OXY,58.71,13859600
2026-05-04,OXY,60.27,10361600
2026-05-05,OXY,59.34,9435100
2026-05-06,OXY,55.12,20697300
2026-05-07,OXY,53.94,18219300
2026-05-08,OXY,53.03,12962000
2026-05-11,OXY,55.14,13719800
2026-05-12,OXY,56.27,10314525
2026-02-02,OZEM,35.966,21900
2026-02-03,OZEM,34.46,189500
2026-02-04,OZEM,35.01,42700
2026-02-05,OZEM,33.4,35400
2026-02-06,OZEM,35.0,14100
2026-02-09,OZEM,35.57,19200
2026-02-10,OZEM,35.605,8200
2026-02-11,OZEM,35.6,19100
2026-02-12,OZEM,35.501,15900
2026-02-13,OZEM,35.553,7200
2026-02-17,OZEM,35.645,22900
2026-02-18,OZEM,35.454,16100
2026-02-19,OZEM,35.339,8700
2026-02-20,OZEM,35.403,16000
2026-02-23,OZEM,34.59,29900
2026-02-24,OZEM,34.2,35200
2026-02-25,OZEM,34.067,27100
2026-02-26,OZEM,33.415,14700
2026-02-27,OZEM,33.892,14500
2026-03-02,OZEM,33.394,19800
2026-03-03,OZEM,32.476,48000
2026-03-04,OZEM,32.668,7100
2026-03-05,OZEM,32.174,105800
2026-03-06,OZEM,31.926,13000
2026-03-09,OZEM,32.31,24570
2026-03-10,OZEM,32.1307,25976
2026-03-11,OZEM,32.279,26300
2026-03-12,OZEM,31.585,13100
2026-03-13,OZEM,31.331,25500
2026-03-16,OZEM,31.721,9600
2026-03-17,OZEM,31.596,10000
2026-03-18,OZEM,30.8,12300
2026-03-19,OZEM,30.64,15700
2026-03-20,OZEM,30.066,148000
2026-03-23,OZEM,30.033,28100
2026-03-24,OZEM,29.936,10000
2026-03-25,OZEM,30.449,4000
2026-03-26,OZEM,30.251,25300
2026-03-27,OZEM,30.127,9600
2026-03-30,OZEM,30.253,5200
2026-03-31,OZEM,31.2,53900
2026-04-01,OZEM,31.9,19800
2026-04-02,OZEM,31.902,7200
2026-04-06,OZEM,31.617,8100
2026-04-07,OZEM,31.428,27900
2026-04-08,OZEM,31.698,29500
2026-04-09,OZEM,31.859,8600
2026-04-10,OZEM,31.429,13200
2026-04-13,OZEM,31.623,8900
2026-04-14,OZEM,31.786,10100
2026-04-15,OZEM,32.055,9500
2026-04-16,OZEM,31.975,11900
2026-04-17,OZEM,32.384,13900
2026-04-20,OZEM,32.265,6700
2026-04-21,OZEM,31.318,17400
2026-04-22,OZEM,31.479,10500
2026-04-23,OZEM,31.189,10800
2026-04-24,OZEM,31.382,5400
2026-04-27,OZEM,30.829,10300
2026-04-28,OZEM,30.61,6800
2026-04-29,OZEM,29.92,63400
2026-04-30,OZEM,31.08,31400
2026-05-01,OZEM,31.338,17500
2026-05-04,OZEM,31.337,7200
2026-05-05,OZEM,31.54,8100
2026-05-06,OZEM,31.906,13200
2026-05-07,OZEM,31.66,14300
2026-05-08,OZEM,31.577,11900
2026-05-11,OZEM,31.657,48000
2026-05-12,OZEM,31.7049,22686
2026-02-02,PANW,175.42,4978106
2026-02-03,PANW,166.24,9945882
2026-02-04,PANW,166.72,10470840
2026-02-05,PANW,154.77,12780500
2026-02-06,PANW,159.32,9902493
2026-02-09,PANW,166.0,20917740
2026-02-10,PANW,165.51,30141619
2026-02-11,PANW,165.3,43667320
2026-02-12,PANW,162.81,19646461
2026-02-13,PANW,166.95,12576990
2026-02-17,PANW,163.5,16586500
2026-02-18,PANW,152.35,26756800
2026-02-19,PANW,150.99,13545800
2026-02-20,PANW,148.7,25857800
2026-02-23,PANW,144.14,20861500
2026-02-24,PANW,141.67,23692200
2026-02-25,PANW,144.84,11157900
2026-02-26,PANW,149.4,12124900
2026-02-27,PANW,148.92,9430600
2026-03-02,PANW,150.15,8281300
2026-03-03,PANW,156.09,10319500
2026-03-04,PANW,158.56,9541900
2026-03-05,PANW,163.16,9220500
2026-03-06,PANW,165.05,7202500
2026-03-09,PANW,165.1,9194273
2026-03-10,PANW,165.58,6846981
2026-03-11,PANW,164.93,5480900
2026-03-12,PANW,168.12,7961500
2026-03-13,PANW,167.02,6258600
2026-03-16,PANW,167.45,5985100
2026-03-17,PANW,169.19,5520400
2026-03-18,PANW,168.91,5789600
2026-03-19,PANW,169.74,6558200
2026-03-20,PANW,162.95,16455400
2026-03-23,PANW,164.05,7218800
2026-03-24,PANW,157.21,7143100
2026-03-25,PANW,153.22,6350000
2026-03-26,PANW,156.36,6082000
2026-03-27,PANW,147.02,11431400
2026-03-30,PANW,154.35,12198800
2026-03-31,PANW,160.32,7751600
2026-04-01,PANW,160.67,7643200
2026-04-02,PANW,163.21,4354300
2026-04-06,PANW,161.95,4814800
2026-04-07,PANW,169.87,8671300
2026-04-08,PANW,173.78,12257400
2026-04-09,PANW,166.99,10583700
2026-04-10,PANW,155.73,15592700
2026-04-13,PANW,162.51,8545600
2026-04-14,PANW,161.59,7415600
2026-04-15,PANW,164.11,7416200
2026-04-16,PANW,166.97,7222400
2026-04-17,PANW,167.85,7037300
2026-04-20,PANW,169.56,4859700
2026-04-21,PANW,174.96,5856300
2026-04-22,PANW,181.2,5903200
2026-04-23,PANW,173.21,6965200
2026-04-24,PANW,178.54,5887600
2026-04-27,PANW,182.9,7893800
2026-04-28,PANW,180.99,6451900
2026-04-29,PANW,181.54,4157400
2026-04-30,PANW,179.32,5771500
2026-05-01,PANW,181.08,4972100
2026-05-04,PANW,184.56,4891100
2026-05-05,PANW,183.98,5150700
2026-05-06,PANW,183.68,5595600
2026-05-07,PANW,196.53,10556600
2026-05-08,PANW,207.88,11641800
2026-05-11,PANW,213.66,9404300
2026-05-12,PANW,215.6,8280604
2026-02-02,PATH,12.54,28958971
2026-02-03,PATH,12.15,37939887
2026-02-04,PATH,12.33,42467599
2026-02-05,PATH,12.08,36465697
2026-02-06,PATH,12.89,34352153
2026-02-09,PATH,13.0,30916820
2026-02-10,PATH,12.95,23716051
2026-02-11,PATH,11.69,43227379
2026-02-12,PATH,11.18,31044566
2026-02-13,PATH,11.32,23818966
2026-02-17,PATH,10.94,37647609
2026-02-18,PATH,11.1,27814692
2026-02-19,PATH,11.21,21534416
2026-02-20,PATH,10.8,20256861
2026-02-23,PATH,10.17,37391941
2026-02-24,PATH,10.1,32097369
2026-02-25,PATH,9.94,52682462
2026-02-26,PATH,10.71,51832800
2026-02-27,PATH,10.73,50361729
2026-03-02,PATH,10.7,31362930
2026-03-03,PATH,11.04,37679238
2026-03-04,PATH,11.07,35665811
2026-03-05,PATH,11.55,33237716
2026-03-06,PATH,11.86,39618745
2026-03-09,PATH,11.97,50166648
2026-03-10,PATH,11.59,50201102
2026-03-11,PATH,12.38,120193315
2026-03-12,PATH,11.37,91586937
2026-03-13,PATH,11.58,49122542
2026-03-16,PATH,11.57,39007090
2026-03-17,PATH,11.98,32634359
2026-03-18,PATH,12.45,31844906
2026-03-19,PATH,12.24,23095733
2026-03-20,PATH,12.06,27384323
2026-03-23,PATH,12.13,17602070
2026-03-24,PATH,11.07,30510480
2026-03-25,PATH,10.93,18305759
2026-03-26,PATH,11.04,17625828
2026-03-27,PATH,10.69,19769361
2026-03-30,PATH,10.87,19299461
2026-03-31,PATH,11.1,13944280
2026-04-01,PATH,11.02,15737487
2026-04-02,PATH,11.24,13769359
2026-04-06,PATH,11.15,14977280
2026-04-07,PATH,10.95,24161980
2026-04-08,PATH,10.39,23468724
2026-04-09,PATH,9.94,33751124
2026-04-10,PATH,9.38,29335315
2026-04-13,PATH,10.12,30942920
2026-04-14,PATH,10.02,23794961
2026-04-15,PATH,10.61,24469867
2026-04-16,PATH,10.61,23380754
2026-04-17,PATH,10.41,23880210
2026-04-20,PATH,10.56,12701440
2026-04-21,PATH,10.78,25716840
2026-04-22,PATH,10.89,20120921
2026-04-23,PATH,10.09,34095753
2026-04-24,PATH,10.37,21517413
2026-04-27,PATH,10.46,25467029
2026-04-28,PATH,10.56,22075500
2026-04-29,PATH,10.38,17059707
2026-04-30,PATH,10.3,19005583
2026-05-01,PATH,10.67,38241098
2026-05-04,PATH,10.83,30757420
2026-05-05,PATH,10.7,29376369
2026-05-06,PATH,10.5,31815569
2026-05-07,PATH,10.93,33927411
2026-05-08,PATH,10.79,24799510
2026-05-11,PATH,10.66,36951646
2026-05-12,PATH,10.01,30617224
2026-02-02,PAVE,51.44,2486403
2026-02-03,PAVE,52.39,2364428
2026-02-04,PAVE,53.02,2617874
2026-02-05,PAVE,52.84,1755501
2026-02-06,PAVE,54.69,1279309
2026-02-09,PAVE,54.89,2073095
2026-02-10,PAVE,55.26,3554803
2026-02-11,PAVE,55.64,1997419
2026-02-12,PAVE,54.63,2576084
2026-02-13,PAVE,55.12,1900191
2026-02-17,PAVE,54.78,1538923
2026-02-18,PAVE,54.79,971346
2026-02-19,PAVE,55.29,1538659
2026-02-20,PAVE,55.64,1213873
2026-02-23,PAVE,54.86,3474011
2026-02-24,PAVE,55.65,1030493
2026-02-25,PAVE,55.07,1221254
2026-02-26,PAVE,55.33,1617873
2026-02-27,PAVE,55.09,855772
2026-03-02,PAVE,55.37,1488486
2026-03-03,PAVE,54.26,1738751
2026-03-04,PAVE,54.28,1602588
2026-03-05,PAVE,53.025,1805838
2026-03-06,PAVE,51.58,2346623
2026-03-09,PAVE,52.2,2377598
2026-03-10,PAVE,52.07,4488818
2026-03-11,PAVE,51.98,1462748
2026-03-12,PAVE,50.5,1373879
2026-03-13,PAVE,50.17,1045186
2026-03-16,PAVE,50.68,1540329
2026-03-17,PAVE,50.87,1962990
2026-03-18,PAVE,50.31,1423566
2026-03-19,PAVE,49.99,1413734
2026-03-20,PAVE,49.02,1383057
2026-03-23,PAVE,50.2,1256543
2026-03-24,PAVE,50.97,1052385
2026-03-25,PAVE,51.335,1495977
2026-03-26,PAVE,50.15,1168251
2026-03-27,PAVE,49.78,1299365
2026-03-30,PAVE,49.19,1347775
2026-03-31,PAVE,50.81,2358097
2026-04-01,PAVE,51.69,1725725
2026-04-02,PAVE,51.3,1060362
2026-04-06,PAVE,51.43,987629
2026-04-07,PAVE,51.485,1427895
2026-04-08,PAVE,53.89,2736844
2026-04-09,PAVE,54.585,1701092
2026-04-10,PAVE,54.65,900189
2026-04-13,PAVE,55.02,2039299
2026-04-14,PAVE,55.0,2438392
2026-04-15,PAVE,54.06,1445022
2026-04-16,PAVE,53.83,1147659
2026-04-17,PAVE,55.06,1584725
2026-04-20,PAVE,55.47,839100
2026-04-21,PAVE,55.24,1674000
2026-04-22,PAVE,55.13,1845200
2026-04-23,PAVE,56.35,1313900
2026-04-24,PAVE,56.1,2744500
2026-04-27,PAVE,56.27,1129100
2026-04-28,PAVE,55.73,1405900
2026-04-29,PAVE,55.13,1556900
2026-04-30,PAVE,56.79,1766500
2026-05-01,PAVE,56.69,1306800
2026-05-04,PAVE,56.19,1990700
2026-05-05,PAVE,57.37,3176100
2026-05-06,PAVE,58.35,1707700
2026-05-07,PAVE,56.81,1735900
2026-05-08,PAVE,56.79,1089900
2026-05-11,PAVE,57.04,1507800
2026-05-12,PAVE,56.52,1193154
2026-02-02,PAWZ,54.8988,3146
2026-02-03,PAWZ,54.456,1309
2026-02-04,PAWZ,55.2603,15298
2026-02-05,PAWZ,55.0117,7215
2026-02-06,PAWZ,55.9324,797
2026-02-09,PAWZ,55.6149,52231
2026-02-10,PAWZ,55.8494,3819
2026-02-11,PAWZ,55.4813,2663
2026-02-12,PAWZ,54.9256,40919
2026-02-13,PAWZ,54.9605,1707
2026-02-17,PAWZ,55.2809,4101
2026-02-18,PAWZ,55.6322,2329
2026-02-19,PAWZ,55.986,975
2026-02-20,PAWZ,56.3142,1590
2026-02-23,PAWZ,55.7018,1414
2026-02-24,PAWZ,56.5528,991
2026-02-25,PAWZ,56.6528,2024
2026-02-26,PAWZ,56.9245,1895
2026-02-27,PAWZ,57.384,1756
2026-03-02,PAWZ,56.5303,10524
2026-03-03,PAWZ,55.6249,1507
2026-03-04,PAWZ,55.5248,2112
2026-03-05,PAWZ,54.7611,1382
2026-03-06,PAWZ,54.0951,2547
2026-03-09,PAWZ,54.2811,1458
2026-03-10,PAWZ,53.7132,1198
2026-03-11,PAWZ,53.372,2297
2026-03-12,PAWZ,52.6068,1881
2026-03-13,PAWZ,52.639,747
2026-03-16,PAWZ,52.7026,1717
2026-03-17,PAWZ,52.4215,8242
2026-03-18,PAWZ,51.2556,1334
2026-03-19,PAWZ,51.0141,3633
2026-03-20,PAWZ,50.2048,1939
2026-03-23,PAWZ,50.6425,589
2026-03-24,PAWZ,49.987,1749
2026-03-25,PAWZ,51.0,4800
2026-03-26,PAWZ,50.88,1000
2026-03-27,PAWZ,50.04,1100
2026-03-30,PAWZ,50.2,1200
2026-03-31,PAWZ,51.34,500
2026-04-01,PAWZ,51.46,700
2026-04-02,PAWZ,51.39,1300
2026-04-06,PAWZ,51.51,1600
2026-04-07,PAWZ,51.51,1300
2026-04-08,PAWZ,52.67,9800
2026-04-09,PAWZ,52.71,1800
2026-04-10,PAWZ,52.05,800
2026-04-13,PAWZ,52.77,1630
2026-04-14,PAWZ,53.4689,1970
2026-04-15,PAWZ,53.64,2000
2026-04-16,PAWZ,53.23,1500
2026-04-17,PAWZ,54.62,3700
2026-04-20,PAWZ,54.56,1900
2026-04-21,PAWZ,53.06,3700
2026-04-22,PAWZ,52.97,8100
2026-04-23,PAWZ,52.41,1300
2026-04-24,PAWZ,52.6,1600
2026-04-27,PAWZ,52.43,2700
2026-04-28,PAWZ,52.05,900
2026-04-29,PAWZ,51.68,1000
2026-04-30,PAWZ,52.04,1500
2026-05-01,PAWZ,52.08,1200
2026-05-04,PAWZ,51.2968,1955
2026-05-05,PAWZ,51.2199,1761
2026-05-06,PAWZ,50.94,6800
2026-05-07,PAWZ,49.32,50400
2026-05-08,PAWZ,48.73,4200
2026-05-11,PAWZ,47.12,4300
2026-05-12,PAWZ,47.03,5159
2026-02-02,PBE,82.6573,6712
2026-02-03,PBE,82.6738,3234
2026-02-04,PBE,83.0308,2738
2026-02-05,PBE,81.7644,4534
2026-02-06,PBE,83.481,17221
2026-02-09,PBE,82.6439,5375
2026-02-10,PBE,81.8019,5338
2026-02-11,PBE,81.8019,2915
2026-02-12,PBE,80.723,3315
2026-02-13,PBE,81.462,3730
2026-02-17,PBE,82.1315,4036
2026-02-18,PBE,82.2503,2546
2026-02-19,PBE,82.0986,5549
2026-02-20,PBE,81.769,2705
2026-02-23,PBE,82.0346,4095
2026-02-24,PBE,82.2983,2792
2026-02-25,PBE,81.5052,11877
2026-02-26,PBE,81.2525,4002
2026-02-27,PBE,81.8871,2453
2026-03-02,PBE,81.2525,8048
2026-03-03,PBE,79.7041,2964
2026-03-04,PBE,80.4833,1962
2026-03-05,PBE,78.7052,20717
2026-03-06,PBE,77.6963,18720
2026-03-09,PBE,79.2746,6431
2026-03-10,PBE,78.7339,3218
2026-03-11,PBE,78.1758,6883
2026-03-12,PBE,76.098,10506
2026-03-13,PBE,76.098,22805
2026-03-16,PBE,77.1569,41320
2026-03-17,PBE,77.8051,1417
2026-03-18,PBE,76.6075,6721
2026-03-19,PBE,77.027,4274
2026-03-20,PBE,76.126,6607
2026-03-23,PBE,76.62,4100
2026-03-24,PBE,76.5,5100
2026-03-25,PBE,78.07,5500
2026-03-26,PBE,77.81,2300
2026-03-27,PBE,75.6,4900
2026-03-30,PBE,76.8529,2169
2026-03-31,PBE,79.18,11302
2026-04-01,PBE,79.56,21200
2026-04-02,PBE,78.86,2700
2026-04-06,PBE,78.85,3700
2026-04-07,PBE,78.65,3300
2026-04-08,PBE,80.22,4900
2026-04-09,PBE,80.1,4100
2026-04-10,PBE,78.84,2900
2026-04-13,PBE,79.66,1600
2026-04-14,PBE,81.39,5200
2026-04-15,PBE,81.32,6200
2026-04-16,PBE,80.7,28700
2026-04-17,PBE,81.87,3600
2026-04-20,PBE,81.54,3200
2026-04-21,PBE,80.71,5600
2026-04-22,PBE,81.09,2200
2026-04-23,PBE,80.03,1400
2026-04-24,PBE,79.82,4400
2026-04-27,PBE,79.93,3300
2026-04-28,PBE,79.56,3300
2026-04-29,PBE,78.51,1300
2026-04-30,PBE,79.58,4900
2026-05-01,PBE,79.69,21900
2026-05-04,PBE,80.39,2600
2026-05-05,PBE,80.7,3400
2026-05-06,PBE,83.17,6300
2026-05-07,PBE,82.46,2800
2026-05-08,PBE,82.38,2600
2026-05-11,PBE,82.53,1700
2026-05-12,PBE,82.9867,4220
2026-02-02,PCT,9.39,3013300
2026-02-03,PCT,9.87,3037300
2026-02-04,PCT,10.06,2783300
2026-02-05,PCT,9.145,3628800
2026-02-06,PCT,9.65,2287500
2026-02-09,PCT,9.59,2491700
2026-02-10,PCT,9.39,2530400
2026-02-11,PCT,9.05,3820800
2026-02-12,PCT,8.72,3747700
2026-02-13,PCT,8.69,2537400
2026-02-17,PCT,8.58,4081900
2026-02-18,PCT,8.9,4055400
2026-02-19,PCT,9.25,2443000
2026-02-20,PCT,8.99,2176900
2026-02-23,PCT,8.66,2715000
2026-02-24,PCT,8.57,3909700
2026-02-25,PCT,8.87,2517900
2026-02-26,PCT,8.12,6460700
2026-02-27,PCT,6.31,22205400
2026-03-02,PCT,6.45,6403400
2026-03-03,PCT,6.035,5571600
2026-03-04,PCT,6.2,4459400
2026-03-05,PCT,6.0,5451700
2026-03-06,PCT,6.09,3935900
2026-03-09,PCT,5.88,4180500
2026-03-10,PCT,5.85,4359600
2026-03-11,PCT,5.62,5962400
2026-03-12,PCT,5.68,4425000
2026-03-13,PCT,5.76,4259300
2026-03-16,PCT,5.81,3324200
2026-03-17,PCT,5.42,13140700
2026-03-18,PCT,5.48,5736600
2026-03-19,PCT,6.1,6424300
2026-03-20,PCT,5.79,5030800
2026-03-23,PCT,5.89,4328900
2026-03-24,PCT,5.29,6974600
2026-03-25,PCT,5.6,4224600
2026-03-26,PCT,5.47,2932700
2026-03-27,PCT,5.28,3878000
2026-03-30,PCT,5.06,4694400
2026-03-31,PCT,5.19,4774400
2026-04-01,PCT,5.11,2697400
2026-04-02,PCT,5.42,5341200
2026-04-06,PCT,5.47,4661700
2026-04-07,PCT,5.44,3520200
2026-04-08,PCT,5.52,4459600
2026-04-09,PCT,5.45,3518900
2026-04-10,PCT,5.94,3442300
2026-04-13,PCT,6.2,3161600
2026-04-14,PCT,6.73,4928400
2026-04-15,PCT,6.69,3327800
2026-04-16,PCT,6.82,2591400
2026-04-17,PCT,6.77,4248800
2026-04-20,PCT,6.94,2079500
2026-04-21,PCT,6.69,2826000
2026-04-22,PCT,7.18,3438700
2026-04-23,PCT,7.23,4470100
2026-04-24,PCT,7.27,3199200
2026-04-27,PCT,7.28,3340000
2026-04-28,PCT,7.09,2348500
2026-04-29,PCT,7.43,3757200
2026-04-30,PCT,7.48,3420300
2026-05-01,PCT,7.86,3778200
2026-05-04,PCT,7.35,3325000
2026-05-05,PCT,7.65,2781600
2026-05-06,PCT,7.62,3782300
2026-05-07,PCT,8.94,8819100
2026-05-08,PCT,9.53,5058500
2026-05-11,PCT,9.89,5782200
2026-05-12,PCT,9.76,5007700
2026-02-02,PDFS,31.23,389384
2026-02-03,PDFS,29.25,404145
2026-02-04,PDFS,27.5,384530
2026-02-05,PDFS,27.02,313100
2026-02-06,PDFS,29.07,330690
2026-02-09,PDFS,30.64,325149
2026-02-10,PDFS,30.71,198593
2026-02-11,PDFS,32.52,363688
2026-02-12,PDFS,32.11,373443
2026-02-13,PDFS,33.69,499754
2026-02-17,PDFS,33.66,391314
2026-02-18,PDFS,33.25,468427
2026-02-19,PDFS,32.44,236029
2026-02-20,PDFS,32.43,247707
2026-02-23,PDFS,31.6,292138
2026-02-24,PDFS,33.18,229842
2026-02-25,PDFS,34.67,207206
2026-02-26,PDFS,33.95,278392
2026-02-27,PDFS,33.78,462849
2026-03-02,PDFS,34.0,269441
2026-03-03,PDFS,32.75,316865
2026-03-04,PDFS,33.1,182694
2026-03-05,PDFS,32.47,264685
2026-03-06,PDFS,31.28,526447
2026-03-09,PDFS,32.55,298746
2026-03-10,PDFS,33.25,324266
2026-03-11,PDFS,33.44,207347
2026-03-12,PDFS,31.97,268122
2026-03-13,PDFS,31.77,251970
2026-03-16,PDFS,33.01,237037
2026-03-17,PDFS,33.14,216559
2026-03-18,PDFS,33.54,297317
2026-03-19,PDFS,33.98,315393
2026-03-20,PDFS,32.76,518774
2026-03-23,PDFS,33.92,302879
2026-03-24,PDFS,34.53,223546
2026-03-25,PDFS,34.87,284709
2026-03-26,PDFS,34.42,612218
2026-03-27,PDFS,33.46,917123
2026-03-30,PDFS,30.88,311273
2026-03-31,PDFS,32.71,281926
2026-04-01,PDFS,33.4,286342
2026-04-02,PDFS,34.71,338012
2026-04-06,PDFS,34.07,180619
2026-04-07,PDFS,34.4,249509
2026-04-08,PDFS,36.95,659662
2026-04-09,PDFS,37.91,290806
2026-04-10,PDFS,38.83,245116
2026-04-13,PDFS,40.66,386039
2026-04-14,PDFS,41.33,333446
2026-04-15,PDFS,41.88,492814
2026-04-16,PDFS,41.82,850954
2026-04-17,PDFS,43.97,530488
2026-04-20,PDFS,43.54,386081
2026-04-21,PDFS,43.61,315868
2026-04-22,PDFS,43.78,251774
2026-04-23,PDFS,43.86,298810
2026-04-24,PDFS,46.49,1348651
2026-04-27,PDFS,41.34,961777
2026-04-28,PDFS,40.1,662062
2026-04-29,PDFS,40.0,402997
2026-04-30,PDFS,42.85,438805
2026-05-01,PDFS,44.55,521907
2026-05-04,PDFS,44.4,361626
2026-05-05,PDFS,46.35,252431
2026-05-06,PDFS,48.09,420179
2026-05-07,PDFS,47.7,974600
2026-05-08,PDFS,51.63,919241
2026-05-11,PDFS,55.09,1048033
2026-05-12,PDFS,50.95,946422
2026-02-02,PENN,12.6,2598291
2026-02-03,PENN,12.5,3529673
2026-02-04,PENN,13.04,5278323
2026-02-05,PENN,12.39,7382431
2026-02-06,PENN,13.41,6754461
2026-02-09,PENN,13.6,3841039
2026-02-10,PENN,13.88,3135540
2026-02-11,PENN,13.36,3201162
2026-02-12,PENN,12.41,4250329
2026-02-13,PENN,11.76,5543714
2026-02-17,PENN,12.05,3993700
2026-02-18,PENN,13.14,5579100
2026-02-19,PENN,13.33,3795500
2026-02-20,PENN,13.02,2330800
2026-02-23,PENN,12.17,5462528
2026-02-24,PENN,12.72,3888558
2026-02-25,PENN,12.54,3663500
2026-02-26,PENN,14.64,14644800
2026-02-27,PENN,15.64,12748000
2026-03-02,PENN,14.85,4489100
2026-03-03,PENN,14.93,5137900
2026-03-04,PENN,15.27,4277000
2026-03-05,PENN,15.47,5350200
2026-03-06,PENN,14.64,4465500
2026-03-09,PENN,14.7,4475757
2026-03-10,PENN,14.33,5076908
2026-03-11,PENN,14.87,5514500
2026-03-12,PENN,14.53,3345700
2026-03-13,PENN,14.31,3346100
2026-03-16,PENN,13.98,3677900
2026-03-17,PENN,13.97,2992400
2026-03-18,PENN,13.84,2804500
2026-03-19,PENN,14.16,4126800
2026-03-20,PENN,13.67,5488200
2026-03-23,PENN,14.44,4191600
2026-03-24,PENN,14.47,3653400
2026-03-25,PENN,14.66,2105200
2026-03-26,PENN,14.57,2457800
2026-03-27,PENN,13.77,3503700
2026-03-30,PENN,13.99,2303000
2026-03-31,PENN,15.03,7440200
2026-04-01,PENN,15.0,3512800
2026-04-02,PENN,14.77,2741200
2026-04-06,PENN,14.66,2949200
2026-04-07,PENN,15.05,3342200
2026-04-08,PENN,15.33,4466300
2026-04-09,PENN,15.66,2538400
2026-04-10,PENN,15.25,2325800
2026-04-13,PENN,15.29,2896300
2026-04-14,PENN,15.61,3299400
2026-04-15,PENN,16.01,2917900
2026-04-16,PENN,16.14,3345600
2026-04-17,PENN,15.85,3539700
2026-04-20,PENN,15.84,3740800
2026-04-21,PENN,15.47,4958400
2026-04-22,PENN,14.77,7469400
2026-04-23,PENN,17.26,11322200
2026-04-24,PENN,17.24,7882200
2026-04-27,PENN,17.83,5335800
2026-04-28,PENN,18.0,3948700
2026-04-29,PENN,17.82,3938400
2026-04-30,PENN,17.46,6102100
2026-05-01,PENN,17.27,4547300
2026-05-04,PENN,16.79,3141300
2026-05-05,PENN,17.1,2687800
2026-05-06,PENN,16.75,3331100
2026-05-07,PENN,16.77,2638100
2026-05-08,PENN,16.74,2200200
2026-05-11,PENN,15.94,2782800
2026-05-12,PENN,15.71,2795612
2026-02-02,PG,152.0451,10554900
2026-02-03,PG,154.1592,12424700
2026-02-04,PG,155.6976,12178500
2026-02-05,PG,157.4246,13077700
2026-02-06,PG,157.9804,10441700
2026-02-09,PG,156.1542,11439900
2026-02-10,PG,157.8911,9910100
2026-02-11,PG,158.8042,10217300
2026-02-12,PG,160.0052,13512900
2026-02-13,PG,158.8737,13998900
2026-02-17,PG,158.3576,13319100
2026-02-18,PG,155.6877,14434300
2026-02-19,PG,157.375,10724600
2026-02-20,PG,159.5784,11508100
2026-02-23,PG,163.9356,14772400
2026-02-24,PG,164.0447,9709500
2026-02-25,PG,162.1689,7878500
2026-02-26,PG,162.5262,7028600
2026-02-27,PG,165.9504,14878500
2026-03-02,PG,162.288,9095500
2026-03-03,PG,158.5263,10161000
2026-03-04,PG,157.1169,8752700
2026-03-05,PG,152.8391,10060300
2026-03-06,PG,152.4818,8187900
2026-03-09,PG,154.0599,12494900
2026-03-10,PG,154.844,7756800
2026-03-11,PG,152.1741,8855100
2026-03-12,PG,149.3752,8489300
2026-03-13,PG,149.5241,7298900
2026-03-16,PG,150.9831,6944000
2026-03-17,PG,150.3479,6147700
2026-03-18,PG,145.6135,10059300
2026-03-19,PG,143.7575,10340300
2026-03-20,PG,143.2017,60620900
2026-03-23,PG,142.9139,10315600
2026-03-24,PG,142.0901,8567600
2026-03-25,PG,142.8444,8418100
2026-03-26,PG,141.3556,6443200
2026-03-27,PG,141.6434,11558300
2026-03-30,PG,143.6384,11616300
2026-03-31,PG,143.3605,10407500
2026-04-01,PG,143.0131,8061700
2026-04-02,PG,142.0504,5941700
2026-04-06,PG,141.703,6823100
2026-04-07,PG,140.244,7207500
2026-04-08,PG,143.8171,10849700
2026-04-09,PG,145.5639,6794800
2026-04-10,PG,144.0751,9790300
2026-04-13,PG,142.5069,7121400
2026-04-14,PG,143.3009,6621600
2026-04-15,PG,142.3084,7698200
2026-04-16,PG,142.0404,6947100
2026-04-17,PG,145.8319,10886000
2026-04-20,PG,143.4101,8084700
2026-04-21,PG,141.2563,11197200
2026-04-22,PG,141.7824,7236300
2026-04-23,PG,144.621,11288800
2026-04-24,PG,148.18,13786200
2026-04-27,PG,148.4,9166400
2026-04-28,PG,149.17,7965700
2026-04-29,PG,146.46,9002400
2026-04-30,PG,147.09,9491700
2026-05-01,PG,147.26,6814800
2026-05-04,PG,143.42,9642800
2026-05-05,PG,144.9,7664300
2026-05-06,PG,147.9,9399500
2026-05-07,PG,146.06,9545800
2026-05-08,PG,146.42,5741000
2026-05-11,PG,143.36,7489500
2026-05-12,PG,143.91,6549805
2026-02-02,PH,948.0861,870200
2026-02-03,PH,960.3654,765200
2026-02-04,PH,964.0104,956500
2026-02-05,PH,963.6419,886800
2026-02-06,PH,974.2878,629500
2026-02-09,PH,976.6625,490900
2026-02-10,PH,989.3338,753400
2026-02-11,PH,993.5842,753100
2026-02-12,PH,979.9949,603200
2026-02-13,PH,999.4909,582400
2026-02-17,PH,1007.6524,601400
2026-02-18,PH,995.2505,578900
2026-02-19,PH,1010.1568,580200
2026-02-20,PH,1019.9247,690100
2026-02-23,PH,1006.6946,720600
2026-02-24,PH,1020.7129,432900
2026-02-25,PH,1009.5182,514900
2026-02-26,PH,1012.6811,459900
2026-02-27,PH,1006.9041,1065800
2026-03-02,PH,1009.1291,713300
2026-03-03,PH,986.4404,962100
2026-03-04,PH,985.5624,645900
2026-03-05,PH,963.2428,1003900
2026-03-06,PH,921.6369,1250700
2026-03-09,PH,930.0678,1349500
2026-03-10,PH,948.2467,959800
2026-03-11,PH,938.3591,531500
2026-03-12,PH,900.1355,771100
2026-03-13,PH,887.8532,877800
2026-03-16,PH,892.6224,924100
2026-03-17,PH,891.2954,764300
2026-03-18,PH,910.3424,1013200
2026-03-19,PH,897.9803,624400
2026-03-20,PH,892.393,904800
2026-03-23,PH,904.0167,1031500
2026-03-24,PH,922.4949,1130700
2026-03-25,PH,919.4817,971400
2026-03-26,PH,899.4271,772500
2026-03-27,PH,886.4364,613400
2026-03-30,PH,859.5372,787400
2026-03-31,PH,893.2211,1072600
2026-04-01,PH,918.6935,690700
2026-04-02,PH,906.0122,358500
2026-04-06,PH,910.0431,300600
2026-04-07,PH,910.9111,455800
2026-04-08,PH,963.8714,625800
2026-04-09,PH,980.7732,559700
2026-04-10,PH,982.0104,511500
2026-04-13,PH,987.2585,435500
2026-04-14,PH,982.7787,530000
2026-04-15,PH,961.5866,529400
2026-04-16,PH,954.8418,479500
2026-04-17,PH,986.5701,728900
2026-04-20,PH,994.1929,399800
2026-04-21,PH,970.4964,576300
2026-04-22,PH,952.2776,750100
2026-04-23,PH,971.6837,615400
2026-04-24,PH,972.2724,447600
2026-04-27,PH,972.1427,453900
2026-04-28,PH,960.0899,525200
2026-04-29,PH,945.3632,722900
2026-04-30,PH,907.3691,2029700
2026-05-01,PH,880.2404,1608000
2026-05-04,PH,865.7931,1167300
2026-05-05,PH,870.7219,724000
2026-05-06,PH,900.6243,910300
2026-05-07,PH,884.85,757100
2026-05-08,PH,878.83,753900
2026-05-11,PH,874.36,687200
2026-05-12,PH,881.34,827500
2026-02-02,PHO,73.0833,43709
2026-02-03,PHO,72.1647,39538
2026-02-04,PHO,72.9635,40131
2026-02-05,PHO,72.7139,74310
2026-02-06,PHO,74.1017,69297
2026-02-09,PHO,73.1432,117476
2026-02-10,PHO,73.7322,53406
2026-02-11,PHO,73.3528,49210
2026-02-12,PHO,72.025,71742
2026-02-13,PHO,72.4643,87591
2026-02-17,PHO,72.2846,54854
2026-02-18,PHO,72.634,58635
2026-02-19,PHO,72.7538,38566
2026-02-20,PHO,72.7838,37973
2026-02-23,PHO,71.985,29163
2026-02-24,PHO,72.8453,56319
2026-02-25,PHO,72.5741,66426
2026-02-26,PHO,73.4034,72674
2026-02-27,PHO,72.9205,37014
2026-03-02,PHO,72.6653,44074
2026-03-03,PHO,71.9151,68062
2026-03-04,PHO,71.9751,41291
2026-03-05,PHO,70.4275,55540
2026-03-06,PHO,69.3592,111093
2026-03-09,PHO,69.7187,83860
2026-03-10,PHO,68.5405,47261
2026-03-11,PHO,68.3471,54881
2026-03-12,PHO,67.0388,387270
2026-03-13,PHO,67.1627,76117
2026-03-16,PHO,67.3025,39595
2026-03-17,PHO,67.5058,45732
2026-03-18,PHO,66.4969,43999
2026-03-19,PHO,66.4239,76522
2026-03-20,PHO,65.745,61711
2026-03-23,PHO,66.76,65000
2026-03-24,PHO,66.85,92500
2026-03-25,PHO,67.3,104600
2026-03-26,PHO,66.5,98700
2026-03-27,PHO,65.49,89500
2026-03-30,PHO,65.54,53600
2026-03-31,PHO,66.86,88200
2026-04-01,PHO,67.59,174600
2026-04-02,PHO,67.34,95800
2026-04-06,PHO,67.76,51000
2026-04-07,PHO,67.47,53000
2026-04-08,PHO,69.27,61800
2026-04-09,PHO,69.7,58800
2026-04-10,PHO,69.42,40100
2026-04-13,PHO,70.31,60900
2026-04-14,PHO,70.5,54100
2026-04-15,PHO,69.43,61400
2026-04-16,PHO,68.94,67500
2026-04-17,PHO,69.5,58200
2026-04-20,PHO,69.71,45900
2026-04-21,PHO,69.85,102500
2026-04-22,PHO,69.69,58300
2026-04-23,PHO,69.8,57700
2026-04-24,PHO,69.34,43400
2026-04-27,PHO,69.34,768300
2026-04-28,PHO,68.47,58800
2026-04-29,PHO,67.84,37500
2026-04-30,PHO,68.71,61300
2026-05-01,PHO,68.15,52400
2026-05-04,PHO,67.45,55200
2026-05-05,PHO,68.42,91700
2026-05-06,PHO,68.9,458000
2026-05-07,PHO,68.23,78000
2026-05-08,PHO,67.66,68200
2026-05-11,PHO,67.08,71900
2026-05-12,PHO,66.4,67545
2026-02-02,PICK,58.32,1850300
2026-02-03,PICK,61.0,1169600
2026-02-04,PICK,60.23,716600
2026-02-05,PICK,57.41,1008700
2026-02-06,PICK,59.28,483000
2026-02-09,PICK,61.02,482300
2026-02-10,PICK,60.99,1029200
2026-02-11,PICK,62.39,603100
2026-02-12,PICK,60.68,694000
2026-02-13,PICK,60.63,396400
2026-02-17,PICK,59.63,707400
2026-02-18,PICK,60.63,241700
2026-02-19,PICK,60.2,548500
2026-02-20,PICK,61.44,436400
2026-02-23,PICK,62.03,333000
2026-02-24,PICK,62.86,693300
2026-02-25,PICK,64.42,817600
2026-02-26,PICK,64.13,894600
2026-02-27,PICK,64.34,391700
2026-03-02,PICK,64.36,873100
2026-03-03,PICK,60.54,882700
2026-03-04,PICK,61.23,318200
2026-03-05,PICK,58.79,600300
2026-03-06,PICK,57.37,1008300
2026-03-09,PICK,58.01,1069922
2026-03-10,PICK,58.77,290785
2026-03-11,PICK,58.78,291200
2026-03-12,PICK,57.25,1017200
2026-03-13,PICK,55.36,715800
2026-03-16,PICK,56.5,1023400
2026-03-17,PICK,56.58,399100
2026-03-18,PICK,54.81,391100
2026-03-19,PICK,53.8,827500
2026-03-20,PICK,51.83,767000
2026-03-23,PICK,53.96,939400
2026-03-24,PICK,54.06,514300
2026-03-25,PICK,55.32,441100
2026-03-26,PICK,53.59,303900
2026-03-27,PICK,53.89,461900
2026-03-30,PICK,53.93,652500
2026-03-31,PICK,56.59,864400
2026-04-01,PICK,57.85,394200
2026-04-02,PICK,57.35,241000
2026-04-06,PICK,57.43,120000
2026-04-07,PICK,57.61,412700
2026-04-08,PICK,60.7,629700
2026-04-09,PICK,60.88,1072100
2026-04-10,PICK,61.29,652000
2026-04-13,PICK,62.18,400900
2026-04-14,PICK,62.95,326700
2026-04-15,PICK,62.61,576900
2026-04-16,PICK,62.76,302900
2026-04-17,PICK,63.81,229400
2026-04-20,PICK,63.39,447800
2026-04-21,PICK,61.55,565700
2026-04-22,PICK,63.31,226500
2026-04-23,PICK,61.76,253100
2026-04-24,PICK,61.8,597900
2026-04-27,PICK,61.77,416600
2026-04-28,PICK,60.78,370100
2026-04-29,PICK,60.06,271800
2026-04-30,PICK,61.6,405600
2026-05-01,PICK,61.4,327700
2026-05-04,PICK,60.25,787900
2026-05-05,PICK,61.48,348600
2026-05-06,PICK,64.49,629200
2026-05-07,PICK,63.47,765900
2026-05-08,PICK,64.83,500200
2026-05-11,PICK,65.91,968300
2026-05-12,PICK,66.25,891045
2026-02-02,PL,22.85,14969300
2026-02-03,PL,23.95,9615400
2026-02-04,PL,21.77,12233300
2026-02-05,PL,20.43,11440000
2026-02-06,PL,22.26,9450800
2026-02-09,PL,24.02,10632100
2026-02-10,PL,22.79,7622300
2026-02-11,PL,21.65,8037400
2026-02-12,PL,21.3,13350500
2026-02-13,PL,22.42,6457700
2026-02-17,PL,22.21,5585700
2026-02-18,PL,23.74,10005400
2026-02-19,PL,25.11,10863000
2026-02-20,PL,23.9,10766300
2026-02-23,PL,23.78,6731000
2026-02-24,PL,24.71,7496000
2026-02-25,PL,24.63,8104100
2026-02-26,PL,25.6,7738200
2026-02-27,PL,24.14,9226400
2026-03-02,PL,26.36,10634700
2026-03-03,PL,25.3,11528100
2026-03-04,PL,26.0,8717200
2026-03-05,PL,24.59,9378300
2026-03-06,PL,25.28,14146300
2026-03-09,PL,25.82,10885000
2026-03-10,PL,25.4,8178300
2026-03-11,PL,25.44,8246000
2026-03-12,PL,24.97,9442500
2026-03-13,PL,24.79,7465300
2026-03-16,PL,24.6,10594600
2026-03-17,PL,27.08,11741100
2026-03-18,PL,24.81,14332100
2026-03-19,PL,26.96,28707100
2026-03-20,PL,33.83,63704700
2026-03-23,PL,33.82,29098200
2026-03-24,PL,31.83,23091300
2026-03-25,PL,35.37,24866200
2026-03-26,PL,32.4,14611300
2026-03-27,PL,30.86,16208200
2026-03-30,PL,27.89,15865000
2026-03-31,PL,27.95,18965700
2026-04-01,PL,30.71,17344400
2026-04-02,PL,35.88,25891400
2026-04-06,PL,35.02,12546200
2026-04-07,PL,35.17,13676400
2026-04-08,PL,36.55,16116300
2026-04-09,PL,34.23,11314500
2026-04-10,PL,34.67,9428900
2026-04-13,PL,34.32,11984700
2026-04-14,PL,33.93,16342700
2026-04-15,PL,34.41,10944900
2026-04-16,PL,39.89,19597200
2026-04-17,PL,38.48,11763400
2026-04-20,PL,37.5,8998100
2026-04-21,PL,38.03,10306700
2026-04-22,PL,39.47,12106600
2026-04-23,PL,38.29,11935900
2026-04-24,PL,35.44,10668600
2026-04-27,PL,35.45,7772600
2026-04-28,PL,35.03,6090000
2026-04-29,PL,34.08,6890500
2026-04-30,PL,36.97,8085600
2026-05-01,PL,36.9,9009500
2026-05-04,PL,38.54,8572100
2026-05-05,PL,37.13,8342200
2026-05-06,PL,39.69,7572100
2026-05-07,PL,35.24,10605900
2026-05-08,PL,39.04,12929900
2026-05-11,PL,41.84,12219700
2026-05-12,PL,40.68,8391811
2026-02-02,PLD,128.645,2383786
2026-02-03,PLD,130.8275,3058477
2026-02-04,PLD,133.7639,3888919
2026-02-05,PLD,135.0535,3746843
2026-02-06,PLD,135.857,3120636
2026-02-09,PLD,136.1844,2047598
2026-02-10,PLD,139.3588,2831245
2026-02-11,PLD,138.7636,3623780
2026-02-12,PLD,135.2916,5147186
2026-02-13,PLD,137.8609,3096614
2026-02-17,PLD,140.6385,3079449
2026-02-18,PLD,138.5156,2751707
2026-02-19,PLD,137.9303,1772798
2026-02-20,PLD,140.3806,2408767
2026-02-23,PLD,139.6168,3942338
2026-02-24,PLD,139.1803,2359740
2026-02-25,PLD,138.9124,2865420
2026-02-26,PLD,141.5214,3221745
2026-02-27,PLD,141.4322,5263832
2026-03-02,PLD,141.581,3204712
2026-03-03,PLD,139.8747,2590825
2026-03-04,PLD,138.3073,3018612
2026-03-05,PLD,136.7498,4355916
2026-03-06,PLD,133.4662,5286592
2026-03-09,PLD,134.0714,4635402
2026-03-10,PLD,135.0733,4050407
2026-03-11,PLD,133.3274,2971595
2026-03-12,PLD,130.8473,4745831
2026-03-13,PLD,130.6985,2342924
2026-03-16,PLD,134.07,2170282
2026-03-17,PLD,133.21,2518915
2026-03-18,PLD,131.2,2754252
2026-03-19,PLD,131.09,2767336
2026-03-20,PLD,128.01,5564294
2026-03-23,PLD,130.31,4179089
2026-03-24,PLD,130.35,3196383
2026-03-25,PLD,130.36,3957515
2026-03-26,PLD,129.74,3058436
2026-03-27,PLD,128.9,3005278
2026-03-30,PLD,128.78,3327144
2026-03-31,PLD,132.18,4336189
2026-04-01,PLD,133.33,3708064
2026-04-02,PLD,133.77,3427095
2026-04-06,PLD,132.35,2602932
2026-04-07,PLD,133.22,2300965
2026-04-08,PLD,137.41,3961727
2026-04-09,PLD,138.02,3568223
2026-04-10,PLD,137.19,4027259
2026-04-13,PLD,137.15,4253205
2026-04-14,PLD,138.36,3982692
2026-04-15,PLD,139.77,4747396
2026-04-16,PLD,142.17,4835584
2026-04-17,PLD,145.1,4432806
2026-04-20,PLD,145.03,2858641
2026-04-21,PLD,141.92,4323314
2026-04-22,PLD,141.42,3612650
2026-04-23,PLD,142.34,3799924
2026-04-24,PLD,142.1,3265726
2026-04-27,PLD,140.02,2823566
2026-04-28,PLD,141.53,4046995
2026-04-29,PLD,138.82,3526231
2026-04-30,PLD,142.02,3859584
2026-05-01,PLD,141.41,2842153
2026-05-04,PLD,138.76,2480356
2026-05-05,PLD,140.27,2091288
2026-05-06,PLD,142.9,3322023
2026-05-07,PLD,142.29,3902365
2026-05-08,PLD,144.09,3267211
2026-05-11,PLD,144.07,2685839
2026-05-12,PLD,143.76,2495438
2026-02-02,PLTR,147.76,72811148
2026-02-03,PLTR,157.88,113169203
2026-02-04,PLTR,139.54,113199508
2026-02-05,PLTR,130.01,93690789
2026-02-06,PLTR,135.9,62661434
2026-02-09,PLTR,142.91,58042461
2026-02-10,PLTR,139.51,56061312
2026-02-11,PLTR,135.68,52796047
2026-02-12,PLTR,129.13,74090641
2026-02-13,PLTR,131.41,49438047
2026-02-17,PLTR,133.02,48407100
2026-02-18,PLTR,135.38,59677100
2026-02-19,PLTR,134.89,42197200
2026-02-20,PLTR,135.24,53726800
2026-02-23,PLTR,130.6,52512200
2026-02-24,PLTR,128.84,47121400
2026-02-25,PLTR,134.19,53078300
2026-02-26,PLTR,135.94,45100000
2026-02-27,PLTR,137.19,59412400
2026-03-02,PLTR,145.17,72683900
2026-03-03,PLTR,147.22,67460200
2026-03-04,PLTR,153.19,60062200
2026-03-05,PLTR,152.67,50714500
2026-03-06,PLTR,157.16,74980900
2026-03-09,PLTR,156.43,47574199
2026-03-10,PLTR,151.14,47501391
2026-03-11,PLTR,151.6,33955900
2026-03-12,PLTR,153.5,54409800
2026-03-13,PLTR,150.95,42460600
2026-03-16,PLTR,152.72,32898949
2026-03-17,PLTR,155.08,37118461
2026-03-18,PLTR,152.77,32476700
2026-03-19,PLTR,155.68,33915900
2026-03-20,PLTR,150.68,48700200
2026-03-23,PLTR,160.84,57507100
2026-03-24,PLTR,154.78,56155700
2026-03-25,PLTR,154.96,38543300
2026-03-26,PLTR,147.56,43038400
2026-03-27,PLTR,143.06,35790800
2026-03-30,PLTR,137.55,41289800
2026-03-31,PLTR,146.28,45558600
2026-04-01,PLTR,146.49,34171000
2026-04-02,PLTR,148.46,30437000
2026-04-06,PLTR,147.93,25142200
2026-04-07,PLTR,150.07,28671100
2026-04-08,PLTR,140.76,64827700
2026-04-09,PLTR,130.49,92361400
2026-04-10,PLTR,128.06,116656800
2026-04-13,PLTR,132.37,65772800
2026-04-14,PLTR,135.7,52786800
2026-04-15,PLTR,142.15,48389400
2026-04-16,PLTR,142.76,43746000
2026-04-17,PLTR,146.39,50657600
2026-04-20,PLTR,145.89,33482700
2026-04-21,PLTR,145.97,44830000
2026-04-22,PLTR,152.62,43701500
2026-04-23,PLTR,141.57,58654400
2026-04-24,PLTR,143.09,38677200
2026-04-27,PLTR,143.1,31275400
2026-04-28,PLTR,141.18,24757200
2026-04-29,PLTR,137.97,33348100
2026-04-30,PLTR,139.11,32523600
2026-05-01,PLTR,144.07,33219900
2026-05-04,PLTR,146.03,70525900
2026-05-05,PLTR,135.91,89747100
2026-05-06,PLTR,133.79,55524800
2026-05-07,PLTR,137.05,50184900
2026-05-08,PLTR,137.8,41745400
2026-05-11,PLTR,136.89,41414500
2026-05-12,PLTR,136.0,36510403
2026-02-02,PLUG,2.08,74746719
2026-02-03,PLUG,2.13,101208203
2026-02-04,PLUG,2.05,121968492
2026-02-05,PLUG,1.86,115930398
2026-02-06,PLUG,2.075,109056602
2026-02-09,PLUG,2.1,87525664
2026-02-10,PLUG,2.04,82664547
2026-02-11,PLUG,1.96,92421805
2026-02-12,PLUG,1.82,107090602
2026-02-13,PLUG,1.89,84314109
2026-02-17,PLUG,1.82,73002300
2026-02-18,PLUG,1.86,76131900
2026-02-19,PLUG,1.91,75984600
2026-02-20,PLUG,1.87,85147200
2026-02-23,PLUG,1.84,66447600
2026-02-24,PLUG,1.91,85128200
2026-02-25,PLUG,1.91,84946400
2026-02-26,PLUG,1.91,111220300
2026-02-27,PLUG,1.79,118005200
2026-03-02,PLUG,1.81,113822800
2026-03-03,PLUG,2.23,224774100
2026-03-04,PLUG,2.48,129661800
2026-03-05,PLUG,2.29,88785100
2026-03-06,PLUG,2.13,73364500
2026-03-09,PLUG,2.18,74750250
2026-03-10,PLUG,2.12,65736914
2026-03-11,PLUG,2.23,67406700
2026-03-12,PLUG,2.21,85745100
2026-03-13,PLUG,2.15,62734100
2026-03-16,PLUG,2.24,85045100
2026-03-17,PLUG,2.33,76543300
2026-03-18,PLUG,2.32,84281800
2026-03-19,PLUG,2.4,78431700
2026-03-20,PLUG,2.23,104494300
2026-03-23,PLUG,2.31,49286700
2026-03-24,PLUG,2.29,60587500
2026-03-25,PLUG,2.27,35782100
2026-03-26,PLUG,2.25,58192600
2026-03-27,PLUG,2.18,51426200
2026-03-30,PLUG,2.14,50764400
2026-03-31,PLUG,2.26,46982600
2026-04-01,PLUG,2.25,39420100
2026-04-02,PLUG,2.41,85948200
2026-04-06,PLUG,2.69,99214900
2026-04-07,PLUG,2.52,79516400
2026-04-08,PLUG,2.65,68378000
2026-04-09,PLUG,2.74,76700000
2026-04-10,PLUG,2.74,60962400
2026-04-13,PLUG,2.77,60160600
2026-04-14,PLUG,2.94,86051600
2026-04-15,PLUG,2.93,68686400
2026-04-16,PLUG,2.86,57509600
2026-04-17,PLUG,2.78,83567800
2026-04-20,PLUG,3.22,112240400
2026-04-21,PLUG,3.08,82135300
2026-04-22,PLUG,3.19,60241100
2026-04-23,PLUG,3.18,66212200
2026-04-24,PLUG,3.14,76960300
2026-04-27,PLUG,3.08,57720400
2026-04-28,PLUG,3.03,37516400
2026-04-29,PLUG,3.41,133462100
2026-04-30,PLUG,3.13,96518400
2026-05-01,PLUG,3.11,37029000
2026-05-04,PLUG,3.13,50642800
2026-05-05,PLUG,3.32,67727000
2026-05-06,PLUG,3.31,59643600
2026-05-07,PLUG,3.13,79475900
2026-05-08,PLUG,3.12,45815700
2026-05-11,PLUG,3.52,175289000
2026-05-12,PLUG,3.56,192139482
2026-02-02,PNR,105.189,3192900
2026-02-03,PNR,94.5016,7580400
2026-02-04,PNR,96.984,4786300
2026-02-05,PNR,94.681,2415500
2026-02-06,PNR,97.0538,1597300
2026-02-09,PNR,97.2233,1849400
2026-02-10,PNR,98.3199,1304900
2026-02-11,PNR,100.2142,1720300
2026-02-12,PNR,99.4565,1881600
2026-02-13,PNR,101.0616,1550400
2026-02-17,PNR,99.4565,1621800
2026-02-18,PNR,101.4803,1513900
2026-02-19,PNR,100.1743,1380400
2026-02-20,PNR,101.7196,1422100
2026-02-23,PNR,101.3507,1304500
2026-02-24,PNR,102.6168,1494800
2026-02-25,PNR,100.5132,1336500
2026-02-26,PNR,100.1344,1758700
2026-02-27,PNR,98.8882,1931500
2026-03-02,PNR,97.8215,1284000
2026-03-03,PNR,97.2731,1726200
2026-03-04,PNR,96.6351,2237600
2026-03-05,PNR,95.678,1991700
2026-03-06,PNR,91.8896,1270400
2026-03-09,PNR,91.9195,1467000
2026-03-10,PNR,89.8857,1538000
2026-03-11,PNR,90.5935,1858100
2026-03-12,PNR,88.0413,1481600
2026-03-13,PNR,88.0214,1304100
2026-03-16,PNR,88.5198,1083000
2026-03-17,PNR,89.0881,922400
2026-03-18,PNR,88.0014,1375500
2026-03-19,PNR,88.2208,1771600
2026-03-20,PNR,86.2268,2182400
2026-03-23,PNR,88.1709,1346900
2026-03-24,PNR,87.3135,1435300
2026-03-25,PNR,87.3434,2061200
2026-03-26,PNR,85.6685,2034900
2026-03-27,PNR,84.6616,1365300
2026-03-30,PNR,83.7345,1310200
2026-03-31,PNR,86.845,1269100
2026-04-01,PNR,86.496,1289000
2026-04-02,PNR,85.5589,1049100
2026-04-06,PNR,86.2268,816100
2026-04-07,PNR,86.7951,1302000
2026-04-08,PNR,90.2546,1570700
2026-04-09,PNR,90.1848,1628000
2026-04-10,PNR,89.9355,1477100
2026-04-13,PNR,90.9225,1173500
2026-04-14,PNR,90.5337,1403000
2026-04-15,PNR,88.0812,1172100
2026-04-16,PNR,88.47,1211400
2026-04-17,PNR,91.08,1925400
2026-04-20,PNR,90.43,1025800
2026-04-21,PNR,89.99,1067100
2026-04-22,PNR,89.6,1374200
2026-04-23,PNR,90.48,1387700
2026-04-24,PNR,91.75,2558000
2026-04-27,PNR,92.27,3195300
2026-04-28,PNR,82.86,6241300
2026-04-29,PNR,80.84,3138300
2026-04-30,PNR,80.71,3738000
2026-05-01,PNR,79.1,1915500
2026-05-04,PNR,77.08,2346200
2026-05-05,PNR,77.84,1571800
2026-05-06,PNR,79.91,2327500
2026-05-07,PNR,78.96,1899400
2026-05-08,PNR,76.82,1436000
2026-05-11,PNR,75.83,1477300
2026-05-12,PNR,75.26,2648166
2026-02-02,PODD,256.62,1069510
2026-02-03,PODD,251.22,976837
2026-02-04,PODD,251.24,1050907
2026-02-05,PODD,243.15,1339754
2026-02-06,PODD,241.93,1096385
2026-02-09,PODD,245.57,686354
2026-02-10,PODD,252.41,1450028
2026-02-11,PODD,250.85,726158
2026-02-12,PODD,240.82,972769
2026-02-13,PODD,242.74,776046
2026-02-17,PODD,246.34,1229100
2026-02-18,PODD,258.07,2073700
2026-02-19,PODD,249.1,1416200
2026-02-20,PODD,241.89,1396200
2026-02-23,PODD,249.38,1597200
2026-02-24,PODD,245.25,1272500
2026-02-25,PODD,248.12,880000
2026-02-26,PODD,251.5,1078200
2026-02-27,PODD,246.61,983800
2026-03-02,PODD,245.45,1179900
2026-03-03,PODD,241.84,938500
2026-03-04,PODD,242.89,1001000
2026-03-05,PODD,240.94,935700
2026-03-06,PODD,237.01,1226700
2026-03-09,PODD,240.38,928165
2026-03-10,PODD,238.24,832240
2026-03-11,PODD,238.82,973900
2026-03-12,PODD,236.07,850700
2026-03-13,PODD,219.84,2117000
2026-03-16,PODD,224.66,1119500
2026-03-17,PODD,230.49,1029800
2026-03-18,PODD,230.28,743500
2026-03-19,PODD,228.63,740000
2026-03-20,PODD,227.1,1062800
2026-03-23,PODD,227.08,671300
2026-03-24,PODD,225.5,546900
2026-03-25,PODD,216.0,1137600
2026-03-26,PODD,218.11,1040300
2026-03-27,PODD,208.22,893000
2026-03-30,PODD,208.01,792700
2026-03-31,PODD,209.84,751600
2026-04-01,PODD,207.04,1169700
2026-04-02,PODD,204.31,886800
2026-04-06,PODD,203.5,1215200
2026-04-07,PODD,202.46,930600
2026-04-08,PODD,203.51,702800
2026-04-09,PODD,199.42,813800
2026-04-10,PODD,196.93,729800
2026-04-13,PODD,197.81,665600
2026-04-14,PODD,201.49,733400
2026-04-15,PODD,202.5,802900
2026-04-16,PODD,201.47,744800
2026-04-17,PODD,203.73,864800
2026-04-20,PODD,200.87,587000
2026-04-21,PODD,192.33,788900
2026-04-22,PODD,193.62,763800
2026-04-23,PODD,192.21,711800
2026-04-24,PODD,189.56,1116900
2026-04-27,PODD,188.31,654000
2026-04-28,PODD,182.87,1184800
2026-04-29,PODD,160.02,4046900
2026-04-30,PODD,172.14,2516500
2026-05-01,PODD,175.04,1281900
2026-05-04,PODD,171.39,1281100
2026-05-05,PODD,167.53,1473900
2026-05-06,PODD,151.28,4460800
2026-05-07,PODD,160.4,2827000
2026-05-08,PODD,154.16,1737800
2026-05-11,PODD,154.17,1536200
2026-05-12,PODD,158.35,1314802
2026-02-02,POWL,146.7161,1368300
2026-02-03,POWL,151.0074,1076100
2026-02-04,POWL,175.6822,2280900
2026-02-05,POWL,179.517,1237200
2026-02-06,POWL,194.6464,1566600
2026-02-09,POWL,187.2067,1399200
2026-02-10,POWL,189.9953,1174800
2026-02-11,POWL,197.3551,1035000
2026-02-12,POWL,197.5383,784800
2026-02-13,POWL,194.9295,515100
2026-02-17,POWL,187.1233,516900
2026-02-18,POWL,180.9933,756900
2026-02-19,POWL,178.7867,670800
2026-02-20,POWL,182.2733,633600
2026-02-23,POWL,181.3833,577200
2026-02-24,POWL,186.3867,783600
2026-02-25,POWL,183.0,628500
2026-02-26,POWL,176.96,815700
2026-02-27,POWL,174.5333,579600
2026-03-02,POWL,177.5,407100
2026-03-03,POWL,170.3733,591300
2026-03-04,POWL,170.9633,769200
2026-03-05,POWL,167.67,835200
2026-03-06,POWL,161.2167,571800
2026-03-09,POWL,173.3633,814500
2026-03-10,POWL,176.5133,576300
2026-03-11,POWL,171.7333,636600
2026-03-12,POWL,171.1867,885900
2026-03-13,POWL,167.57,541500
2026-03-16,POWL,170.6067,402900
2026-03-17,POWL,174.04,402000
2026-03-18,POWL,167.41,791700
2026-03-19,POWL,175.1333,760500
2026-03-20,POWL,172.0,1087500
2026-03-23,POWL,180.8633,657600
2026-03-24,POWL,186.82,759300
2026-03-25,POWL,194.8533,785400
2026-03-26,POWL,174.7967,757800
2026-03-27,POWL,179.3467,629700
2026-03-30,POWL,167.52,832500
2026-03-31,POWL,180.36,471300
2026-04-01,POWL,184.6833,455700
2026-04-02,POWL,182.6033,339600
2026-04-06,POWL,186.72,397000
2026-04-07,POWL,201.7,856900
2026-04-08,POWL,218.07,1065100
2026-04-09,POWL,230.81,822300
2026-04-10,POWL,230.94,708800
2026-04-13,POWL,228.99,449400
2026-04-14,POWL,234.42,619900
2026-04-15,POWL,229.73,471900
2026-04-16,POWL,232.81,452600
2026-04-17,POWL,241.01,928900
2026-04-20,POWL,241.65,355500
2026-04-21,POWL,240.97,634300
2026-04-22,POWL,242.77,507600
2026-04-23,POWL,252.18,522900
2026-04-24,POWL,252.76,418900
2026-04-27,POWL,260.52,732200
2026-04-28,POWL,255.56,655100
2026-04-29,POWL,253.49,492100
2026-04-30,POWL,277.27,773800
2026-05-01,POWL,275.33,748400
2026-05-04,POWL,269.95,1465400
2026-05-05,POWL,294.69,1355600
2026-05-06,POWL,320.3,1093500
2026-05-07,POWL,305.93,897100
2026-05-08,POWL,309.39,495200
2026-05-11,POWL,322.05,497400
2026-05-12,POWL,308.05,868438
2026-02-02,POWR,24.4205,41400
2026-02-03,POWR,24.8792,34200
2026-02-04,POWR,24.7097,38200
2026-02-05,POWR,24.6,87600
2026-02-06,POWR,25.0886,32300
2026-02-09,POWR,25.1883,28600
2026-02-10,POWR,25.2581,24200
2026-02-11,POWR,25.7767,54300
2026-02-12,POWR,25.7368,191900
2026-02-13,POWR,26.2453,103400
2026-02-17,POWR,26.2154,94800
2026-02-18,POWR,26.0659,87000
2026-02-19,POWR,26.2952,70100
2026-02-20,POWR,26.4248,86200
2026-02-23,POWR,26.2453,85300
2026-02-24,POWR,26.7738,113000
2026-02-25,POWR,26.7439,173200
2026-02-26,POWR,26.5545,81900
2026-02-27,POWR,26.6442,99300
2026-03-02,POWR,26.6542,110200
2026-03-03,POWR,26.1755,137400
2026-03-04,POWR,26.3451,189300
2026-03-05,POWR,25.9562,123600
2026-03-06,POWR,25.7069,70600
2026-03-09,POWR,26.016,134600
2026-03-10,POWR,26.0559,69800
2026-03-11,POWR,26.1057,89400
2026-03-12,POWR,26.0459,57200
2026-03-13,POWR,26.0758,68200
2026-03-16,POWR,26.425,58100
2026-03-17,POWR,26.43,63600
2026-03-18,POWR,26.36,41000
2026-03-19,POWR,26.46,58300
2026-03-20,POWR,25.65,52400
2026-03-23,POWR,26.0187,121898
2026-03-24,POWR,26.43,86156
2026-03-25,POWR,26.68,85400
2026-03-26,POWR,26.13,62100
2026-03-27,POWR,26.19,379600
2026-03-30,POWR,25.85,62100
2026-03-31,POWR,26.23,69200
2026-04-01,POWR,26.34,88900
2026-04-02,POWR,26.16,59100
2026-04-06,POWR,26.16,55500
2026-04-07,POWR,26.21,38900
2026-04-08,POWR,26.73,67400
2026-04-09,POWR,26.93,105400
2026-04-10,POWR,27.01,54200
2026-04-13,POWR,26.77,100600
2026-04-14,POWR,26.82,186900
2026-04-15,POWR,26.53,97000
2026-04-16,POWR,26.57,152100
2026-04-17,POWR,26.78,90600
2026-04-20,POWR,26.62,87500
2026-04-21,POWR,26.47,104500
2026-04-22,POWR,26.87,162000
2026-04-23,POWR,27.53,239300
2026-04-24,POWR,27.46,195400
2026-04-27,POWR,27.49,189900
2026-04-28,POWR,27.34,128600
2026-04-29,POWR,27.08,79200
2026-04-30,POWR,28.02,273000
2026-05-01,POWR,28.02,213100
2026-05-04,POWR,28.07,228900
2026-05-05,POWR,28.22,374400
2026-05-06,POWR,28.16,227400
2026-05-07,POWR,27.44,662900
2026-05-08,POWR,27.43,268600
2026-05-11,POWR,27.92,264900
2026-05-12,POWR,27.69,286839
2026-02-02,PPA,173.6828,422897
2026-02-03,PPA,176.2121,436915
2026-02-04,PPA,171.2134,356871
2026-02-05,PPA,169.5939,258779
2026-02-06,PPA,175.2124,232577
2026-02-09,PPA,176.8219,220713
2026-02-10,PPA,175.4523,174700
2026-02-11,PPA,173.0829,215591
2026-02-12,PPA,173.9327,268860
2026-02-13,PPA,176.0521,184535
2026-02-17,PPA,177.3218,229922
2026-02-18,PPA,178.6214,182480
2026-02-19,PPA,181.1507,275865
2026-02-20,PPA,180.5709,258445
2026-02-23,PPA,178.9013,306525
2026-02-24,PPA,181.0508,176449
2026-02-25,PPA,179.0713,206829
2026-02-26,PPA,180.271,215976
2026-02-27,PPA,181.0208,190563
2026-03-02,PPA,185.5395,660408
2026-03-03,PPA,182.0905,488694
2026-03-04,PPA,183.6201,357802
2026-03-05,PPA,179.4512,452208
2026-03-06,PPA,180.7109,379535
2026-03-09,PPA,181.0008,388123
2026-03-10,PPA,178.6514,660903
2026-03-11,PPA,177.9416,258339
2026-03-12,PPA,174.0327,338142
2026-03-13,PPA,173.1829,330183
2026-03-16,PPA,175.2723,265644
2026-03-17,PPA,176.1121,176879
2026-03-18,PPA,174.5525,232318
2026-03-19,PPA,172.743,293952
2026-03-20,PPA,169.154,228804
2026-03-23,PPA,169.51,351400
2026-03-24,PPA,168.78,272800
2026-03-25,PPA,171.36,177900
2026-03-26,PPA,167.54,323000
2026-03-27,PPA,164.38,257000
2026-03-30,PPA,160.11,379700
2026-03-31,PPA,165.7,257400
2026-04-01,PPA,169.66,240900
2026-04-02,PPA,169.68,181700
2026-04-06,PPA,171.67,186486
2026-04-07,PPA,170.46,254566
2026-04-08,PPA,176.28,259300
2026-04-09,PPA,175.67,191900
2026-04-10,PPA,174.36,184800
2026-04-13,PPA,176.85,177300
2026-04-14,PPA,177.65,273400
2026-04-15,PPA,176.53,163800
2026-04-16,PPA,174.74,197500
2026-04-17,PPA,176.59,278600
2026-04-20,PPA,176.29,161000
2026-04-21,PPA,171.29,521600
2026-04-22,PPA,169.6,500900
2026-04-23,PPA,168.67,338100
2026-04-24,PPA,166.07,252100
2026-04-27,PPA,165.81,213500
2026-04-28,PPA,165.45,231100
2026-04-29,PPA,163.53,311000
2026-04-30,PPA,167.45,315900
2026-05-01,PPA,165.58,651500
2026-05-04,PPA,164.7,442428
2026-05-05,PPA,164.03,325238
2026-05-06,PPA,168.4,373100
2026-05-07,PPA,166.67,222600
2026-05-08,PPA,167.61,167500
2026-05-11,PPA,169.44,230200
2026-05-12,PPA,169.63,232539
2026-02-02,PSI,95.317,292607
2026-02-03,PSI,93.877,175164
2026-02-04,PSI,90.7671,122874
2026-02-05,PSI,92.0071,75067
2026-02-06,PSI,98.1969,214961
2026-02-09,PSI,99.5168,204023
2026-02-10,PSI,99.3769,94246
2026-02-11,PSI,102.6367,138982
2026-02-12,PSI,99.7668,206031
2026-02-13,PSI,100.5768,1114327
2026-02-17,PSI,100.3768,275470
2026-02-18,PSI,99.8868,85296
2026-02-19,PSI,99.3469,796577
2026-02-20,PSI,100.8668,67554
2026-02-23,PSI,99.9668,323542
2026-02-24,PSI,102.7567,333820
2026-02-25,PSI,104.7267,165463
2026-02-26,PSI,100.6568,195326
2026-02-27,PSI,98.9969,366109
2026-03-02,PSI,100.7968,563556
2026-03-03,PSI,95.377,434224
2026-03-04,PSI,96.8169,173673
2026-03-05,PSI,94.277,279716
2026-03-06,PSI,89.1972,252711
2026-03-09,PSI,92.9771,186253
2026-03-10,PSI,94.097,236544
2026-03-11,PSI,94.997,161618
2026-03-12,PSI,91.6771,116141
2026-03-13,PSI,92.0771,57086
2026-03-16,PSI,94.887,103996
2026-03-17,PSI,95.747,71415
2026-03-18,PSI,95.437,125138
2026-03-19,PSI,97.2069,80817
2026-03-20,PSI,94.647,195208
2026-03-23,PSI,96.82,380900
2026-03-24,PSI,100.03,177000
2026-03-25,PSI,100.67,348500
2026-03-26,PSI,94.75,213800
2026-03-27,PSI,93.21,264100
2026-03-30,PSI,88.52,424100
2026-03-31,PSI,94.38,235000
2026-04-01,PSI,97.07,361400
2026-04-02,PSI,97.53,144700
2026-04-06,PSI,98.8,106300
2026-04-07,PSI,99.53,115200
2026-04-08,PSI,106.27,214100
2026-04-09,PSI,108.91,243300
2026-04-10,PSI,110.44,327000
2026-04-13,PSI,112.65,187900
2026-04-14,PSI,114.1,276700
2026-04-15,PSI,113.95,285200
2026-04-16,PSI,116.25,188700
2026-04-17,PSI,120.04,269000
2026-04-20,PSI,121.73,217100
2026-04-21,PSI,122.15,324400
2026-04-22,PSI,124.1,304800
2026-04-23,PSI,127.02,361200
2026-04-24,PSI,134.86,458800
2026-04-27,PSI,130.72,727100
2026-04-28,PSI,125.4,490500
2026-04-29,PSI,128.87,289500
2026-04-30,PSI,133.68,306200
2026-05-01,PSI,135.12,258000
2026-05-04,PSI,135.17,635100
2026-05-05,PSI,139.67,337100
2026-05-06,PSI,144.61,417500
2026-05-07,PSI,143.16,346900
2026-05-08,PSI,151.78,398600
2026-05-11,PSI,156.16,1237400
2026-05-12,PSI,149.44,814756
2026-02-02,PTC,156.92,1210900
2026-02-03,PTC,149.25,1800136
2026-02-04,PTC,151.34,2254741
2026-02-05,PTC,153.94,2727213
2026-02-06,PTC,155.72,1494842
2026-02-09,PTC,159.74,1292000
2026-02-10,PTC,162.72,1420293
2026-02-11,PTC,155.6,1631139
2026-02-12,PTC,150.79,1897457
2026-02-13,PTC,156.77,1518846
2026-02-17,PTC,153.07,2079700
2026-02-18,PTC,155.5,986200
2026-02-19,PTC,154.4,644400
2026-02-20,PTC,155.16,900800
2026-02-23,PTC,150.88,1242800
2026-02-24,PTC,153.57,927100
2026-02-25,PTC,154.11,1047100
2026-02-26,PTC,157.19,997000
2026-02-27,PTC,156.59,1409500
2026-03-02,PTC,158.12,1008400
2026-03-03,PTC,163.1,1597600
2026-03-04,PTC,162.97,1031000
2026-03-05,PTC,164.25,1482900
2026-03-06,PTC,162.71,1034100
2026-03-09,PTC,163.42,1157370
2026-03-10,PTC,159.52,850935
2026-03-11,PTC,159.13,562600
2026-03-12,PTC,157.46,664000
2026-03-13,PTC,155.89,692400
2026-03-16,PTC,155.94,1091000
2026-03-17,PTC,154.12,1204200
2026-03-18,PTC,150.11,942400
2026-03-19,PTC,150.67,999400
2026-03-20,PTC,149.81,2205500
2026-03-23,PTC,149.23,1175700
2026-03-24,PTC,142.96,1271000
2026-03-25,PTC,143.56,1008200
2026-03-26,PTC,144.01,1298200
2026-03-27,PTC,137.61,1471600
2026-03-30,PTC,139.66,969500
2026-03-31,PTC,142.49,995600
2026-04-01,PTC,142.52,770900
2026-04-02,PTC,142.65,631700
2026-04-06,PTC,144.36,655700
2026-04-07,PTC,143.92,635100
2026-04-08,PTC,144.32,1094600
2026-04-09,PTC,139.19,1459100
2026-04-10,PTC,133.44,1328100
2026-04-13,PTC,134.21,1817300
2026-04-14,PTC,133.65,1342400
2026-04-15,PTC,136.58,1727900
2026-04-16,PTC,138.27,1146800
2026-04-17,PTC,139.74,858000
2026-04-20,PTC,140.75,815700
2026-04-21,PTC,140.93,550900
2026-04-22,PTC,140.6,893300
2026-04-23,PTC,135.83,1286400
2026-04-24,PTC,137.17,1358700
2026-04-27,PTC,136.41,1027100
2026-04-28,PTC,137.11,1420800
2026-04-29,PTC,137.5,1068700
2026-04-30,PTC,136.3,1291100
2026-05-01,PTC,136.53,1212200
2026-05-04,PTC,138.19,1213400
2026-05-05,PTC,137.55,1167000
2026-05-06,PTC,136.77,4102300
2026-05-07,PTC,147.65,3624200
2026-05-08,PTC,146.65,1225900
2026-05-11,PTC,145.92,1429400
2026-05-12,PTC,144.22,1036875
2026-02-02,PWR,477.6762,1233100
2026-02-03,PWR,488.504,1243300
2026-02-04,PWR,464.4788,1482600
2026-02-05,PWR,477.6262,1112000
2026-02-06,PWR,508.0102,1517400
2026-02-09,PWR,514.4589,1084800
2026-02-10,PWR,510.5397,806400
2026-02-11,PWR,523.8571,1056100
2026-02-12,PWR,515.7787,1517600
2026-02-13,PWR,523.9771,864800
2026-02-17,PWR,525.0269,930500
2026-02-18,PWR,519.208,1439500
2026-02-19,PWR,553.8912,1701300
2026-02-20,PWR,552.5515,1061300
2026-02-23,PWR,549.0022,1074600
2026-02-24,PWR,568.0984,1291400
2026-02-25,PWR,562.6595,941700
2026-02-26,PWR,564.939,1083300
2026-02-27,PWR,562.9694,1537400
2026-03-02,PWR,572.5475,807800
2026-03-03,PWR,565.8888,1009000
2026-03-04,PWR,568.2684,1056400
2026-03-05,PWR,549.1121,1168600
2026-03-06,PWR,540.0839,1105400
2026-03-09,PWR,567.9284,1611900
2026-03-10,PWR,563.9392,1151400
2026-03-11,PWR,567.5985,939300
2026-03-12,PWR,566.7987,952200
2026-03-13,PWR,558.9102,2016300
2026-03-16,PWR,573.9073,1421000
2026-03-17,PWR,571.5277,796200
2026-03-18,PWR,571.8877,692700
2026-03-19,PWR,577.8365,853500
2026-03-20,PWR,555.2809,1689500
2026-03-23,PWR,567.3386,1217400
2026-03-24,PWR,578.3264,1450600
2026-03-25,PWR,573.3874,979200
2026-03-26,PWR,545.5328,1265500
2026-03-27,PWR,549.872,1203800
2026-03-30,PWR,533.6752,1558700
2026-03-31,PWR,548.9122,1386500
2026-04-01,PWR,560.01,1163400
2026-04-02,PWR,560.63,947100
2026-04-06,PWR,554.38,618400
2026-04-07,PWR,555.57,522700
2026-04-08,PWR,576.24,1013300
2026-04-09,PWR,582.06,935300
2026-04-10,PWR,585.36,611400
2026-04-13,PWR,595.84,1022300
2026-04-14,PWR,594.4,784100
2026-04-15,PWR,591.82,970100
2026-04-16,PWR,587.42,753800
2026-04-17,PWR,601.88,1176500
2026-04-20,PWR,604.97,616500
2026-04-21,PWR,605.89,550300
2026-04-22,PWR,613.78,931000
2026-04-23,PWR,633.44,991600
2026-04-24,PWR,624.84,741500
2026-04-27,PWR,637.28,1012800
2026-04-28,PWR,630.94,1304100
2026-04-29,PWR,628.6,1328600
2026-04-30,PWR,727.77,2426600
2026-05-01,PWR,742.21,1328400
2026-05-04,PWR,757.34,1316200
2026-05-05,PWR,771.61,1284000
2026-05-06,PWR,785.24,1212600
2026-05-07,PWR,750.73,1979900
2026-05-08,PWR,745.0,1241700
2026-05-11,PWR,781.38,1411500
2026-05-12,PWR,765.81,1343130
2026-02-02,PYPL,52.172,27452900
2026-02-03,PYPL,41.5741,141690594
2026-02-04,PYPL,40.9061,58018031
2026-02-05,PYPL,39.7796,42842781
2026-02-06,PYPL,40.298,34921699
2026-02-09,PYPL,41.0258,26034260
2026-02-10,PYPL,41.3648,22787721
2026-02-11,PYPL,40.3379,21538881
2026-02-12,PYPL,38.962,28004850
2026-02-13,PYPL,40.1684,25092439
2026-02-17,PYPL,40.6868,20342520
2026-02-18,PYPL,41.3249,17925480
2026-02-19,PYPL,41.604,24646920
2026-02-20,PYPL,41.5243,23174039
2026-02-23,PYPL,43.917,75619453
2026-02-24,PYPL,46.8781,58557168
2026-02-25,PYPL,47.1772,42794070
2026-02-26,PYPL,45.3926,48091832
2026-02-27,PYPL,46.0705,23641211
2026-03-02,PYPL,45.4923,17355300
2026-03-03,PYPL,46.24,22406400
2026-03-04,PYPL,46.75,14612800
2026-03-05,PYPL,47.64,18317700
2026-03-06,PYPL,46.97,15900100
2026-03-09,PYPL,46.16,18908301
2026-03-10,PYPL,45.02,17575930
2026-03-11,PYPL,45.57,13794100
2026-03-12,PYPL,44.36,15293100
2026-03-13,PYPL,44.9,13962500
2026-03-16,PYPL,45.42,14460200
2026-03-17,PYPL,46.13,21819800
2026-03-18,PYPL,44.59,19662700
2026-03-19,PYPL,44.19,22744600
2026-03-20,PYPL,44.01,31695500
2026-03-23,PYPL,45.49,21262500
2026-03-24,PYPL,44.21,19616500
2026-03-25,PYPL,44.85,14861200
2026-03-26,PYPL,45.2,14613000
2026-03-27,PYPL,43.59,17434200
2026-03-30,PYPL,44.67,17778200
2026-03-31,PYPL,45.23,12695000
2026-04-01,PYPL,44.63,15319900
2026-04-02,PYPL,45.34,12747700
2026-04-06,PYPL,45.48,11006800
2026-04-07,PYPL,44.87,10416300
2026-04-08,PYPL,45.85,15619000
2026-04-09,PYPL,45.98,12716600
2026-04-10,PYPL,45.24,13130500
2026-04-13,PYPL,47.51,15179300
2026-04-14,PYPL,47.97,11045300
2026-04-15,PYPL,49.57,13074000
2026-04-16,PYPL,49.81,13420600
2026-04-17,PYPL,50.81,18758600
2026-04-20,PYPL,51.46,13091800
2026-04-21,PYPL,50.88,13548100
2026-04-22,PYPL,51.22,8569700
2026-04-23,PYPL,49.75,11581400
2026-04-24,PYPL,50.48,8259300
2026-04-27,PYPL,49.77,7992800
2026-04-28,PYPL,49.64,9761400
2026-04-29,PYPL,50.94,18531700
2026-04-30,PYPL,50.14,12519900
2026-05-01,PYPL,50.44,8765800
2026-05-04,PYPL,50.39,13649500
2026-05-05,PYPL,46.49,39099400
2026-05-06,PYPL,46.27,19820100
2026-05-07,PYPL,46.22,14081600
2026-05-08,PYPL,45.37,14073700
2026-05-11,PYPL,45.07,18994500
2026-05-12,PYPL,45.44,25479359
2026-02-02,QBTS,20.97,28695300
2026-02-03,QBTS,21.4,31950300
2026-02-04,QBTS,20.11,32054000
2026-02-05,QBTS,17.21,36687700
2026-02-06,QBTS,20.72,38840200
2026-02-09,QBTS,21.21,23651800
2026-02-10,QBTS,20.44,18640900
2026-02-11,QBTS,19.64,27294900
2026-02-12,QBTS,18.82,23670500
2026-02-13,QBTS,19.67,23824100
2026-02-17,QBTS,18.44,25351500
2026-02-18,QBTS,19.07,21493800
2026-02-19,QBTS,19.38,19676400
2026-02-20,QBTS,18.06,26616400
2026-02-23,QBTS,18.05,18540200
2026-02-24,QBTS,18.66,19842700
2026-02-25,QBTS,19.65,25594900
2026-02-26,QBTS,20.14,43719200
2026-02-27,QBTS,18.78,27470100
2026-03-02,QBTS,18.94,18583400
2026-03-03,QBTS,18.24,20868200
2026-03-04,QBTS,18.91,19013100
2026-03-05,QBTS,18.83,33151100
2026-03-06,QBTS,18.59,27228600
2026-03-09,QBTS,19.04,26090490
2026-03-10,QBTS,18.76,21613939
2026-03-11,QBTS,18.91,18330000
2026-03-12,QBTS,17.83,23983200
2026-03-13,QBTS,17.55,20995900
2026-03-16,QBTS,17.46,25472600
2026-03-17,QBTS,17.47,17508600
2026-03-18,QBTS,16.49,21200900
2026-03-19,QBTS,16.1,21587100
2026-03-20,QBTS,15.73,26408300
2026-03-23,QBTS,16.31,20797500
2026-03-24,QBTS,15.93,18050000
2026-03-25,QBTS,16.19,15989100
2026-03-26,QBTS,14.65,20256300
2026-03-27,QBTS,13.9,18329300
2026-03-30,QBTS,12.98,23230100
2026-03-31,QBTS,14.43,25031400
2026-04-01,QBTS,13.7,21754600
2026-04-02,QBTS,14.32,17185500
2026-04-06,QBTS,14.14,14269900
2026-04-07,QBTS,13.74,16030900
2026-04-08,QBTS,14.57,21807900
2026-04-09,QBTS,13.87,17762400
2026-04-10,QBTS,14.25,13796000
2026-04-13,QBTS,14.65,16392500
2026-04-14,QBTS,16.97,43679500
2026-04-15,QBTS,20.81,98957500
2026-04-16,QBTS,21.52,90113700
2026-04-17,QBTS,21.69,46076200
2026-04-20,QBTS,21.66,39241800
2026-04-21,QBTS,20.36,37186700
2026-04-22,QBTS,21.24,33929200
2026-04-23,QBTS,19.31,29505600
2026-04-24,QBTS,18.49,23877500
2026-04-27,QBTS,18.8,19625300
2026-04-28,QBTS,18.11,15993400
2026-04-29,QBTS,18.27,18971000
2026-04-30,QBTS,20.28,29793500
2026-05-01,QBTS,20.49,20364100
2026-05-04,QBTS,20.92,24790300
2026-05-05,QBTS,21.54,19394800
2026-05-06,QBTS,23.83,39634300
2026-05-07,QBTS,21.99,25873000
2026-05-08,QBTS,22.57,20169000
2026-05-11,QBTS,24.03,36127100
2026-05-12,QBTS,22.35,46780600
2026-02-02,QCLN,49.4228,60087
2026-02-03,QCLN,50.5327,54788
2026-02-04,QCLN,49.5528,77184
2026-02-05,QCLN,47.4231,77845
2026-02-06,QCLN,49.6689,57691
2026-02-09,QCLN,50.5827,76952
2026-02-10,QCLN,50.5103,38113
2026-02-11,QCLN,51.1626,84963
2026-02-12,QCLN,49.1641,53092
2026-02-13,QCLN,50.5322,56123
2026-02-17,QCLN,50.7027,68487
2026-02-18,QCLN,51.1126,132814
2026-02-19,QCLN,50.3927,79318
2026-02-20,QCLN,50.1627,92839
2026-02-23,QCLN,50.3527,124861
2026-02-24,QCLN,51.4828,62876
2026-02-25,QCLN,51.7025,68609
2026-02-26,QCLN,50.3927,37660
2026-02-27,QCLN,48.403,55086
2026-03-02,QCLN,49.1544,83671
2026-03-03,QCLN,47.3451,99118
2026-03-04,QCLN,48.1775,101075
2026-03-05,QCLN,47.0629,60090
2026-03-06,QCLN,45.0283,138560
2026-03-09,QCLN,46.7387,183721
2026-03-10,QCLN,47.43,79969
2026-03-11,QCLN,48.0572,68214
2026-03-12,QCLN,46.7932,56525
2026-03-13,QCLN,46.4771,29235
2026-03-16,QCLN,47.2732,117862
2026-03-17,QCLN,48.0973,54725
2026-03-18,QCLN,47.3602,41871
2026-03-19,QCLN,47.8684,68369
2026-03-20,QCLN,45.7733,73757
2026-03-23,QCLN,46.5599,133937
2026-03-24,QCLN,47.6931,72283
2026-03-25,QCLN,48.333,61500
2026-03-26,QCLN,45.89,40900
2026-03-27,QCLN,45.54,24600
2026-03-30,QCLN,43.63,174500
2026-03-31,QCLN,46.47,122900
2026-04-01,QCLN,46.89,91700
2026-04-02,QCLN,46.51,104100
2026-04-06,QCLN,46.52,86700
2026-04-07,QCLN,46.26,88700
2026-04-08,QCLN,48.64,92100
2026-04-09,QCLN,49.1,39700
2026-04-10,QCLN,49.81,77300
2026-04-13,QCLN,50.55,72400
2026-04-14,QCLN,52.21,102700
2026-04-15,QCLN,52.16,50700
2026-04-16,QCLN,53.23,49500
2026-04-17,QCLN,53.73,87200
2026-04-20,QCLN,54.58,98900
2026-04-21,QCLN,54.89,226900
2026-04-22,QCLN,56.16,159300
2026-04-23,QCLN,57.1,858400
2026-04-24,QCLN,56.97,386900
2026-04-27,QCLN,57.22,110700
2026-04-28,QCLN,55.04,128200
2026-04-29,QCLN,56.72,381400
2026-04-30,QCLN,58.65,144400
2026-05-01,QCLN,59.19,193500
2026-05-04,QCLN,58.58,196700
2026-05-05,QCLN,59.69,185600
2026-05-06,QCLN,60.32,407200
2026-05-07,QCLN,58.59,400500
2026-05-08,QCLN,59.81,164500
2026-05-11,QCLN,62.13,222700
2026-05-12,QCLN,60.66,328540
2026-02-02,QCOM,151.6464,9099100
2026-02-03,QCOM,146.2411,11966400
2026-02-04,QCOM,147.9402,19249300
2026-02-05,QCOM,135.4305,30229600
2026-02-06,QCOM,136.4638,15036800
2026-02-09,QCOM,138.0437,11022700
2026-02-10,QCOM,139.1963,9762900
2026-02-11,QCOM,140.1402,9379300
2026-02-12,QCOM,137.5866,12416600
2026-02-13,QCOM,139.8024,13134400
2026-02-17,QCOM,141.7201,10670700
2026-02-18,QCOM,142.3262,9944500
2026-02-19,QCOM,140.3688,8219400
2026-02-20,QCOM,141.9685,10265100
2026-02-23,QCOM,139.5143,8260100
2026-02-24,QCOM,143.8564,11085700
2026-02-25,QCOM,144.8897,7358300
2026-02-26,QCOM,144.6612,8642100
2026-02-27,QCOM,141.4518,12439900
2026-03-02,QCOM,140.1303,8963900
2026-03-03,QCOM,137.2488,10372400
2026-03-04,QCOM,138.62,9309800
2026-03-05,QCOM,137.0,8981000
2026-03-06,QCOM,135.69,9197000
2026-03-09,QCOM,138.11,12304570
2026-03-10,QCOM,135.2,10447280
2026-03-11,QCOM,134.12,7830500
2026-03-12,QCOM,131.15,9162800
2026-03-13,QCOM,129.82,7786700
2026-03-16,QCOM,129.39,10132900
2026-03-17,QCOM,131.59,10544300
2026-03-18,QCOM,130.47,9894300
2026-03-19,QCOM,131.28,9846700
2026-03-20,QCOM,129.9,78568000
2026-03-23,QCOM,128.35,11431600
2026-03-24,QCOM,128.67,8409200
2026-03-25,QCOM,130.35,6669400
2026-03-26,QCOM,130.54,11912500
2026-03-27,QCOM,127.11,8964900
2026-03-30,QCOM,127.07,11555900
2026-03-31,QCOM,128.78,12219800
2026-04-01,QCOM,127.28,10210700
2026-04-02,QCOM,126.8,8575300
2026-04-06,QCOM,125.73,8038600
2026-04-07,QCOM,124.07,8840400
2026-04-08,QCOM,127.51,12535800
2026-04-09,QCOM,127.75,9352700
2026-04-10,QCOM,128.06,8427400
2026-04-13,QCOM,131.24,8615000
2026-04-14,QCOM,132.84,7608300
2026-04-15,QCOM,133.05,9691500
2026-04-16,QCOM,134.47,8163700
2026-04-17,QCOM,136.2,9667600
2026-04-20,QCOM,137.52,7953800
2026-04-21,QCOM,135.56,11874600
2026-04-22,QCOM,136.07,9432700
2026-04-23,QCOM,133.95,10164900
2026-04-24,QCOM,148.85,29449600
2026-04-27,QCOM,150.26,41744000
2026-04-28,QCOM,150.0,22921300
2026-04-29,QCOM,156.0,37571200
2026-04-30,QCOM,179.58,61132700
2026-05-01,QCOM,177.01,21111500
2026-05-04,QCOM,168.38,23117400
2026-05-05,QCOM,186.55,34274900
2026-05-06,QCOM,192.57,30145000
2026-05-07,QCOM,202.55,51092200
2026-05-08,QCOM,219.09,37850000
2026-05-11,QCOM,237.53,45474000
2026-05-12,QCOM,210.31,38361369
2026-02-02,QS,8.68,14560100
2026-02-03,QS,8.86,14011500
2026-02-04,QS,8.49,15870400
2026-02-05,QS,7.76,18800100
2026-02-06,QS,8.47,18026900
2026-02-09,QS,9.17,27684400
2026-02-10,QS,8.94,16748900
2026-02-11,QS,8.82,19665000
2026-02-12,QS,7.765,25373100
2026-02-13,QS,7.73,12399000
2026-02-17,QS,7.2,16889400
2026-02-18,QS,7.15,18298600
2026-02-19,QS,7.17,15504000
2026-02-20,QS,6.88,15051900
2026-02-23,QS,6.85,12289500
2026-02-24,QS,7.035,14940000
2026-02-25,QS,7.03,14988500
2026-02-26,QS,7.26,16237600
2026-02-27,QS,6.92,11819800
2026-03-02,QS,6.89,10630800
2026-03-03,QS,6.54,12062000
2026-03-04,QS,7.0,15144900
2026-03-05,QS,6.92,13323900
2026-03-06,QS,6.69,11810800
2026-03-09,QS,6.8,11240204
2026-03-10,QS,6.82,9472089
2026-03-11,QS,7.0,8499800
2026-03-12,QS,6.9,8658532
2026-03-13,QS,6.73,8730009
2026-03-16,QS,6.89,8378500
2026-03-17,QS,6.96,10173200
2026-03-18,QS,6.85,7237400
2026-03-19,QS,6.89,8562300
2026-03-20,QS,6.59,9882600
2026-03-23,QS,7.05,14468200
2026-03-24,QS,6.81,8386300
2026-03-25,QS,6.88,6821600
2026-03-26,QS,6.5,8668200
2026-03-27,QS,6.26,8078900
2026-03-30,QS,5.96,11061100
2026-03-31,QS,6.38,9448500
2026-04-01,QS,6.21,7972200
2026-04-02,QS,6.36,9602000
2026-04-06,QS,6.34,6412900
2026-04-07,QS,6.21,7238400
2026-04-08,QS,6.3,8611600
2026-04-09,QS,6.18,7680200
2026-04-10,QS,6.36,6987400
2026-04-13,QS,6.44,9241000
2026-04-14,QS,6.86,17479700
2026-04-15,QS,7.17,16685100
2026-04-16,QS,7.04,18333400
2026-04-17,QS,7.1,14516000
2026-04-20,QS,7.18,12937300
2026-04-21,QS,6.98,14131600
2026-04-22,QS,7.31,25475300
2026-04-23,QS,7.41,113119200
2026-04-24,QS,7.22,64048700
2026-04-27,QS,7.06,39518800
2026-04-28,QS,6.97,21485600
2026-04-29,QS,6.84,19356500
2026-04-30,QS,7.29,25317500
2026-05-01,QS,7.26,15868100
2026-05-04,QS,7.19,10663000
2026-05-05,QS,7.26,10978100
2026-05-06,QS,7.95,22908000
2026-05-07,QS,7.35,22892200
2026-05-08,QS,7.54,17595300
2026-05-11,QS,8.03,30483400
2026-05-12,QS,8.42,29862893
2026-02-02,QTUM,116.5037,288783
2026-02-03,QTUM,114.7074,428885
2026-02-04,QTUM,111.8531,580188
2026-02-05,QTUM,109.9071,687390
2026-02-06,QTUM,115.5656,470548
2026-02-09,QTUM,117.8161,349745
2026-02-10,QTUM,117.841,248956
2026-02-11,QTUM,118.8589,323522
2026-02-12,QTUM,115.5506,439596
2026-02-13,QTUM,116.9728,325846
2026-02-17,QTUM,115.8949,261172
2026-02-18,QTUM,116.7233,330205
2026-02-19,QTUM,116.5836,262788
2026-02-20,QTUM,117.0426,244805
2026-02-23,QTUM,115.0566,344515
2026-02-24,QTUM,116.2343,242240
2026-02-25,QTUM,118.1604,376196
2026-02-26,QTUM,117.6214,302974
2026-02-27,QTUM,116.1844,283773
2026-03-02,QTUM,116.4039,262013
2026-03-03,QTUM,112.1326,478260
2026-03-04,QTUM,113.5597,422403
2026-03-05,QTUM,111.5637,380030
2026-03-06,QTUM,109.3682,442842
2026-03-09,QTUM,111.4939,442018
2026-03-10,QTUM,111.7434,184112
2026-03-11,QTUM,112.2324,209933
2026-03-12,QTUM,109.2384,298293
2026-03-13,QTUM,109.1486,339598
2026-03-16,QTUM,111.1346,300977
2026-03-17,QTUM,111.424,303502
2026-03-18,QTUM,110.6157,225297
2026-03-19,QTUM,111.0248,281635
2026-03-20,QTUM,108.0509,340436
2026-03-23,QTUM,110.426,382291
2026-03-24,QTUM,110.446,232726
2026-03-25,QTUM,111.62,153678
2026-03-26,QTUM,107.78,242837
2026-03-27,QTUM,105.07,419585
2026-03-30,QTUM,102.16,391276
2026-03-31,QTUM,107.3,327642
2026-04-01,QTUM,109.29,243509
2026-04-02,QTUM,109.96,168826
2026-04-06,QTUM,110.6,144409
2026-04-07,QTUM,110.47,175147
2026-04-08,QTUM,115.83,381509
2026-04-09,QTUM,116.14,241296
2026-04-10,QTUM,116.69,205779
2026-04-13,QTUM,119.35,253317
2026-04-14,QTUM,122.06,467021
2026-04-15,QTUM,123.39,489678
2026-04-16,QTUM,125.17,568437
2026-04-17,QTUM,127.89,539378
2026-04-20,QTUM,128.64,370400
2026-04-21,QTUM,128.03,611800
2026-04-22,QTUM,130.25,473200
2026-04-23,QTUM,129.75,480500
2026-04-24,QTUM,132.79,503900
2026-04-27,QTUM,131.89,383500
2026-04-28,QTUM,128.98,441800
2026-04-29,QTUM,129.94,294600
2026-04-30,QTUM,134.03,451700
2026-05-01,QTUM,135.17,474300
2026-05-04,QTUM,135.69,497600
2026-05-05,QTUM,139.17,590100
2026-05-06,QTUM,143.66,650200
2026-05-07,QTUM,141.13,620500
2026-05-08,QTUM,144.91,574600
2026-05-11,QTUM,147.82,735600
2026-05-12,QTUM,143.98,894566
2026-02-02,RACE,332.494,470200
2026-02-03,RACE,326.5526,586800
2026-02-04,RACE,335.4598,689800
2026-02-05,RACE,330.9419,451900
2026-02-06,RACE,329.983,732000
2026-02-09,RACE,332.2963,647000
2026-02-10,RACE,359.0773,2403400
2026-02-11,RACE,378.5922,3085900
2026-02-12,RACE,386.7481,1332600
2026-02-13,RACE,374.7564,1046900
2026-02-17,RACE,370.7131,576000
2026-02-18,RACE,362.2507,553300
2026-02-19,RACE,362.3199,804800
2026-02-20,RACE,362.7648,606900
2026-02-23,RACE,354.3321,498500
2026-02-24,RACE,369.6553,759300
2026-02-25,RACE,369.0819,631900
2026-02-26,RACE,371.8994,532700
2026-02-27,RACE,375.5868,574400
2026-03-02,RACE,358.6127,873000
2026-03-03,RACE,357.0112,742000
2026-03-04,RACE,360.926,374600
2026-03-05,RACE,353.9465,576500
2026-03-06,RACE,346.0872,478300
2026-03-09,RACE,342.6271,763300
2026-03-10,RACE,342.6073,519300
2026-03-11,RACE,336.7252,386300
2026-03-12,RACE,330.7343,546900
2026-03-13,RACE,328.075,879600
2026-03-16,RACE,330.5465,662200
2026-03-17,RACE,332.6423,554700
2026-03-18,RACE,326.7008,567300
2026-03-19,RACE,317.3487,1140000
2026-03-20,RACE,311.0415,941300
2026-03-23,RACE,325.4058,852700
2026-03-24,RACE,318.3472,515000
2026-03-25,RACE,318.4955,530000
2026-03-26,RACE,319.8894,630200
2026-03-27,RACE,313.7799,510800
2026-03-30,RACE,323.4681,763900
2026-03-31,RACE,334.5898,1429700
2026-04-01,RACE,338.5244,1024000
2026-04-02,RACE,336.1222,586300
2026-04-06,RACE,334.4218,322200
2026-04-07,RACE,330.7541,627200
2026-04-08,RACE,347.2933,862400
2026-04-09,RACE,348.2028,565100
2026-04-10,RACE,347.8765,574700
2026-04-13,RACE,351.0895,445500
2026-04-14,RACE,354.0454,459800
2026-04-15,RACE,352.9876,405200
2026-04-16,RACE,352.4537,501900
2026-04-17,RACE,368.5975,866600
2026-04-20,RACE,372.84,564900
2026-04-21,RACE,358.5,495900
2026-04-22,RACE,358.58,499900
2026-04-23,RACE,354.19,438800
2026-04-24,RACE,351.95,333400
2026-04-27,RACE,347.81,431600
2026-04-28,RACE,342.71,451900
2026-04-29,RACE,337.54,304500
2026-04-30,RACE,347.3,556800
2026-05-01,RACE,341.26,601600
2026-05-04,RACE,338.91,840668
2026-05-05,RACE,325.44,1159419
2026-05-06,RACE,336.25,673200
2026-05-07,RACE,337.46,696700
2026-05-08,RACE,339.69,699200
2026-05-11,RACE,329.26,556800
2026-05-12,RACE,329.26,423813
2026-02-02,RBLX,67.48,12804138
2026-02-03,RBLX,65.4,16417069
2026-02-04,RBLX,63.07,15301788
2026-02-05,RBLX,60.57,21106858
2026-02-06,RBLX,66.42,34085856
2026-02-09,RBLX,73.45,19558338
2026-02-10,RBLX,71.94,13043190
2026-02-11,RBLX,68.99,11717009
2026-02-12,RBLX,63.15,14760977
2026-02-13,RBLX,63.17,8424703
2026-02-17,RBLX,63.0,8686070
2026-02-18,RBLX,63.06,9432898
2026-02-19,RBLX,64.44,12135092
2026-02-20,RBLX,62.0,17740176
2026-02-23,RBLX,62.43,11557373
2026-02-24,RBLX,67.09,11469469
2026-02-25,RBLX,68.07,7823557
2026-02-26,RBLX,71.4,8930695
2026-02-27,RBLX,68.66,12019765
2026-03-02,RBLX,67.44,7205794
2026-03-03,RBLX,66.97,9128206
2026-03-04,RBLX,67.4,6757139
2026-03-05,RBLX,66.08,7985760
2026-03-06,RBLX,63.53,8147553
2026-03-09,RBLX,62.65,11183416
2026-03-10,RBLX,58.83,13852337
2026-03-11,RBLX,60.39,6713003
2026-03-12,RBLX,56.3,9721707
2026-03-13,RBLX,56.42,7396022
2026-03-16,RBLX,59.17,8331206
2026-03-17,RBLX,57.79,7339118
2026-03-18,RBLX,58.27,11067995
2026-03-19,RBLX,57.52,8549588
2026-03-20,RBLX,56.96,8864837
2026-03-23,RBLX,56.84,6536912
2026-03-24,RBLX,55.0,7471750
2026-03-25,RBLX,56.65,5838365
2026-03-26,RBLX,53.85,7757832
2026-03-27,RBLX,52.31,7536183
2026-03-30,RBLX,51.91,7700104
2026-03-31,RBLX,56.56,13156940
2026-04-01,RBLX,57.63,10894981
2026-04-02,RBLX,60.11,10830251
2026-04-06,RBLX,57.2,13447529
2026-04-07,RBLX,57.5,3789006
2026-04-08,RBLX,55.43,6754931
2026-04-09,RBLX,55.17,10161000
2026-04-10,RBLX,55.59,7105191
2026-04-13,RBLX,57.66,10975806
2026-04-14,RBLX,58.3,7586747
2026-04-15,RBLX,59.79,7322012
2026-04-16,RBLX,60.44,6827263
2026-04-17,RBLX,60.34,7999881
2026-04-20,RBLX,61.83,5693289
2026-04-21,RBLX,61.26,7915842
2026-04-22,RBLX,59.64,7668568
2026-04-23,RBLX,55.45,10759941
2026-04-24,RBLX,56.09,11981442
2026-04-27,RBLX,57.52,7355034
2026-04-28,RBLX,56.11,6501456
2026-04-29,RBLX,56.28,7028545
2026-04-30,RBLX,55.26,23970796
2026-05-01,RBLX,45.13,53403932
2026-05-04,RBLX,47.57,17674462
2026-05-05,RBLX,44.04,18962208
2026-05-06,RBLX,43.76,13990658
2026-05-07,RBLX,44.78,10619796
2026-05-08,RBLX,41.91,17103399
2026-05-11,RBLX,41.31,14348983
2026-05-12,RBLX,41.54,11896364
2026-02-02,RBRK,54.45,4081426
2026-02-03,RBRK,52.15,6534457
2026-02-04,RBRK,51.87,6898040
2026-02-05,RBRK,48.34,7879047
2026-02-06,RBRK,51.07,5495482
2026-02-09,RBRK,54.06,4704312
2026-02-10,RBRK,55.83,4463633
2026-02-11,RBRK,55.12,3193047
2026-02-12,RBRK,53.19,3107625
2026-02-13,RBRK,54.55,2219462
2026-02-17,RBRK,53.5,2898581
2026-02-18,RBRK,54.39,2500795
2026-02-19,RBRK,54.16,2112469
2026-02-20,RBRK,50.2,4105814
2026-02-23,RBRK,47.26,3916771
2026-02-24,RBRK,51.04,3925926
2026-02-25,RBRK,52.16,2274057
2026-02-26,RBRK,54.33,2465387
2026-02-27,RBRK,51.96,2583118
2026-03-02,RBRK,53.69,3228778
2026-03-03,RBRK,53.87,2702510
2026-03-04,RBRK,54.87,2579280
2026-03-05,RBRK,55.88,3754610
2026-03-06,RBRK,57.17,3451583
2026-03-09,RBRK,57.17,3540901
2026-03-10,RBRK,55.95,2848532
2026-03-11,RBRK,57.52,2696617
2026-03-12,RBRK,54.02,9783956
2026-03-13,RBRK,53.43,9708917
2026-03-16,RBRK,51.67,6336073
2026-03-17,RBRK,52.06,4489822
2026-03-18,RBRK,52.09,5195667
2026-03-19,RBRK,50.92,3835381
2026-03-20,RBRK,49.28,9462376
2026-03-23,RBRK,51.18,4618501
2026-03-24,RBRK,48.07,4085107
2026-03-25,RBRK,47.18,3675682
2026-03-26,RBRK,47.59,2924935
2026-03-27,RBRK,45.73,3909002
2026-03-30,RBRK,45.58,4050800
2026-03-31,RBRK,48.97,4020400
2026-04-01,RBRK,48.59,2060200
2026-04-02,RBRK,51.44,3316600
2026-04-06,RBRK,50.9,2043400
2026-04-07,RBRK,52.78,2681300
2026-04-08,RBRK,51.63,4380900
2026-04-09,RBRK,46.18,6328000
2026-04-10,RBRK,43.81,6871100
2026-04-13,RBRK,48.61,4642500
2026-04-14,RBRK,48.03,2665200
2026-04-15,RBRK,51.36,3009400
2026-04-16,RBRK,51.94,3220800
2026-04-17,RBRK,52.34,3925900
2026-04-20,RBRK,53.6,2117600
2026-04-21,RBRK,54.02,3748100
2026-04-22,RBRK,55.24,2562600
2026-04-23,RBRK,51.03,3316600
2026-04-24,RBRK,52.28,2557700
2026-04-27,RBRK,53.26,2650600
2026-04-28,RBRK,54.58,2723000
2026-04-29,RBRK,53.68,2822600
2026-04-30,RBRK,53.18,2416000
2026-05-01,RBRK,55.07,2620700
2026-05-04,RBRK,57.93,3282300
2026-05-05,RBRK,57.13,2148400
2026-05-06,RBRK,57.78,3184000
2026-05-07,RBRK,61.49,4841900
2026-05-08,RBRK,62.34,3629300
2026-05-11,RBRK,62.17,2732100
2026-05-12,RBRK,60.47,1906438
2026-02-02,RCAT,13.63,9085500
2026-02-03,RCAT,14.25,12444600
2026-02-04,RCAT,12.63,12555500
2026-02-05,RCAT,11.31,11085800
2026-02-06,RCAT,12.63,10041800
2026-02-09,RCAT,13.71,10382500
2026-02-10,RCAT,12.62,6691100
2026-02-11,RCAT,12.005,8966500
2026-02-12,RCAT,11.25,6106700
2026-02-13,RCAT,11.37,6005700
2026-02-17,RCAT,11.4,5864100
2026-02-18,RCAT,12.08,8216800
2026-02-19,RCAT,12.83,12804000
2026-02-20,RCAT,12.47,14692400
2026-02-23,RCAT,12.785,7850100
2026-02-24,RCAT,12.88,7909200
2026-02-25,RCAT,12.42,8588500
2026-02-26,RCAT,12.99,9057900
2026-02-27,RCAT,11.65,9542400
2026-03-02,RCAT,13.67,38391700
2026-03-03,RCAT,14.7,37049200
2026-03-04,RCAT,14.73,21030600
2026-03-05,RCAT,15.08,20516800
2026-03-06,RCAT,15.36,57241800
2026-03-09,RCAT,14.095,32807000
2026-03-10,RCAT,14.67,22741700
2026-03-11,RCAT,16.16,22270700
2026-03-12,RCAT,16.16,22623800
2026-03-13,RCAT,15.86,17682300
2026-03-16,RCAT,15.54,11392900
2026-03-17,RCAT,16.97,14653400
2026-03-18,RCAT,17.0,31965700
2026-03-19,RCAT,15.135,26988400
2026-03-20,RCAT,13.25,18092200
2026-03-23,RCAT,15.15,19365400
2026-03-24,RCAT,16.08,22502200
2026-03-25,RCAT,15.87,18917300
2026-03-26,RCAT,14.0,13313800
2026-03-27,RCAT,12.68,11518400
2026-03-30,RCAT,11.59,15412600
2026-03-31,RCAT,13.09,14357700
2026-04-01,RCAT,12.15,13650300
2026-04-02,RCAT,12.94,15096300
2026-04-06,RCAT,13.06,12185000
2026-04-07,RCAT,12.08,13130700
2026-04-08,RCAT,13.04,13958100
2026-04-09,RCAT,11.93,11277000
2026-04-10,RCAT,12.37,7945100
2026-04-13,RCAT,12.9,8355500
2026-04-14,RCAT,12.64,8388300
2026-04-15,RCAT,13.03,7857300
2026-04-16,RCAT,13.71,10017200
2026-04-17,RCAT,12.72,13614600
2026-04-20,RCAT,12.595,8920000
2026-04-21,RCAT,12.57,17686400
2026-04-22,RCAT,13.55,16007400
2026-04-23,RCAT,12.54,12212500
2026-04-24,RCAT,11.8,12525100
2026-04-27,RCAT,11.69,7808400
2026-04-28,RCAT,11.34,6593500
2026-04-29,RCAT,11.07,6261300
2026-04-30,RCAT,11.72,6088500
2026-05-01,RCAT,11.23,7537700
2026-05-04,RCAT,11.0,6404600
2026-05-05,RCAT,10.43,11752300
2026-05-06,RCAT,10.62,8579600
2026-05-07,RCAT,10.36,8759300
2026-05-08,RCAT,10.37,8728400
2026-05-11,RCAT,11.25,10200000
2026-05-12,RCAT,11.03,6446272
2026-02-02,RDW,10.88,28840700
2026-02-03,RDW,11.26,29904800
2026-02-04,RDW,10.03,29368600
2026-02-05,RDW,8.8,28095200
2026-02-06,RDW,10.04,26432200
2026-02-09,RDW,10.09,22784800
2026-02-10,RDW,9.38,17245700
2026-02-11,RDW,9.01,20920900
2026-02-12,RDW,7.89,23187000
2026-02-13,RDW,8.02,16668400
2026-02-17,RDW,8.0,14217400
2026-02-18,RDW,8.4,15398500
2026-02-19,RDW,8.6,12455000
2026-02-20,RDW,7.99,13508700
2026-02-23,RDW,8.12,10316210
2026-02-24,RDW,8.42,9855398
2026-02-25,RDW,8.62,15219100
2026-02-26,RDW,9.55,30025600
2026-02-27,RDW,9.07,16101200
2026-03-02,RDW,9.52,24244000
2026-03-03,RDW,8.95,16467300
2026-03-04,RDW,9.28,13699100
2026-03-05,RDW,9.07,13822200
2026-03-06,RDW,8.55,17902400
2026-03-09,RDW,9.65,20812789
2026-03-10,RDW,9.23,12206680
2026-03-11,RDW,9.46,14496700
2026-03-12,RDW,9.48,15612400
2026-03-13,RDW,9.59,14567100
2026-03-16,RDW,9.54,14194100
2026-03-17,RDW,10.13,18435800
2026-03-18,RDW,9.55,12233000
2026-03-19,RDW,9.63,13069200
2026-03-20,RDW,9.2,21993800
2026-03-23,RDW,9.38,18930900
2026-03-24,RDW,9.05,20970400
2026-03-25,RDW,9.16,36576500
2026-03-26,RDW,8.87,17919600
2026-03-27,RDW,8.16,17435900
2026-03-30,RDW,7.71,17349000
2026-03-31,RDW,8.5,15963700
2026-04-01,RDW,9.08,18512500
2026-04-02,RDW,9.73,28421000
2026-04-06,RDW,9.91,17241800
2026-04-07,RDW,9.65,17314300
2026-04-08,RDW,9.61,22496900
2026-04-09,RDW,9.22,12846600
2026-04-10,RDW,9.29,14313400
2026-04-13,RDW,9.99,15945000
2026-04-14,RDW,9.81,22540700
2026-04-15,RDW,9.91,16841100
2026-04-16,RDW,11.22,34253400
2026-04-17,RDW,10.34,24983700
2026-04-20,RDW,10.21,22030461
2026-04-21,RDW,10.31,30129980
2026-04-22,RDW,11.93,48398300
2026-04-23,RDW,10.04,54697500
2026-04-24,RDW,9.68,26340500
2026-04-27,RDW,9.33,24251900
2026-04-28,RDW,9.04,16862800
2026-04-29,RDW,8.6,14758000
2026-04-30,RDW,9.19,14381600
2026-05-01,RDW,9.34,14867500
2026-05-04,RDW,8.64,22718100
2026-05-05,RDW,8.69,22599100
2026-05-06,RDW,9.64,31128100
2026-05-07,RDW,9.2,32007000
2026-05-08,RDW,11.07,56024000
2026-05-11,RDW,12.16,47387400
2026-05-12,RDW,11.56,27441307
2026-02-02,REAL,14.71,4063366
2026-02-03,REAL,14.49,2263792
2026-02-04,REAL,13.64,3635042
2026-02-05,REAL,12.57,4433352
2026-02-06,REAL,13.09,2453485
2026-02-09,REAL,12.9,1887432
2026-02-10,REAL,12.44,1838855
2026-02-11,REAL,11.83,2947890
2026-02-12,REAL,10.75,4579040
2026-02-13,REAL,11.45,3641690
2026-02-17,REAL,10.9,3325700
2026-02-18,REAL,11.42,3397200
2026-02-19,REAL,11.16,1823900
2026-02-20,REAL,11.11,2742100
2026-02-23,REAL,10.97,3849700
2026-02-24,REAL,11.61,4281000
2026-02-25,REAL,12.02,4201800
2026-02-26,REAL,12.39,7596000
2026-02-27,REAL,12.26,11996600
2026-03-02,REAL,11.87,5484900
2026-03-03,REAL,11.63,4327900
2026-03-04,REAL,12.13,3242000
2026-03-05,REAL,11.37,3275000
2026-03-06,REAL,11.31,1981700
2026-03-09,REAL,10.87,3161763
2026-03-10,REAL,10.65,3295017
2026-03-11,REAL,10.04,5462400
2026-03-12,REAL,9.97,3573600
2026-03-13,REAL,9.56,2985500
2026-03-16,REAL,9.79,2619200
2026-03-17,REAL,9.94,2433000
2026-03-18,REAL,9.44,2379500
2026-03-19,REAL,9.22,3115700
2026-03-20,REAL,8.64,4937000
2026-03-23,REAL,9.33,4300000
2026-03-24,REAL,8.85,2836600
2026-03-25,REAL,9.15,2925000
2026-03-26,REAL,9.0,1972500
2026-03-27,REAL,8.57,2931300
2026-03-30,REAL,8.12,5948400
2026-03-31,REAL,9.08,4372900
2026-04-01,REAL,9.28,3393500
2026-04-02,REAL,9.12,2189100
2026-04-06,REAL,9.4,2353700
2026-04-07,REAL,9.22,3057900
2026-04-08,REAL,10.16,3438000
2026-04-09,REAL,9.69,2084600
2026-04-10,REAL,9.69,1963400
2026-04-13,REAL,10.36,2370400
2026-04-14,REAL,10.57,1895700
2026-04-15,REAL,10.5,1548500
2026-04-16,REAL,11.33,3898900
2026-04-17,REAL,12.08,4125200
2026-04-20,REAL,11.83,2701900
2026-04-21,REAL,11.61,2923700
2026-04-22,REAL,12.24,2514600
2026-04-23,REAL,12.54,2877100
2026-04-24,REAL,12.28,2422900
2026-04-27,REAL,11.66,4118100
2026-04-28,REAL,11.78,1875500
2026-04-29,REAL,11.77,2762100
2026-04-30,REAL,11.89,2052200
2026-05-01,REAL,11.77,1796600
2026-05-04,REAL,12.85,6865700
2026-05-05,REAL,12.72,3757500
2026-05-06,REAL,13.0,2859900
2026-05-07,REAL,12.4,8932400
2026-05-08,REAL,10.26,14368600
2026-05-11,REAL,9.97,5106300
2026-05-12,REAL,9.35,5690600
2026-02-02,REMX,84.81,2272400
2026-02-03,REMX,90.2,2258000
2026-02-04,REMX,87.06,1561000
2026-02-05,REMX,81.66,1604700
2026-02-06,REMX,86.63,1177400
2026-02-09,REMX,88.74,1007900
2026-02-10,REMX,88.74,892600
2026-02-11,REMX,91.92,1889800
2026-02-12,REMX,87.2,2177700
2026-02-13,REMX,89.7,1200600
2026-02-17,REMX,88.99,1094200
2026-02-18,REMX,91.45,852500
2026-02-19,REMX,90.09,661700
2026-02-20,REMX,89.0,1012200
2026-02-23,REMX,91.32,912700
2026-02-24,REMX,94.69,1599000
2026-02-25,REMX,98.2,2009900
2026-02-26,REMX,97.56,1258200
2026-02-27,REMX,99.86,1268600
2026-03-02,REMX,103.2,1489500
2026-03-03,REMX,94.93,2941200
2026-03-04,REMX,97.86,2091700
2026-03-05,REMX,93.4,1338100
2026-03-06,REMX,92.53,947400
2026-03-09,REMX,94.7,1417027
2026-03-10,REMX,96.49,1497415
2026-03-11,REMX,96.92,660300
2026-03-12,REMX,93.81,624300
2026-03-13,REMX,89.51,847700
2026-03-16,REMX,90.1,1708000
2026-03-17,REMX,90.12,731800
2026-03-18,REMX,86.67,757400
2026-03-19,REMX,82.95,1422600
2026-03-20,REMX,79.1,1289100
2026-03-23,REMX,83.63,935500
2026-03-24,REMX,84.62,635600
2026-03-25,REMX,89.15,846500
2026-03-26,REMX,84.6,564000
2026-03-27,REMX,86.1,2406600
2026-03-30,REMX,85.48,804100
2026-03-31,REMX,88.0,1047600
2026-04-01,REMX,88.53,821700
2026-04-02,REMX,88.9,699100
2026-04-06,REMX,88.44,338000
2026-04-07,REMX,89.09,334400
2026-04-08,REMX,93.6,1524600
2026-04-09,REMX,93.2,737200
2026-04-10,REMX,94.5,547500
2026-04-13,REMX,99.01,1100500
2026-04-14,REMX,98.8,778200
2026-04-15,REMX,97.44,658000
2026-04-16,REMX,103.05,1070700
2026-04-17,REMX,101.63,1781500
2026-04-20,REMX,103.12,920900
2026-04-21,REMX,100.6,813200
2026-04-22,REMX,103.8,938300
2026-04-23,REMX,98.24,866400
2026-04-24,REMX,98.56,658000
2026-04-27,REMX,100.95,756500
2026-04-28,REMX,97.91,689800
2026-04-29,REMX,101.04,1547800
2026-04-30,REMX,105.43,1612400
2026-05-01,REMX,106.52,1197900
2026-05-04,REMX,102.12,2032100
2026-05-05,REMX,103.83,692300
2026-05-06,REMX,109.04,1833600
2026-05-07,REMX,106.56,2478600
2026-05-08,REMX,106.38,1201700
2026-05-11,REMX,109.53,1615000
2026-05-12,REMX,108.03,1880969
2026-02-02,RIOT,15.32,15999700
2026-02-03,RIOT,15.34,18849700
2026-02-04,RIOT,14.14,26099900
2026-02-05,RIOT,12.06,32921100
2026-02-06,RIOT,14.45,25278000
2026-02-09,RIOT,14.97,18191300
2026-02-10,RIOT,14.83,14746500
2026-02-11,RIOT,14.8,17062500
2026-02-12,RIOT,14.2,21918600
2026-02-13,RIOT,15.22,19809700
2026-02-17,RIOT,14.65,17213300
2026-02-18,RIOT,15.49,26762800
2026-02-19,RIOT,16.22,17510400
2026-02-20,RIOT,15.68,20495600
2026-02-23,RIOT,15.65,14920900
2026-02-24,RIOT,16.5,17052100
2026-02-25,RIOT,17.08,17540100
2026-02-26,RIOT,17.09,12662600
2026-02-27,RIOT,16.29,15497700
2026-03-02,RIOT,16.43,19694000
2026-03-03,RIOT,15.29,24626100
2026-03-04,RIOT,16.53,21174700
2026-03-05,RIOT,15.6,21039000
2026-03-06,RIOT,14.165,20747700
2026-03-09,RIOT,14.7,17254400
2026-03-10,RIOT,14.64,15746600
2026-03-11,RIOT,14.81,15230500
2026-03-12,RIOT,14.5,16202900
2026-03-13,RIOT,14.04,19874700
2026-03-16,RIOT,14.4,18671400
2026-03-17,RIOT,14.68,14784800
2026-03-18,RIOT,14.1,18597900
2026-03-19,RIOT,14.14,12493400
2026-03-20,RIOT,13.38,15573500
2026-03-23,RIOT,14.37,16517600
2026-03-24,RIOT,14.33,13309100
2026-03-25,RIOT,15.16,16018100
2026-03-26,RIOT,14.005,14665400
2026-03-27,RIOT,12.8,17530700
2026-03-30,RIOT,11.83,16882500
2026-03-31,RIOT,12.36,18025000
2026-04-01,RIOT,12.55,13290900
2026-04-02,RIOT,12.86,14491000
2026-04-06,RIOT,13.52,12020400
2026-04-07,RIOT,14.19,14780900
2026-04-08,RIOT,16.11,28412100
2026-04-09,RIOT,16.69,18245200
2026-04-10,RIOT,16.6,13953800
2026-04-13,RIOT,17.37,14040300
2026-04-14,RIOT,18.12,17906900
2026-04-15,RIOT,17.42,31416300
2026-04-16,RIOT,16.92,23724500
2026-04-17,RIOT,18.11,20578400
2026-04-20,RIOT,18.11,22124900
2026-04-21,RIOT,17.41,16427400
2026-04-22,RIOT,18.48,16518600
2026-04-23,RIOT,18.21,14607000
2026-04-24,RIOT,18.61,20818400
2026-04-27,RIOT,18.28,14958500
2026-04-28,RIOT,16.57,21014400
2026-04-29,RIOT,15.98,18305800
2026-04-30,RIOT,17.24,22665900
2026-05-01,RIOT,18.5,32904600
2026-05-04,RIOT,18.68,18822200
2026-05-05,RIOT,20.35,20934500
2026-05-06,RIOT,23.7,37286500
2026-05-07,RIOT,24.11,26355500
2026-05-08,RIOT,24.08,17796300
2026-05-11,RIOT,25.34,18705100
2026-05-12,RIOT,24.51,18181332
2026-02-02,RIVN,14.44,19269300
2026-02-03,RIVN,14.41,25673300
2026-02-04,RIVN,14.37,23370800
2026-02-05,RIVN,13.73,29469100
2026-02-06,RIVN,14.8,31308200
2026-02-09,RIVN,14.69,31858800
2026-02-10,RIVN,14.96,37616400
2026-02-11,RIVN,14.76,27135500
2026-02-12,RIVN,14.0,38024300
2026-02-13,RIVN,17.73,127927300
2026-02-17,RIVN,16.47,55972100
2026-02-18,RIVN,16.15,30101700
2026-02-19,RIVN,15.59,28703600
2026-02-20,RIVN,15.27,20860500
2026-02-23,RIVN,14.96,17459800
2026-02-24,RIVN,15.12,21025300
2026-02-25,RIVN,15.25,19283200
2026-02-26,RIVN,15.61,23469700
2026-02-27,RIVN,15.33,34214300
2026-03-02,RIVN,15.01,20187700
2026-03-03,RIVN,15.1,25283000
2026-03-04,RIVN,14.92,23847600
2026-03-05,RIVN,15.19,27696900
2026-03-06,RIVN,15.37,24930200
2026-03-09,RIVN,15.87,25666240
2026-03-10,RIVN,16.54,51139301
2026-03-11,RIVN,16.65,21360700
2026-03-12,RIVN,15.3,37373900
2026-03-13,RIVN,14.86,30983100
2026-03-16,RIVN,15.33,25041500
2026-03-17,RIVN,15.82,22536900
2026-03-18,RIVN,15.53,19144700
2026-03-19,RIVN,16.12,78928100
2026-03-20,RIVN,14.91,51016900
2026-03-23,RIVN,15.77,37348000
2026-03-24,RIVN,16.1,19443600
2026-03-25,RIVN,15.62,20330900
2026-03-26,RIVN,15.21,16862800
2026-03-27,RIVN,14.77,22351500
2026-03-30,RIVN,14.49,19715400
2026-03-31,RIVN,15.05,24085900
2026-04-01,RIVN,14.94,22177900
2026-04-02,RIVN,15.4,20720100
2026-04-06,RIVN,15.29,22766800
2026-04-07,RIVN,14.69,27778900
2026-04-08,RIVN,15.14,31904800
2026-04-09,RIVN,15.24,16625000
2026-04-10,RIVN,15.43,19334300
2026-04-13,RIVN,15.9,22415800
2026-04-14,RIVN,15.99,29182500
2026-04-15,RIVN,16.41,23475200
2026-04-16,RIVN,16.89,29131700
2026-04-17,RIVN,17.23,32234700
2026-04-20,RIVN,16.92,19620300
2026-04-21,RIVN,17.15,21364000
2026-04-22,RIVN,17.74,26160200
2026-04-23,RIVN,16.95,24269300
2026-04-24,RIVN,16.52,23800400
2026-04-27,RIVN,16.72,21176039
2026-04-28,RIVN,16.14,16286290
2026-04-29,RIVN,16.06,16223600
2026-04-30,RIVN,16.4,31193600
2026-05-01,RIVN,15.02,53434700
2026-05-04,RIVN,14.51,48844400
2026-05-05,RIVN,14.6,28211000
2026-05-06,RIVN,14.48,24738800
2026-05-07,RIVN,14.18,26127600
2026-05-08,RIVN,14.22,31623100
2026-05-11,RIVN,14.08,26215700
2026-05-12,RIVN,13.95,22216100
2026-02-02,RKLB,74.15,18337000
2026-02-03,RKLB,81.27,19000600
2026-02-04,RKLB,73.11,26237400
2026-02-05,RKLB,66.32,22675400
2026-02-06,RKLB,72.32,20049600
2026-02-09,RKLB,75.84,16394400
2026-02-10,RKLB,72.03,13195600
2026-02-11,RKLB,69.62,17563100
2026-02-12,RKLB,66.01,18313700
2026-02-13,RKLB,67.44,14737900
2026-02-17,RKLB,69.89,12059200
2026-02-18,RKLB,74.42,19118400
2026-02-19,RKLB,76.58,14693400
2026-02-20,RKLB,70.86,18253500
2026-02-23,RKLB,70.21,13795700
2026-02-24,RKLB,69.97,12858300
2026-02-25,RKLB,70.2,11793700
2026-02-26,RKLB,72.65,18411600
2026-02-27,RKLB,69.1,25729800
2026-03-02,RKLB,70.97,18845500
2026-03-03,RKLB,70.13,17405200
2026-03-04,RKLB,71.91,17073000
2026-03-05,RKLB,70.0,14528800
2026-03-06,RKLB,70.11,22272800
2026-03-09,RKLB,71.48,18434199
2026-03-10,RKLB,68.93,18248850
2026-03-11,RKLB,71.96,18140600
2026-03-12,RKLB,68.37,17683000
2026-03-13,RKLB,68.41,16039800
2026-03-16,RKLB,71.31,16946700
2026-03-17,RKLB,78.59,29734900
2026-03-18,RKLB,69.48,33919300
2026-03-19,RKLB,71.93,28549900
2026-03-20,RKLB,67.23,35247200
2026-03-23,RKLB,68.0,23852300
2026-03-24,RKLB,66.07,21358000
2026-03-25,RKLB,72.88,34508800
2026-03-26,RKLB,65.94,22988800
2026-03-27,RKLB,60.93,20311800
2026-03-30,RKLB,57.38,21933500
2026-03-31,RKLB,64.22,26607400
2026-04-01,RKLB,65.52,27157200
2026-04-02,RKLB,67.73,32670600
2026-04-06,RKLB,67.67,22351800
2026-04-07,RKLB,66.32,25396300
2026-04-08,RKLB,69.08,26863800
2026-04-09,RKLB,66.74,17250900
2026-04-10,RKLB,68.05,18621000
2026-04-13,RKLB,70.62,17994700
2026-04-14,RKLB,72.22,22643000
2026-04-15,RKLB,73.6,23568700
2026-04-16,RKLB,82.93,41014200
2026-04-17,RKLB,84.8,26066300
2026-04-20,RKLB,89.46,28827400
2026-04-21,RKLB,86.64,27450400
2026-04-22,RKLB,90.04,21474400
2026-04-23,RKLB,84.6,22664100
2026-04-24,RKLB,79.68,22130400
2026-04-27,RKLB,82.29,19386300
2026-04-28,RKLB,78.59,14379700
2026-04-29,RKLB,77.02,17751400
2026-04-30,RKLB,82.51,17604200
2026-05-01,RKLB,78.81,16378800
2026-05-04,RKLB,80.31,16241300
2026-05-05,RKLB,78.76,17126000
2026-05-06,RKLB,84.65,19779200
2026-05-07,RKLB,78.58,22942900
2026-05-08,RKLB,105.47,79927300
2026-05-11,RKLB,117.35,54779700
2026-05-12,RKLB,117.56,33969106
2026-02-02,RL,355.5643,481400
2026-02-03,RL,353.0712,796900
2026-02-04,RL,353.7294,1193600
2026-02-05,RL,337.7333,2250000
2026-02-06,RL,341.9517,925500
2026-02-09,RL,347.1973,717600
2026-02-10,RL,355.2053,952700
2026-02-11,RL,358.5262,793600
2026-02-12,RL,362.0665,891800
2026-02-13,RL,368.1697,539600
2026-02-17,RL,369.4861,681000
2026-02-18,RL,377.0454,510800
2026-02-19,RL,375.8088,376700
2026-02-20,RL,383.9764,509600
2026-02-23,RL,364.0411,977400
2026-02-24,RL,373.1062,493600
2026-02-25,RL,376.0382,491800
2026-02-26,RL,377.8133,415300
2026-02-27,RL,361.6078,807400
2026-03-02,RL,353.1609,642300
2026-03-03,RL,359.8925,1159800
2026-03-04,RL,358.8254,447000
2026-03-05,RL,352.4529,603300
2026-03-06,RL,337.4341,691000
2026-03-09,RL,343.1783,788900
2026-03-10,RL,345.2227,343100
2026-03-11,RL,338.0225,542800
2026-03-12,RL,334.173,454500
2026-03-13,RL,329.825,557800
2026-03-16,RL,338.3117,432000
2026-03-17,RL,348.2544,769300
2026-03-18,RL,340.6852,582300
2026-03-19,RL,339.279,696500
2026-03-20,RL,328.9673,913100
2026-03-23,RL,338.182,658300
2026-03-24,RL,342.56,748500
2026-03-25,RL,344.9834,444400
2026-03-26,RL,332.727,530800
2026-03-27,RL,327.82,655900
2026-03-30,RL,326.6,823600
2026-03-31,RL,343.99,874500
2026-04-01,RL,353.01,677900
2026-04-02,RL,348.02,672500
2026-04-06,RL,358.59,557700
2026-04-07,RL,349.53,483800
2026-04-08,RL,375.4,687100
2026-04-09,RL,385.14,489800
2026-04-10,RL,379.87,429200
2026-04-13,RL,376.98,752000
2026-04-14,RL,373.0,552200
2026-04-15,RL,369.36,473200
2026-04-16,RL,369.7,507100
2026-04-17,RL,386.88,690200
2026-04-20,RL,389.52,500200
2026-04-21,RL,386.77,672500
2026-04-22,RL,375.29,427300
2026-04-23,RL,371.14,504900
2026-04-24,RL,371.24,359600
2026-04-27,RL,370.38,394400
2026-04-28,RL,366.87,370300
2026-04-29,RL,359.45,381600
2026-04-30,RL,358.64,584900
2026-05-01,RL,362.21,398800
2026-05-04,RL,354.29,435412
2026-05-05,RL,360.02,357995
2026-05-06,RL,372.15,430600
2026-05-07,RL,353.55,842100
2026-05-08,RL,358.45,578500
2026-05-11,RL,343.1,616500
2026-05-12,RL,337.14,911155
2026-02-02,RNRG,35.8308,1148
2026-02-03,RNRG,36.174,1188
2026-02-04,RNRG,36.06,1904
2026-02-05,RNRG,35.5071,1899
2026-02-06,RNRG,36.3268,860
2026-02-09,RNRG,36.715,3784
2026-02-10,RNRG,36.9332,812
2026-02-11,RNRG,37.2767,7633
2026-02-12,RNRG,37.085,8497
2026-02-13,RNRG,36.8999,2793
2026-02-17,RNRG,37.4618,1463
2026-02-18,RNRG,37.315,4018
2026-02-19,RNRG,37.1194,2139
2026-02-20,RNRG,37.2442,2315
2026-02-23,RNRG,37.345,2642
2026-02-24,RNRG,37.375,1002
2026-02-25,RNRG,37.5644,14024
2026-02-26,RNRG,37.4322,3609
2026-02-27,RNRG,36.955,2055
2026-03-02,RNRG,37.135,2129
2026-03-03,RNRG,35.892,15985
2026-03-04,RNRG,36.29,636
2026-03-05,RNRG,36.065,1350
2026-03-06,RNRG,36.1569,1431
2026-03-09,RNRG,36.3399,3128
2026-03-10,RNRG,36.085,2794
2026-03-11,RNRG,36.1993,807
2026-03-12,RNRG,35.69,2930
2026-03-13,RNRG,35.33,1488
2026-03-16,RNRG,36.1638,1586
2026-03-17,RNRG,36.395,16283
2026-03-18,RNRG,36.0617,1170
2026-03-19,RNRG,36.5562,3088
2026-03-20,RNRG,35.6022,5094
2026-03-23,RNRG,35.805,17630
2026-03-24,RNRG,35.891,1671
2026-03-25,RNRG,36.58,1625
2026-03-26,RNRG,36.375,5495
2026-03-27,RNRG,35.5966,2241
2026-03-30,RNRG,35.95,3900
2026-03-31,RNRG,36.906,2000
2026-04-01,RNRG,37.09,2800
2026-04-02,RNRG,37.139,22000
2026-04-06,RNRG,37.105,5200
2026-04-07,RNRG,37.205,5600
2026-04-08,RNRG,37.576,1100
2026-04-09,RNRG,37.902,7000
2026-04-10,RNRG,38.263,10100
2026-04-13,RNRG,38.485,31000
2026-04-14,RNRG,38.77,1600
2026-04-15,RNRG,38.97,3600
2026-04-16,RNRG,38.551,6200
2026-04-17,RNRG,37.915,4100
2026-04-20,RNRG,38.04,11200
2026-04-21,RNRG,37.428,3900
2026-04-22,RNRG,37.882,1500
2026-04-23,RNRG,38.17,4400
2026-04-24,RNRG,38.192,3300
2026-04-27,RNRG,38.605,2300
2026-04-28,RNRG,38.235,1600
2026-04-29,RNRG,38.005,4300
2026-04-30,RNRG,38.861,5000
2026-05-01,RNRG,38.935,1900
2026-05-04,RNRG,38.765,10600
2026-05-05,RNRG,39.26,5000
2026-05-06,RNRG,39.338,3100
2026-05-07,RNRG,38.612,4200
2026-05-08,RNRG,38.755,4600
2026-05-11,RNRG,39.11,48500
2026-05-12,RNRG,38.555,6077
2026-02-02,ROBO,72.42,147900
2026-02-03,ROBO,72.86,293200
2026-02-04,ROBO,72.47,138400
2026-02-05,ROBO,71.58,142700
2026-02-06,ROBO,74.41,169100
2026-02-09,ROBO,75.36,216100
2026-02-10,ROBO,76.16,161700
2026-02-11,ROBO,76.32,170400
2026-02-12,ROBO,76.4,287700
2026-02-13,ROBO,77.31,115500
2026-02-17,ROBO,77.14,162600
2026-02-18,ROBO,77.58,137600
2026-02-19,ROBO,77.74,167800
2026-02-20,ROBO,78.6,205900
2026-02-23,ROBO,77.6,118700
2026-02-24,ROBO,78.79,325400
2026-02-25,ROBO,79.58,174300
2026-02-26,ROBO,79.04,156800
2026-02-27,ROBO,78.41,190800
2026-03-02,ROBO,78.01,191800
2026-03-03,ROBO,74.79,259800
2026-03-04,ROBO,75.27,289000
2026-03-05,ROBO,73.35,206300
2026-03-06,ROBO,71.98,501700
2026-03-09,ROBO,72.47,382580
2026-03-10,ROBO,72.54,156213
2026-03-11,ROBO,72.49,146600
2026-03-12,ROBO,70.94,136300
2026-03-13,ROBO,69.86,168100
2026-03-16,ROBO,71.11,109000
2026-03-17,ROBO,71.77,152800
2026-03-18,ROBO,70.75,109000
2026-03-19,ROBO,70.66,395300
2026-03-20,ROBO,68.15,164200
2026-03-23,ROBO,70.25,127000
2026-03-24,ROBO,69.77,117200
2026-03-25,ROBO,71.07,519900
2026-03-26,ROBO,68.96,81300
2026-03-27,ROBO,66.88,164400
2026-03-30,ROBO,65.77,189800
2026-03-31,ROBO,68.43,205400
2026-04-01,ROBO,70.14,113000
2026-04-02,ROBO,69.24,85800
2026-04-06,ROBO,69.9,83400
2026-04-07,ROBO,69.35,81600
2026-04-08,ROBO,73.44,312100
2026-04-09,ROBO,73.24,111300
2026-04-10,ROBO,73.78,84800
2026-04-13,ROBO,75.16,173500
2026-04-14,ROBO,76.22,101000
2026-04-15,ROBO,76.42,69600
2026-04-16,ROBO,77.12,172200
2026-04-17,ROBO,79.36,167900
2026-04-20,ROBO,79.56,88200
2026-04-21,ROBO,78.46,76400
2026-04-22,ROBO,79.53,102800
2026-04-23,ROBO,78.81,128800
2026-04-24,ROBO,79.99,128900
2026-04-27,ROBO,80.85,154300
2026-04-28,ROBO,79.35,85400
2026-04-29,ROBO,78.66,69000
2026-04-30,ROBO,81.65,150800
2026-05-01,ROBO,81.94,67300
2026-05-04,ROBO,81.08,107000
2026-05-05,ROBO,82.36,137800
2026-05-06,ROBO,84.62,234400
2026-05-07,ROBO,83.81,198300
2026-05-08,ROBO,86.58,145100
2026-05-11,ROBO,87.02,229700
2026-05-12,ROBO,86.04,162269
2026-02-02,ROBT,51.928,65900
2026-02-03,ROBT,51.246,77800
2026-02-04,ROBT,50.491,171700
2026-02-05,ROBT,49.002,61100
2026-02-06,ROBT,51.19,87000
2026-02-09,ROBT,51.95,106300
2026-02-10,ROBT,52.035,137000
2026-02-11,ROBT,51.22,89900
2026-02-12,ROBT,50.176,273000
2026-02-13,ROBT,50.811,47600
2026-02-17,ROBT,50.321,63600
2026-02-18,ROBT,50.712,104600
2026-02-19,ROBT,51.064,49800
2026-02-20,ROBT,50.893,120100
2026-02-23,ROBT,49.836,78000
2026-02-24,ROBT,50.828,45700
2026-02-25,ROBT,51.566,70900
2026-02-26,ROBT,51.69,304300
2026-02-27,ROBT,50.83,58800
2026-03-02,ROBT,50.536,122900
2026-03-03,ROBT,49.33,133900
2026-03-04,ROBT,50.105,144500
2026-03-05,ROBT,49.697,110500
2026-03-06,ROBT,49.018,112500
2026-03-09,ROBT,49.385,92663
2026-03-10,ROBT,49.156,58753
2026-03-11,ROBT,49.427,54400
2026-03-12,ROBT,48.216,71600
2026-03-13,ROBT,47.815,43300
2026-03-16,ROBT,48.66,34000
2026-03-17,ROBT,49.097,49900
2026-03-18,ROBT,48.41,63100
2026-03-19,ROBT,48.405,69600
2026-03-20,ROBT,47.102,74300
2026-03-23,ROBT,48.224,87800
2026-03-24,ROBT,47.019,97200
2026-03-25,ROBT,47.24,53700
2026-03-26,ROBT,46.2,37800
2026-03-27,ROBT,44.71,87100
2026-03-30,ROBT,44.32,73000
2026-03-31,ROBT,46.16,81000
2026-04-01,ROBT,46.785,65800
2026-04-02,ROBT,46.76,109300
2026-04-06,ROBT,47.011,49300
2026-04-07,ROBT,46.914,157800
2026-04-08,ROBT,48.223,74600
2026-04-09,ROBT,47.31,86000
2026-04-10,ROBT,46.8,57200
2026-04-13,ROBT,48.11,61800
2026-04-14,ROBT,48.682,59600
2026-04-15,ROBT,49.75,55100
2026-04-16,ROBT,50.183,54400
2026-04-17,ROBT,51.18,60700
2026-04-20,ROBT,51.43,40000
2026-04-21,ROBT,50.96,43600
2026-04-22,ROBT,51.74,48600
2026-04-23,ROBT,50.31,60800
2026-04-24,ROBT,51.34,44100
2026-04-27,ROBT,51.518,30100
2026-04-28,ROBT,50.904,66500
2026-04-29,ROBT,50.406,29600
2026-04-30,ROBT,51.58,45800
2026-05-01,ROBT,52.329,70700
2026-05-04,ROBT,52.34,39200
2026-05-05,ROBT,53.043,40700
2026-05-06,ROBT,53.72,94100
2026-05-07,ROBT,53.75,64200
2026-05-08,ROBT,54.88,51600
2026-05-11,ROBT,54.805,60600
2026-05-12,ROBT,53.67,50889
2026-02-02,ROK,427.6649,627916
2026-02-03,ROK,428.8209,916373
2026-02-04,ROK,428.3526,1467510
2026-02-05,ROK,405.2926,2605766
2026-02-06,ROK,413.5838,2180386
2026-02-09,ROK,409.2389,1161448
2026-02-10,ROK,411.1722,1131009
2026-02-11,ROK,405.3624,1436006
2026-02-12,ROK,380.6781,2677494
2026-02-13,ROK,393.0053,1354293
2026-02-17,ROK,387.1257,1718137
2026-02-18,ROK,395.0881,1244627
2026-02-19,ROK,394.0118,931789
2026-02-20,ROK,397.41,860792
2026-02-23,ROK,387.63,1714916
2026-02-24,ROK,405.3,1245226
2026-02-25,ROK,402.38,1153971
2026-02-26,ROK,411.3,905652
2026-02-27,ROK,407.45,1207345
2026-03-02,ROK,412.15,860984
2026-03-03,ROK,398.5,908594
2026-03-04,ROK,383.35,1534385
2026-03-05,ROK,378.5,1191137
2026-03-06,ROK,369.83,1123791
2026-03-09,ROK,375.55,1220124
2026-03-10,ROK,374.07,925299
2026-03-11,ROK,373.25,897955
2026-03-12,ROK,358.2,1017949
2026-03-13,ROK,360.93,802869
2026-03-16,ROK,364.05,691781
2026-03-17,ROK,357.39,1562967
2026-03-18,ROK,355.11,929382
2026-03-19,ROK,355.73,1253787
2026-03-20,ROK,355.11,1290370
2026-03-23,ROK,357.83,901378
2026-03-24,ROK,361.22,816280
2026-03-25,ROK,360.65,672953
2026-03-26,ROK,354.82,711728
2026-03-27,ROK,351.5,818559
2026-03-30,ROK,348.51,758661
2026-03-31,ROK,358.88,1054534
2026-04-01,ROK,368.92,949938
2026-04-02,ROK,365.02,543470
2026-04-06,ROK,367.18,499613
2026-04-07,ROK,369.37,760929
2026-04-08,ROK,389.97,907486
2026-04-09,ROK,394.9,743563
2026-04-10,ROK,396.0,415424
2026-04-13,ROK,407.78,780062
2026-04-14,ROK,405.27,615257
2026-04-15,ROK,397.4,718533
2026-04-16,ROK,402.81,548208
2026-04-17,ROK,415.73,865676
2026-04-20,ROK,413.7,611699
2026-04-21,ROK,410.04,695661
2026-04-22,ROK,407.02,405352
2026-04-23,ROK,408.91,507349
2026-04-24,ROK,401.18,884978
2026-04-27,ROK,406.92,708289
2026-04-28,ROK,401.29,569164
2026-04-29,ROK,400.2,500294
2026-04-30,ROK,408.91,661169
2026-05-01,ROK,407.43,666008
2026-05-04,ROK,400.31,964751
2026-05-05,ROK,435.93,1864840
2026-05-06,ROK,459.35,1181700
2026-05-07,ROK,448.55,1108476
2026-05-08,ROK,453.89,1063077
2026-05-11,ROK,456.66,888368
2026-05-12,ROK,455.08,666663
2026-02-02,ROKT,99.5159,22600
2026-02-03,ROKT,101.7345,14800
2026-02-04,ROKT,97.4373,21700
2026-02-05,ROKT,94.749,16400
2026-02-06,ROKT,99.7558,9800
2026-02-09,ROKT,102.2841,25900
2026-02-10,ROKT,100.6252,12900
2026-02-11,ROKT,98.7064,26700
2026-02-12,ROKT,97.9969,18800
2026-02-13,ROKT,99.8657,8800
2026-02-17,ROKT,99.7258,11500
2026-02-18,ROKT,101.7145,11300
2026-02-19,ROKT,103.8831,27700
2026-02-20,ROKT,103.1636,21900
2026-02-23,ROKT,103.2535,28500
2026-02-24,ROKT,104.9924,25400
2026-02-25,ROKT,103.5333,28200
2026-02-26,ROKT,104.4128,15200
2026-02-27,ROKT,103.6233,13300
2026-03-02,ROKT,107.4808,21700
2026-03-03,ROKT,105.2722,16800
2026-03-04,ROKT,106.3215,15300
2026-03-05,ROKT,102.7438,30300
2026-03-06,ROKT,102.1942,13900
2026-03-09,ROKT,103.7232,21000
2026-03-10,ROKT,102.9537,16700
2026-03-11,ROKT,102.6039,12200
2026-03-12,ROKT,100.6952,11100
2026-03-13,ROKT,100.0656,36800
2026-03-16,ROKT,101.3947,11700
2026-03-17,ROKT,103.9331,27400
2026-03-18,ROKT,101.5546,9600
2026-03-19,ROKT,102.2941,10800
2026-03-20,ROKT,100.955,13000
2026-03-23,ROKT,102.81,29093
2026-03-24,ROKT,102.06,9914
2026-03-25,ROKT,105.39,15500
2026-03-26,ROKT,101.32,11200
2026-03-27,ROKT,99.26,9900
2026-03-30,ROKT,95.23,16700
2026-03-31,ROKT,99.46,13800
2026-04-01,ROKT,102.36,30800
2026-04-02,ROKT,106.4,37100
2026-04-06,ROKT,106.76,19500
2026-04-07,ROKT,106.78,19400
2026-04-08,ROKT,110.15,36100
2026-04-09,ROKT,109.32,26000
2026-04-10,ROKT,109.75,23300
2026-04-13,ROKT,111.42,26100
2026-04-14,ROKT,110.91,36500
2026-04-15,ROKT,110.85,25500
2026-04-16,ROKT,114.74,24400
2026-04-17,ROKT,115.19,62300
2026-04-20,ROKT,115.12,255500
2026-04-21,ROKT,113.81,120400
2026-04-22,ROKT,114.61,36900
2026-04-23,ROKT,112.81,24600
2026-04-24,ROKT,110.63,18500
2026-04-27,ROKT,110.08,42000
2026-04-28,ROKT,108.59,40800
2026-04-29,ROKT,107.35,18000
2026-04-30,ROKT,111.46,46400
2026-05-01,ROKT,110.78,49900
2026-05-04,ROKT,110.66,19900
2026-05-05,ROKT,110.09,37400
2026-05-06,ROKT,113.21,26600
2026-05-07,ROKT,109.35,59000
2026-05-08,ROKT,113.52,42300
2026-05-11,ROKT,117.49,54100
2026-05-12,ROKT,116.65,29249
2026-02-02,ROP,371.6686,2476200
2026-02-03,ROP,347.9387,3248300
2026-02-04,ROP,358.8012,2805500
2026-02-05,ROP,350.1132,2827400
2026-02-06,ROP,361.5044,1945500
2026-02-09,ROP,350.8214,1966100
2026-02-10,ROP,347.9587,1776000
2026-02-11,ROP,332.9567,2433700
2026-02-12,ROP,319.012,2736100
2026-02-13,ROP,320.598,1640500
2026-02-17,ROP,314.7328,1808500
2026-02-18,ROP,326.7723,2136200
2026-02-19,ROP,331.1612,1753100
2026-02-20,ROP,334.9416,2482700
2026-02-23,ROP,334.8519,2223100
2026-02-24,ROP,336.8468,1565400
2026-02-25,ROP,343.3703,1560400
2026-02-26,ROP,351.2603,1836700
2026-02-27,ROP,348.8464,1344400
2026-03-02,ROP,353.0358,1372300
2026-03-03,ROP,355.1006,1293400
2026-03-04,ROP,360.3573,1612500
2026-03-05,ROP,365.0953,1527200
2026-03-06,ROP,366.5715,1621000
2026-03-09,ROP,362.1427,1326300
2026-03-10,ROP,352.976,1247000
2026-03-11,ROP,351.3601,1171600
2026-03-12,ROP,345.9039,1494900
2026-03-13,ROP,350.1132,1487400
2026-03-16,ROP,351.3102,989300
2026-03-17,ROP,351.9984,845700
2026-03-18,ROP,349.9037,1337200
2026-03-19,ROP,352.3675,1611800
2026-03-20,ROP,352.7864,2933700
2026-03-23,ROP,352.587,1478900
2026-03-24,ROP,345.056,1416500
2026-03-25,ROP,345.844,994500
2026-03-26,ROP,350.183,1197800
2026-03-27,ROP,343.5498,1246700
2026-03-30,ROP,351.0708,1299100
2026-03-31,ROP,352.966,1517500
2026-04-01,ROP,354.9709,1350900
2026-04-02,ROP,356.9758,1087200
2026-04-06,ROP,360.19,907400
2026-04-07,ROP,358.83,762900
2026-04-08,ROP,355.85,817200
2026-04-09,ROP,349.88,1339500
2026-04-10,ROP,343.15,1184500
2026-04-13,ROP,356.35,1529100
2026-04-14,ROP,354.0,999400
2026-04-15,ROP,358.09,1128000
2026-04-16,ROP,361.88,1340400
2026-04-17,ROP,362.44,1113500
2026-04-20,ROP,359.87,990200
2026-04-21,ROP,362.93,1213900
2026-04-22,ROP,364.73,1167500
2026-04-23,ROP,363.76,1615600
2026-04-24,ROP,353.4,1341400
2026-04-27,ROP,352.45,1103700
2026-04-28,ROP,354.12,1234100
2026-04-29,ROP,355.97,1146300
2026-04-30,ROP,354.81,1275600
2026-05-01,ROP,358.22,993000
2026-05-04,ROP,355.23,995798
2026-05-05,ROP,356.56,808614
2026-05-06,ROP,350.26,1578100
2026-05-07,ROP,352.44,966300
2026-05-08,ROP,343.32,1178500
2026-05-11,ROP,328.8,1365300
2026-05-12,ROP,323.94,969914
2026-02-02,RSG,215.1189,1072400
2026-02-03,RSG,213.344,1102800
2026-02-04,RSG,217.5819,1627900
2026-02-05,RSG,218.1005,2018800
2026-02-06,RSG,219.317,1039100
2026-02-09,RSG,223.4453,1562900
2026-02-10,RSG,222.4381,1610700
2026-02-11,RSG,225.3299,1518000
2026-02-12,RSG,220.2444,2317400
2026-02-13,RSG,222.5379,1441600
2026-02-17,RSG,220.5635,2181200
2026-02-18,RSG,216.2258,2974900
2026-02-19,RSG,221.0022,1324800
2026-02-20,RSG,218.8783,1264800
2026-02-23,RSG,220.5635,1792000
2026-02-24,RSG,220.1147,1134200
2026-02-25,RSG,220.9623,1139800
2026-02-26,RSG,223.9538,1190200
2026-02-27,RSG,228.3513,1437700
2026-03-02,RSG,229.7175,899200
2026-03-03,RSG,231.6121,1293100
2026-03-04,RSG,230.9141,985100
2026-03-05,RSG,231.0138,1271200
2026-03-06,RSG,230.3955,938800
2026-03-09,RSG,229.4881,1300400
2026-03-10,RSG,222.8968,1313600
2026-03-11,RSG,223.1561,996700
2026-03-12,RSG,225.1405,1040000
2026-03-13,RSG,223.6447,1206200
2026-03-16,RSG,223.4951,874700
2026-03-17,RSG,224.1333,967000
2026-03-18,RSG,221.3612,1155000
2026-03-19,RSG,222.3883,1148700
2026-03-20,RSG,218.6788,2266500
2026-03-23,RSG,216.1161,1745500
2026-03-24,RSG,214.6602,1629800
2026-03-25,RSG,214.9394,1221700
2026-03-26,RSG,216.6546,1030700
2026-03-27,RSG,215.2187,1063500
2026-03-30,RSG,221.0521,1935900
2026-03-31,RSG,218.3996,1954500
2026-04-01,RSG,220.025,998000
2026-04-02,RSG,223.19,891000
2026-04-06,RSG,220.86,1429404
2026-04-07,RSG,220.38,1144401
2026-04-08,RSG,216.51,2821100
2026-04-09,RSG,217.0,1853600
2026-04-10,RSG,214.66,1621200
2026-04-13,RSG,213.48,1991900
2026-04-14,RSG,211.73,2372400
2026-04-15,RSG,210.87,1387200
2026-04-16,RSG,209.66,1131900
2026-04-17,RSG,207.66,2197600
2026-04-20,RSG,208.45,1626500
2026-04-21,RSG,205.3,2008700
2026-04-22,RSG,205.29,1606200
2026-04-23,RSG,214.04,1811500
2026-04-24,RSG,209.79,1061200
2026-04-27,RSG,206.11,1122000
2026-04-28,RSG,208.15,2078800
2026-04-29,RSG,208.31,1385300
2026-04-30,RSG,209.22,1630800
2026-05-01,RSG,206.56,1243400
2026-05-04,RSG,206.55,1627200
2026-05-05,RSG,203.88,1247900
2026-05-06,RSG,199.69,2386600
2026-05-07,RSG,201.55,2782700
2026-05-08,RSG,200.02,2272900
2026-05-11,RSG,197.73,2265100
2026-05-12,RSG,202.38,2119017
2026-02-02,RSPT,47.7792,532700
2026-02-03,RSPT,46.6502,610100
2026-02-04,RSPT,45.8509,540600
2026-02-05,RSPT,45.0815,421900
2026-02-06,RSPT,46.7501,376900
2026-02-09,RSPT,47.3296,237800
2026-02-10,RSPT,47.1997,153900
2026-02-11,RSPT,47.4395,375500
2026-02-12,RSPT,46.4104,555400
2026-02-13,RSPT,47.1198,327000
2026-02-17,RSPT,46.5902,1375600
2026-02-18,RSPT,47.0798,251100
2026-02-19,RSPT,46.7601,202900
2026-02-20,RSPT,46.9899,243100
2026-02-23,RSPT,46.0407,241800
2026-02-24,RSPT,46.6202,251500
2026-02-25,RSPT,47.4295,144100
2026-02-26,RSPT,47.3196,253000
2026-02-27,RSPT,47.1398,257800
2026-03-02,RSPT,47.0499,350300
2026-03-03,RSPT,46.1306,267200
2026-03-04,RSPT,46.94,184700
2026-03-05,RSPT,46.6302,623900
2026-03-06,RSPT,45.5112,185600
2026-03-09,RSPT,46.3704,239700
2026-03-10,RSPT,46.2805,202700
2026-03-11,RSPT,46.4404,170600
2026-03-12,RSPT,45.4113,188900
2026-03-13,RSPT,45.6211,140000
2026-03-16,RSPT,46.4004,908100
2026-03-17,RSPT,46.85,306300
2026-03-18,RSPT,46.5203,212100
2026-03-19,RSPT,46.9799,190600
2026-03-20,RSPT,45.711,733300
2026-03-23,RSPT,46.33,340200
2026-03-24,RSPT,46.3,470800
2026-03-25,RSPT,46.58,196100
2026-03-26,RSPT,45.24,266800
2026-03-27,RSPT,44.33,922200
2026-03-30,RSPT,43.51,338700
2026-03-31,RSPT,45.26,392600
2026-04-01,RSPT,45.89,1894200
2026-04-02,RSPT,46.4,758400
2026-04-06,RSPT,46.58,327600
2026-04-07,RSPT,46.82,253600
2026-04-08,RSPT,48.37,1074800
2026-04-09,RSPT,48.0,326700
2026-04-10,RSPT,47.61,881200
2026-04-13,RSPT,49.01,325300
2026-04-14,RSPT,49.17,357900
2026-04-15,RSPT,49.62,400900
2026-04-16,RSPT,50.62,246100
2026-04-17,RSPT,51.41,435100
2026-04-20,RSPT,51.82,221300
2026-04-21,RSPT,52.12,431900
2026-04-22,RSPT,52.67,316400
2026-04-23,RSPT,52.0,365300
2026-04-24,RSPT,53.08,335900
2026-04-27,RSPT,52.77,600900
2026-04-28,RSPT,51.69,225700
2026-04-29,RSPT,52.54,221600
2026-04-30,RSPT,53.57,228600
2026-05-01,RSPT,54.26,250400
2026-05-04,RSPT,54.51,496444
2026-05-05,RSPT,55.76,320016
2026-05-06,RSPT,56.54,311000
2026-05-07,RSPT,56.41,283100
2026-05-08,RSPT,58.15,240900
2026-05-11,RSPT,58.92,356600
2026-05-12,RSPT,57.82,368164
2026-02-02,RTX,200.4243,6239853
2026-02-03,RTX,202.8263,8457340
2026-02-04,RTX,196.0887,11411470
2026-02-05,RTX,195.3213,5538308
2026-02-06,RTX,198.0023,4350944
2026-02-09,RTX,195.5405,4615240
2026-02-10,RTX,194.5438,5501546
2026-02-11,RTX,195.8595,6784433
2026-02-12,RTX,200.4741,6738648
2026-02-13,RTX,199.3977,4939001
2026-02-17,RTX,202.8263,6057791
2026-02-18,RTX,204.132,6395657
2026-02-19,RTX,204.73,6128379
2026-02-20,RTX,204.92,10300800
2026-02-23,RTX,201.92,4557283
2026-02-24,RTX,198.46,10157270
2026-02-25,RTX,195.98,6891791
2026-02-26,RTX,197.63,5761981
2026-02-27,RTX,202.62,8982472
2026-03-02,RTX,212.16,12485300
2026-03-03,RTX,206.52,9661254
2026-03-04,RTX,208.82,6140312
2026-03-05,RTX,203.86,6935575
2026-03-06,RTX,209.76,8790440
2026-03-09,RTX,208.23,8626395
2026-03-10,RTX,207.0,4140612
2026-03-11,RTX,207.26,4418014
2026-03-12,RTX,203.04,6400901
2026-03-13,RTX,204.52,4806760
2026-03-16,RTX,206.06,4795629
2026-03-17,RTX,203.33,3990778
2026-03-18,RTX,204.56,3512916
2026-03-19,RTX,200.73,5329580
2026-03-20,RTX,198.16,8463886
2026-03-23,RTX,194.82,4927257
2026-03-24,RTX,194.0,5135964
2026-03-25,RTX,195.0,4057284
2026-03-26,RTX,192.85,4871912
2026-03-27,RTX,189.71,3864456
2026-03-30,RTX,187.15,5043821
2026-03-31,RTX,192.9,5318463
2026-04-01,RTX,194.72,4127203
2026-04-02,RTX,196.21,4113877
2026-04-06,RTX,198.41,2314879
2026-04-07,RTX,197.92,3037484
2026-04-08,RTX,203.48,4455777
2026-04-09,RTX,203.19,2789665
2026-04-10,RTX,201.56,3151917
2026-04-13,RTX,201.41,3429173
2026-04-14,RTX,202.81,3303096
2026-04-15,RTX,198.39,4424750
2026-04-16,RTX,195.85,3999305
2026-04-17,RTX,196.42,4777162
2026-04-20,RTX,195.79,4988161
2026-04-21,RTX,187.17,7489948
2026-04-22,RTX,180.91,8513949
2026-04-23,RTX,179.3,6289444
2026-04-24,RTX,174.26,10505060
2026-04-27,RTX,173.38,6511732
2026-04-28,RTX,175.68,6115827
2026-04-29,RTX,172.79,5037907
2026-04-30,RTX,176.07,6224410
2026-05-01,RTX,173.99,4494767
2026-05-04,RTX,172.9,5081313
2026-05-05,RTX,172.87,4721241
2026-05-06,RTX,176.74,6098981
2026-05-07,RTX,176.78,5658926
2026-05-08,RTX,176.09,6277446
2026-05-11,RTX,178.61,6524088
2026-05-12,RTX,178.89,5603945
2026-02-02,S,14.39,8498600
2026-02-03,S,13.14,14645200
2026-02-04,S,13.62,12233900
2026-02-05,S,12.93,11054300
2026-02-06,S,13.22,9729100
2026-02-09,S,13.14,16076300
2026-02-10,S,13.73,7138600
2026-02-11,S,13.62,6611900
2026-02-12,S,13.31,8231900
2026-02-13,S,13.87,5029800
2026-02-17,S,13.4,6068300
2026-02-18,S,13.35,5442200
2026-02-19,S,13.56,4291700
2026-02-20,S,12.97,9656600
2026-02-23,S,12.37,8810500
2026-02-24,S,12.76,7936300
2026-02-25,S,12.92,6235400
2026-02-26,S,13.48,7173300
2026-02-27,S,13.12,9159400
2026-03-02,S,13.13,8744200
2026-03-03,S,13.27,8117500
2026-03-04,S,13.49,8444500
2026-03-05,S,13.97,8122400
2026-03-06,S,14.19,9779600
2026-03-09,S,14.35,9129624
2026-03-10,S,14.14,7496243
2026-03-11,S,14.16,6704400
2026-03-12,S,13.78,13218100
2026-03-13,S,14.52,18194200
2026-03-16,S,14.29,10468700
2026-03-17,S,14.49,7508600
2026-03-18,S,14.38,6551300
2026-03-19,S,14.56,5366600
2026-03-20,S,14.17,18923000
2026-03-23,S,14.38,6703100
2026-03-24,S,13.04,9114200
2026-03-25,S,13.36,8404200
2026-03-26,S,13.4,5069200
2026-03-27,S,12.58,12141800
2026-03-30,S,12.61,8820200
2026-03-31,S,12.88,5243800
2026-04-01,S,13.31,6625900
2026-04-02,S,13.33,5491000
2026-04-06,S,13.51,5238900
2026-04-07,S,13.38,5091500
2026-04-08,S,13.5,7577600
2026-04-09,S,12.77,9020200
2026-04-10,S,11.94,13671200
2026-04-13,S,12.79,11069300
2026-04-14,S,12.75,8055900
2026-04-15,S,13.26,7862100
2026-04-16,S,13.93,7045000
2026-04-17,S,14.02,6826000
2026-04-20,S,14.32,7645800
2026-04-21,S,14.46,8084700
2026-04-22,S,14.63,5680600
2026-04-23,S,13.92,6341800
2026-04-24,S,14.24,4322900
2026-04-27,S,14.63,5567700
2026-04-28,S,14.65,4365400
2026-04-29,S,14.7,5691100
2026-04-30,S,14.16,6802100
2026-05-01,S,14.9,5572100
2026-05-04,S,15.6,7815200
2026-05-05,S,15.86,6875400
2026-05-06,S,15.33,9443600
2026-05-07,S,15.92,9327500
2026-05-08,S,16.59,8219400
2026-05-11,S,16.33,9844000
2026-05-12,S,15.74,4552724
2026-02-02,SATS,116.55,7143600
2026-02-03,SATS,114.82,5763900
2026-02-04,SATS,110.69,6444100
2026-02-05,SATS,107.02,4175600
2026-02-06,SATS,111.61,3802800
2026-02-09,SATS,115.19,3301800
2026-02-10,SATS,115.67,4105200
2026-02-11,SATS,110.06,5507900
2026-02-12,SATS,110.51,3707700
2026-02-13,SATS,113.15,4233500
2026-02-17,SATS,113.0,1851100
2026-02-18,SATS,114.46,2726800
2026-02-19,SATS,114.84,2179300
2026-02-20,SATS,110.36,2367800
2026-02-23,SATS,107.42,2336800
2026-02-24,SATS,106.78,3214300
2026-02-25,SATS,107.01,3635400
2026-02-26,SATS,108.37,3121000
2026-02-27,SATS,115.53,7897700
2026-03-02,SATS,118.68,6957400
2026-03-03,SATS,116.9,4015500
2026-03-04,SATS,114.03,4023000
2026-03-05,SATS,110.85,4089600
2026-03-06,SATS,106.24,4137800
2026-03-09,SATS,109.92,6330900
2026-03-10,SATS,108.5,5992200
2026-03-11,SATS,112.18,5582300
2026-03-12,SATS,107.71,6223300
2026-03-13,SATS,108.34,3150000
2026-03-16,SATS,114.33,4890200
2026-03-17,SATS,112.27,3633100
2026-03-18,SATS,107.75,4119100
2026-03-19,SATS,109.11,5148200
2026-03-20,SATS,109.84,49306800
2026-03-23,SATS,109.49,6798400
2026-03-24,SATS,110.84,4624900
2026-03-25,SATS,119.07,13331100
2026-03-26,SATS,111.4,9235600
2026-03-27,SATS,115.21,5713300
2026-03-30,SATS,112.23,4796300
2026-03-31,SATS,117.07,14711200
2026-04-01,SATS,120.6,7062500
2026-04-02,SATS,128.68,10713700
2026-04-06,SATS,126.95,4859200
2026-04-07,SATS,124.77,3837500
2026-04-08,SATS,122.82,6221400
2026-04-09,SATS,120.09,5166300
2026-04-10,SATS,128.59,9102700
2026-04-13,SATS,125.55,2872900
2026-04-14,SATS,130.47,4818300
2026-04-15,SATS,131.39,5661700
2026-04-16,SATS,132.5,3133500
2026-04-17,SATS,133.21,5818100
2026-04-20,SATS,135.11,3709200
2026-04-21,SATS,123.86,7630600
2026-04-22,SATS,122.36,8327400
2026-04-23,SATS,121.52,3414500
2026-04-24,SATS,117.5,7029300
2026-04-27,SATS,121.63,5174200
2026-04-28,SATS,123.7,3313100
2026-04-29,SATS,119.78,9060900
2026-04-30,SATS,123.14,2837800
2026-05-01,SATS,123.18,2393500
2026-05-04,SATS,120.34,3011200
2026-05-05,SATS,117.34,3819100
2026-05-06,SATS,125.75,5979200
2026-05-07,SATS,122.62,3522300
2026-05-08,SATS,127.15,3052400
2026-05-11,SATS,129.14,4684400
2026-05-12,SATS,129.38,5752310
2026-02-02,SCCO,187.3825,2433992
2026-02-03,SCCO,209.3864,3269062
2026-02-04,SCCO,190.4634,5008700
2026-02-05,SCCO,184.1363,3101730
2026-02-06,SCCO,194.4191,2254980
2026-02-09,SCCO,202.4275,1777514
2026-02-10,SCCO,195.8934,1968257
2026-02-11,SCCO,203.3983,1463215
2026-02-12,SCCO,194.8593,1566906
2026-02-13,SCCO,195.007,1673786
2026-02-17,SCCO,185.1582,2054083
2026-02-18,SCCO,189.7478,1282864
2026-02-19,SCCO,191.1364,1298324
2026-02-20,SCCO,197.9715,1014148
2026-02-23,SCCO,203.9202,1571811
2026-02-24,SCCO,207.5052,1863203
2026-02-25,SCCO,211.947,2146313
2026-02-26,SCCO,212.4395,1870734
2026-02-27,SCCO,215.0001,2075509
2026-03-02,SCCO,215.5419,1590577
2026-03-03,SCCO,203.1126,2489976
2026-03-04,SCCO,203.5361,1321694
2026-03-05,SCCO,188.9697,1976264
2026-03-06,SCCO,182.174,1816444
2026-03-09,SCCO,187.7583,2400807
2026-03-10,SCCO,193.1948,1312752
2026-03-11,SCCO,189.1174,1520823
2026-03-12,SCCO,177.8307,2044853
2026-03-13,SCCO,168.2477,2143615
2026-03-16,SCCO,174.1275,1764199
2026-03-17,SCCO,174.3441,1150523
2026-03-18,SCCO,164.1998,2036101
2026-03-19,SCCO,157.3943,3388821
2026-03-20,SCCO,150.4016,3105574
2026-03-23,SCCO,157.1776,2759118
2026-03-24,SCCO,157.4632,1934790
2026-03-25,SCCO,162.9884,1614732
2026-03-26,SCCO,157.345,1576350
2026-03-27,SCCO,159.6201,1556244
2026-03-30,SCCO,156.8723,1695859
2026-03-31,SCCO,169.4591,1772292
2026-04-01,SCCO,175.2601,1636241
2026-04-02,SCCO,175.1419,1622964
2026-04-06,SCCO,173.9994,955317
2026-04-07,SCCO,171.3402,1173171
2026-04-08,SCCO,184.3407,1631554
2026-04-09,SCCO,185.2074,981893
2026-04-10,SCCO,189.6493,1564029
2026-04-13,SCCO,193.4115,1885428
2026-04-14,SCCO,190.447,1458559
2026-04-15,SCCO,186.4385,1128118
2026-04-16,SCCO,185.4044,1049503
2026-04-17,SCCO,191.3826,1415393
2026-04-20,SCCO,187.8765,1040263
2026-04-21,SCCO,180.7558,1415790
2026-04-22,SCCO,184.8726,1114889
2026-04-23,SCCO,179.495,2270631
2026-04-24,SCCO,177.7026,1332390
2026-04-27,SCCO,175.4275,1587172
2026-04-28,SCCO,167.9129,2041496
2026-04-29,SCCO,165.884,1278109
2026-04-30,SCCO,169.0947,1380147
2026-05-01,SCCO,168.5925,1082691
2026-05-04,SCCO,163.7862,1222825
2026-05-05,SCCO,168.4447,924417
2026-05-06,SCCO,181.13,1584364
2026-05-07,SCCO,176.8261,1394408
2026-05-08,SCCO,182.4891,1093788
2026-05-11,SCCO,182.43,2003493
2026-05-12,SCCO,188.8515,2015052
2026-02-02,SERV,10.33,5538100
2026-02-03,SERV,10.79,5820300
2026-02-04,SERV,10.16,5866200
2026-02-05,SERV,9.19,5369800
2026-02-06,SERV,10.675,5276900
2026-02-09,SERV,10.68,4809800
2026-02-10,SERV,10.32,3113600
2026-02-11,SERV,9.79,4110600
2026-02-12,SERV,9.31,3859400
2026-02-13,SERV,9.555,3267600
2026-02-17,SERV,9.27,3038200
2026-02-18,SERV,9.4,2352500
2026-02-19,SERV,9.83,2550600
2026-02-20,SERV,9.49,3108200
2026-02-23,SERV,9.24,3065200
2026-02-24,SERV,9.67,2461600
2026-02-25,SERV,10.36,5083600
2026-02-26,SERV,10.47,3972900
2026-02-27,SERV,9.99,3439500
2026-03-02,SERV,10.0,2661600
2026-03-03,SERV,9.64,2391600
2026-03-04,SERV,9.84,2259800
2026-03-05,SERV,9.68,3859600
2026-03-06,SERV,9.44,2908100
2026-03-09,SERV,9.49,3402800
2026-03-10,SERV,9.67,4105400
2026-03-11,SERV,10.65,18063600
2026-03-12,SERV,9.605,6000400
2026-03-13,SERV,9.12,5103700
2026-03-16,SERV,9.85,5956800
2026-03-17,SERV,9.62,5199200
2026-03-18,SERV,9.43,2843500
2026-03-19,SERV,9.13,3763800
2026-03-20,SERV,8.86,5032500
2026-03-23,SERV,9.43,3790800
2026-03-24,SERV,9.22,2271100
2026-03-25,SERV,9.32,2387100
2026-03-26,SERV,9.08,2344600
2026-03-27,SERV,8.32,3527800
2026-03-30,SERV,7.73,4797300
2026-03-31,SERV,8.44,5045500
2026-04-01,SERV,8.41,3355200
2026-04-02,SERV,8.45,2239100
2026-04-06,SERV,8.35,1899100
2026-04-07,SERV,8.03,3523300
2026-04-08,SERV,8.37,4261300
2026-04-09,SERV,8.08,3023200
2026-04-10,SERV,8.26,1995400
2026-04-13,SERV,8.49,2142000
2026-04-14,SERV,8.95,2928300
2026-04-15,SERV,9.56,4233700
2026-04-16,SERV,9.45,3254100
2026-04-17,SERV,9.57,3948000
2026-04-20,SERV,9.99,3924000
2026-04-21,SERV,9.74,4972700
2026-04-22,SERV,9.82,3629000
2026-04-23,SERV,9.32,2848700
2026-04-24,SERV,9.22,2568500
2026-04-27,SERV,9.89,3269000
2026-04-28,SERV,9.43,2164400
2026-04-29,SERV,8.99,2839600
2026-04-30,SERV,9.43,2470300
2026-05-01,SERV,9.4,3311200
2026-05-04,SERV,9.35,2709300
2026-05-05,SERV,9.14,3015100
2026-05-06,SERV,9.58,4179900
2026-05-07,SERV,9.09,5265500
2026-05-08,SERV,8.77,5585200
2026-05-11,SERV,8.85,5702600
2026-05-12,SERV,8.76,3512382
2026-02-02,SHOP,132.2,12260500
2026-02-03,SHOP,119.29,25738400
2026-02-04,SHOP,114.02,20766200
2026-02-05,SHOP,111.24,17889700
2026-02-06,SHOP,112.05,14028400
2026-02-09,SHOP,118.4,14092800
2026-02-10,SHOP,127.24,26855400
2026-02-11,SHOP,118.71,53300400
2026-02-12,SHOP,110.66,36841700
2026-02-13,SHOP,112.7,18849900
2026-02-17,SHOP,113.54,14655600
2026-02-18,SHOP,121.64,18690000
2026-02-19,SHOP,123.8,12465200
2026-02-20,SHOP,126.2,14668900
2026-02-23,SHOP,117.28,12764100
2026-02-24,SHOP,116.93,11262500
2026-02-25,SHOP,120.31,10218200
2026-02-26,SHOP,125.94,12059600
2026-02-27,SHOP,120.73,10032800
2026-03-02,SHOP,119.38,8337000
2026-03-03,SHOP,121.87,12717600
2026-03-04,SHOP,129.65,11458200
2026-03-05,SHOP,134.79,13176800
2026-03-06,SHOP,130.2,15748300
2026-03-09,SHOP,133.5,9328890
2026-03-10,SHOP,129.36,6998902
2026-03-11,SHOP,129.52,6176400
2026-03-12,SHOP,126.17,5824800
2026-03-13,SHOP,122.96,7840400
2026-03-16,SHOP,126.58,4878700
2026-03-17,SHOP,127.8,4998400
2026-03-18,SHOP,123.75,6728800
2026-03-19,SHOP,122.37,7204400
2026-03-20,SHOP,116.78,11955500
2026-03-23,SHOP,121.1,8785200
2026-03-24,SHOP,116.15,13321800
2026-03-25,SHOP,118.42,8161600
2026-03-26,SHOP,115.43,7715300
2026-03-27,SHOP,111.85,7732500
2026-03-30,SHOP,111.77,7551800
2026-03-31,SHOP,118.62,9999800
2026-04-01,SHOP,118.52,6353500
2026-04-02,SHOP,118.25,7089700
2026-04-06,SHOP,118.8,4679000
2026-04-07,SHOP,117.06,5941700
2026-04-08,SHOP,120.1,7897700
2026-04-09,SHOP,112.38,10547600
2026-04-10,SHOP,110.79,8974900
2026-04-13,SHOP,114.97,10507200
2026-04-14,SHOP,117.64,9095000
2026-04-15,SHOP,127.41,9309000
2026-04-16,SHOP,126.94,6792800
2026-04-17,SHOP,131.15,8838100
2026-04-20,SHOP,135.14,5696100
2026-04-21,SHOP,131.13,6996700
2026-04-22,SHOP,131.96,5804500
2026-04-23,SHOP,124.23,7913000
2026-04-24,SHOP,125.83,8409000
2026-04-27,SHOP,124.23,4027800
2026-04-28,SHOP,122.05,4926900
2026-04-29,SHOP,121.26,5145800
2026-04-30,SHOP,121.13,6792700
2026-05-01,SHOP,127.67,7936300
2026-05-04,SHOP,127.55,11194400
2026-05-05,SHOP,107.63,39763000
2026-05-06,SHOP,105.44,24641100
2026-05-07,SHOP,111.74,22724800
2026-05-08,SHOP,110.41,14507600
2026-05-11,SHOP,102.54,18802600
2026-05-12,SHOP,99.84,13595271
2026-02-02,SIMS,44.448,200
2026-02-03,SIMS,44.477,100
2026-02-04,SIMS,44.9183,1600
2026-02-05,SIMS,43.9008,1300
2026-02-06,SIMS,45.3507,700
2026-02-09,SIMS,45.7471,1400
2026-02-10,SIMS,45.5644,500
2026-02-11,SIMS,45.5794,600
2026-02-12,SIMS,44.456,1300
2026-02-13,SIMS,45.0781,1600
2026-02-17,SIMS,45.2558,300
2026-02-18,SIMS,45.6922,600
2026-02-19,SIMS,45.6093,1100
2026-02-20,SIMS,45.5085,200
2026-02-23,SIMS,44.8804,400
2026-02-24,SIMS,45.0731,700
2026-02-25,SIMS,45.5874,100
2026-02-26,SIMS,45.3038,200
2026-02-27,SIMS,45.0232,700
2026-03-02,SIMS,45.0052,800
2026-03-03,SIMS,44.0825,200
2026-03-04,SIMS,44.444,900
2026-03-05,SIMS,43.6571,700
2026-03-06,SIMS,42.6136,100
2026-03-09,SIMS,43.2437,100
2026-03-10,SIMS,43.085,3000
2026-03-11,SIMS,43.1838,300
2026-03-12,SIMS,42.2961,100
2026-03-13,SIMS,42.1952,500
2026-03-16,SIMS,42.5537,100
2026-03-17,SIMS,42.8343,100
2026-03-18,SIMS,42.346,100
2026-03-19,SIMS,42.5857,100
2026-03-20,SIMS,41.67,200
2026-03-23,SIMS,42.3937,256
2026-03-24,SIMS,42.7627,120
2026-03-25,SIMS,43.008,100
2026-03-26,SIMS,41.873,1400
2026-03-27,SIMS,41.37,100
2026-03-30,SIMS,40.7704,564
2026-03-31,SIMS,42.4384,455
2026-04-01,SIMS,42.333,100
2026-04-02,SIMS,42.243,100
2026-04-06,SIMS,42.438,500
2026-04-07,SIMS,42.308,400
2026-04-08,SIMS,43.396,900
2026-04-09,SIMS,43.702,100
2026-04-10,SIMS,43.773,100
2026-04-13,SIMS,44.29,168
2026-04-14,SIMS,45.3169,5809
2026-04-15,SIMS,45.047,800
2026-04-16,SIMS,45.169,1100
2026-04-17,SIMS,45.188,600
2026-04-20,SIMS,45.2613,120
2026-04-21,SIMS,45.1591,484
2026-04-22,SIMS,45.465,100
2026-04-23,SIMS,45.724,400
2026-04-24,SIMS,45.972,600
2026-04-27,SIMS,45.81,800
2026-04-28,SIMS,45.125,600
2026-04-29,SIMS,45.932,100
2026-04-30,SIMS,46.773,100
2026-05-01,SIMS,46.94,3800
2026-05-04,SIMS,46.5248,234
2026-05-05,SIMS,46.8932,114
2026-05-06,SIMS,47.035,100
2026-05-07,SIMS,46.1295,258
2026-05-08,SIMS,46.37,541
2026-05-11,SIMS,46.5693,240
2026-05-12,SIMS,45.9209,1465
2026-02-02,SKYY,119.3,157200
2026-02-03,SKYY,113.98,400900
2026-02-04,SKYY,111.91,666400
2026-02-05,SKYY,108.01,730700
2026-02-06,SKYY,112.67,378200
2026-02-09,SKYY,114.72,219700
2026-02-10,SKYY,115.78,199900
2026-02-11,SKYY,113.07,217000
2026-02-12,SKYY,111.45,242900
2026-02-13,SKYY,114.26,177000
2026-02-17,SKYY,112.07,183800
2026-02-18,SKYY,113.44,171800
2026-02-19,SKYY,113.3,170000
2026-02-20,SKYY,111.43,205000
2026-02-23,SKYY,105.69,295000
2026-02-24,SKYY,108.0,652600
2026-02-25,SKYY,109.93,317700
2026-02-26,SKYY,111.4,885800
2026-02-27,SKYY,109.65,140100
2026-03-02,SKYY,110.42,283700
2026-03-03,SKYY,109.87,460900
2026-03-04,SKYY,111.59,446000
2026-03-05,SKYY,113.5,787800
2026-03-06,SKYY,113.17,405400
2026-03-09,SKYY,113.67,1010382
2026-03-10,SKYY,112.36,700688
2026-03-11,SKYY,113.35,304600
2026-03-12,SKYY,111.72,182200
2026-03-13,SKYY,111.65,138000
2026-03-16,SKYY,112.56,149500
2026-03-17,SKYY,113.49,100600
2026-03-18,SKYY,113.26,116300
2026-03-19,SKYY,113.63,617500
2026-03-20,SKYY,111.44,171600
2026-03-23,SKYY,113.86,203200
2026-03-24,SKYY,110.63,598300
2026-03-25,SKYY,111.47,207100
2026-03-26,SKYY,109.92,164700
2026-03-27,SKYY,106.0,161300
2026-03-30,SKYY,105.19,249900
2026-03-31,SKYY,109.36,838000
2026-04-01,SKYY,110.33,274400
2026-04-02,SKYY,111.83,163600
2026-04-06,SKYY,111.16,94700
2026-04-07,SKYY,111.33,141200
2026-04-08,SKYY,111.57,297800
2026-04-09,SKYY,107.84,215700
2026-04-10,SKYY,104.16,722000
2026-04-13,SKYY,109.42,313500
2026-04-14,SKYY,109.3,275800
2026-04-15,SKYY,113.69,271600
2026-04-16,SKYY,116.63,312900
2026-04-17,SKYY,117.17,197500
2026-04-20,SKYY,119.24,461600
2026-04-21,SKYY,120.34,834600
2026-04-22,SKYY,122.1,221000
2026-04-23,SKYY,117.04,185500
2026-04-24,SKYY,118.54,126600
2026-04-27,SKYY,119.23,359500
2026-04-28,SKYY,117.87,135000
2026-04-29,SKYY,118.83,129000
2026-04-30,SKYY,118.77,192100
2026-05-01,SKYY,124.39,174400
2026-05-04,SKYY,126.64,440000
2026-05-05,SKYY,130.28,292400
2026-05-06,SKYY,129.62,194400
2026-05-07,SKYY,129.49,237600
2026-05-08,SKYY,129.89,575200
2026-05-11,SKYY,128.16,197800
2026-05-12,SKYY,125.585,658436
2026-02-02,SMCI,29.71,26817000
2026-02-03,SMCI,29.67,42513871
2026-02-04,SMCI,33.76,115558203
2026-02-05,SMCI,30.85,60313980
2026-02-06,SMCI,34.38,49279809
2026-02-09,SMCI,33.53,32251891
2026-02-10,SMCI,33.33,24777529
2026-02-11,SMCI,32.04,24547160
2026-02-12,SMCI,30.43,25527939
2026-02-13,SMCI,30.54,21660680
2026-02-17,SMCI,30.11,20377400
2026-02-18,SMCI,29.71,16814700
2026-02-19,SMCI,32.16,42320100
2026-02-20,SMCI,32.42,26058900
2026-02-23,SMCI,30.71,21437200
2026-02-24,SMCI,31.13,17982600
2026-02-25,SMCI,33.6,32402900
2026-02-26,SMCI,32.28,28496100
2026-02-27,SMCI,32.39,27204800
2026-03-02,SMCI,31.83,28730000
2026-03-03,SMCI,30.68,26566000
2026-03-04,SMCI,32.65,31472400
2026-03-05,SMCI,32.24,26932500
2026-03-06,SMCI,31.31,21134600
2026-03-09,SMCI,31.98,27705330
2026-03-10,SMCI,31.79,19233131
2026-03-11,SMCI,31.79,22009200
2026-03-12,SMCI,30.9,16569400
2026-03-13,SMCI,30.75,18279100
2026-03-16,SMCI,31.86,28824000
2026-03-17,SMCI,31.51,20833600
2026-03-18,SMCI,30.35,24360500
2026-03-19,SMCI,30.79,25754900
2026-03-20,SMCI,20.53,242958500
2026-03-23,SMCI,21.58,114269700
2026-03-24,SMCI,22.23,69821400
2026-03-25,SMCI,24.05,67917100
2026-03-26,SMCI,22.21,53777300
2026-03-27,SMCI,21.97,33020400
2026-03-30,SMCI,21.06,34074900
2026-03-31,SMCI,22.77,37631100
2026-04-01,SMCI,22.51,33420900
2026-04-02,SMCI,23.22,30446100
2026-04-06,SMCI,22.05,23564800
2026-04-07,SMCI,22.67,25328300
2026-04-08,SMCI,23.37,31894200
2026-04-09,SMCI,23.22,28654000
2026-04-10,SMCI,25.26,43565800
2026-04-13,SMCI,25.97,30023600
2026-04-14,SMCI,27.2,40885400
2026-04-15,SMCI,27.29,27816900
2026-04-16,SMCI,28.4,28966100
2026-04-17,SMCI,28.56,21872300
2026-04-20,SMCI,28.81,22593900
2026-04-21,SMCI,28.43,29805200
2026-04-22,SMCI,29.18,24811800
2026-04-23,SMCI,26.75,46874200
2026-04-24,SMCI,29.08,38559400
2026-04-27,SMCI,27.85,28746100
2026-04-28,SMCI,27.25,23282200
2026-04-29,SMCI,26.32,26097100
2026-04-30,SMCI,27.4,21028100
2026-05-01,SMCI,27.09,25043900
2026-05-04,SMCI,27.92,29340500
2026-05-05,SMCI,27.83,55291300
2026-05-06,SMCI,34.66,127295700
2026-05-07,SMCI,33.62,61495300
2026-05-08,SMCI,35.37,50774200
2026-05-11,SMCI,33.52,39601100
2026-05-12,SMCI,32.79,33685485
2026-02-02,SMH,407.97,5946327
2026-02-03,SMH,397.68,12188630
2026-02-04,SMH,382.02,16908471
2026-02-05,SMH,381.07,12007770
2026-02-06,SMH,401.65,13460260
2026-02-09,SMH,406.65,5915243
2026-02-10,SMH,404.76,5645261
2026-02-11,SMH,414.78,6211177
2026-02-12,SMH,406.11,7379088
2026-02-13,SMH,407.72,6481565
2026-02-17,SMH,407.51,7312702
2026-02-18,SMH,412.55,5839869
2026-02-19,SMH,410.2,4056441
2026-02-20,SMH,415.03,5715805
2026-02-23,SMH,412.88,5842756
2026-02-24,SMH,419.16,7828860
2026-02-25,SMH,426.16,7714452
2026-02-26,SMH,412.01,14811320
2026-02-27,SMH,406.37,9049053
2026-03-02,SMH,406.39,11490170
2026-03-03,SMH,391.06,13768920
2026-03-04,SMH,399.1,8767199
2026-03-05,SMH,395.35,11793740
2026-03-06,SMH,380.56,12423220
2026-03-09,SMH,394.37,16338100
2026-03-10,SMH,397.33,13687720
2026-03-11,SMH,401.03,6024928
2026-03-12,SMH,388.13,9845227
2026-03-13,SMH,387.33,7636079
2026-03-16,SMH,393.92,10317560
2026-03-17,SMH,396.88,6646252
2026-03-18,SMH,393.67,8372417
2026-03-19,SMH,394.92,12674830
2026-03-20,SMH,384.74,12846850
2026-03-23,SMH,391.36,12742290
2026-03-24,SMH,394.59,6177166
2026-03-25,SMH,399.02,7388665
2026-03-26,SMH,380.84,14806230
2026-03-27,SMH,374.25,11811410
2026-03-30,SMH,362.53,12198180
2026-03-31,SMH,383.4,13834950
2026-04-01,SMH,391.97,10805350
2026-04-02,SMH,392.32,8505833
2026-04-06,SMH,395.98,4186120
2026-04-07,SMH,399.9,6672538
2026-04-08,SMH,422.92,10184260
2026-04-09,SMH,430.31,6018201
2026-04-10,SMH,436.88,11224190
2026-04-13,SMH,443.34,6549794
2026-04-14,SMH,452.0,6932448
2026-04-15,SMH,453.0,9155668
2026-04-16,SMH,454.8,6450664
2026-04-17,SMH,464.16,7184643
2026-04-20,SMH,463.96,3935098
2026-04-21,SMH,464.66,5598577
2026-04-22,SMH,476.83,7835173
2026-04-23,SMH,481.85,10619720
2026-04-24,SMH,506.44,12614320
2026-04-27,SMH,506.26,9040153
2026-04-28,SMH,491.21,12664810
2026-04-29,SMH,499.58,6007909
2026-04-30,SMH,506.72,8401642
2026-05-01,SMH,509.82,5308292
2026-05-04,SMH,506.79,6867462
2026-05-05,SMH,522.69,8624608
2026-05-06,SMH,549.76,15262910
2026-05-07,SMH,540.1,10905150
2026-05-08,SMH,566.54,8553714
2026-05-11,SMH,576.31,12680940
2026-05-12,SMH,561.25,17720787
2026-02-02,SMHX,39.28,106800
2026-02-03,SMHX,38.03,116700
2026-02-04,SMHX,37.471,103600
2026-02-05,SMHX,37.451,113700
2026-02-06,SMHX,39.73,92500
2026-02-09,SMHX,40.63,89800
2026-02-10,SMHX,40.324,25600
2026-02-11,SMHX,40.43,35400
2026-02-12,SMHX,39.27,59200
2026-02-13,SMHX,39.39,60400
2026-02-17,SMHX,39.28,72100
2026-02-18,SMHX,39.689,50000
2026-02-19,SMHX,39.42,50800
2026-02-20,SMHX,39.639,58000
2026-02-23,SMHX,39.16,75000
2026-02-24,SMHX,39.88,112700
2026-02-25,SMHX,40.5,72900
2026-02-26,SMHX,39.25,95000
2026-02-27,SMHX,38.41,93300
2026-03-02,SMHX,38.96,61200
2026-03-03,SMHX,37.53,50600
2026-03-04,SMHX,37.94,89200
2026-03-05,SMHX,37.85,196100
2026-03-06,SMHX,37.02,79900
2026-03-09,SMHX,38.1874,98152
2026-03-10,SMHX,38.1586,56547
2026-03-11,SMHX,38.342,54400
2026-03-12,SMHX,37.34,57900
2026-03-13,SMHX,37.065,38900
2026-03-16,SMHX,37.87,38900
2026-03-17,SMHX,37.792,73300
2026-03-18,SMHX,37.47,63500
2026-03-19,SMHX,37.82,110300
2026-03-20,SMHX,36.71,108300
2026-03-23,SMHX,37.64,66100
2026-03-24,SMHX,37.69,60800
2026-03-25,SMHX,38.52,50000
2026-03-26,SMHX,37.3,150600
2026-03-27,SMHX,36.26,70700
2026-03-30,SMHX,35.01,56600
2026-03-31,SMHX,37.217,113600
2026-04-01,SMHX,37.91,100000
2026-04-02,SMHX,38.111,54200
2026-04-06,SMHX,38.38,134300
2026-04-07,SMHX,38.693,94000
2026-04-08,SMHX,40.58,109800
2026-04-09,SMHX,41.12,48700
2026-04-10,SMHX,42.027,119900
2026-04-13,SMHX,43.22,81800
2026-04-14,SMHX,44.09,103200
2026-04-15,SMHX,44.68,63800
2026-04-16,SMHX,45.33,49100
2026-04-17,SMHX,46.5,77900
2026-04-20,SMHX,46.96,73600
2026-04-21,SMHX,47.57,80400
2026-04-22,SMHX,48.77,86900
2026-04-23,SMHX,49.19,92300
2026-04-24,SMHX,51.93,137500
2026-04-27,SMHX,50.74,134200
2026-04-28,SMHX,48.36,155100
2026-04-29,SMHX,49.59,76600
2026-04-30,SMHX,50.931,94500
2026-05-01,SMHX,51.27,75800
2026-05-04,SMHX,50.78,73400
2026-05-05,SMHX,52.21,62900
2026-05-06,SMHX,54.478,108600
2026-05-07,SMHX,53.86,101600
2026-05-08,SMHX,55.825,96200
2026-05-11,SMHX,57.15,131700
2026-05-12,SMHX,55.63,164102
2026-02-02,SN,119.49,1102072
2026-02-03,SN,119.43,1213177
2026-02-04,SN,116.18,1446429
2026-02-05,SN,113.21,1239354
2026-02-06,SN,116.72,1285330
2026-02-09,SN,119.55,1402735
2026-02-10,SN,118.64,2006713
2026-02-11,SN,125.31,5039334
2026-02-12,SN,129.02,2306016
2026-02-13,SN,131.06,1721883
2026-02-17,SN,131.45,1384357
2026-02-18,SN,127.73,1509803
2026-02-19,SN,127.32,1053739
2026-02-20,SN,130.64,1492984
2026-02-23,SN,124.04,1473485
2026-02-24,SN,128.11,1881334
2026-02-25,SN,128.9,1633331
2026-02-26,SN,126.88,1582954
2026-02-27,SN,122.87,2486472
2026-03-02,SN,120.59,1634566
2026-03-03,SN,115.74,2076448
2026-03-04,SN,114.86,2139170
2026-03-05,SN,114.0,1555628
2026-03-06,SN,111.1,2116163
2026-03-09,SN,111.36,2617683
2026-03-10,SN,112.44,2100625
2026-03-11,SN,110.16,1867233
2026-03-12,SN,101.68,2625913
2026-03-13,SN,100.04,3263486
2026-03-16,SN,102.95,1457538
2026-03-17,SN,105.27,1919028
2026-03-18,SN,102.66,1113889
2026-03-19,SN,101.93,1689336
2026-03-20,SN,98.05,7849467
2026-03-23,SN,105.16,2121316
2026-03-24,SN,108.45,2028682
2026-03-25,SN,107.49,1195016
2026-03-26,SN,104.28,1457565
2026-03-27,SN,102.11,1678063
2026-03-30,SN,97.62,2045079
2026-03-31,SN,105.9,2490267
2026-04-01,SN,106.49,2367600
2026-04-02,SN,104.38,1475900
2026-04-06,SN,108.48,2258000
2026-04-07,SN,104.15,1928200
2026-04-08,SN,111.91,1904100
2026-04-09,SN,114.96,1366900
2026-04-10,SN,115.07,1023000
2026-04-13,SN,115.37,1308100
2026-04-14,SN,116.63,953100
2026-04-15,SN,115.51,2041400
2026-04-16,SN,114.88,1041800
2026-04-17,SN,119.6,1350200
2026-04-20,SN,121.66,838500
2026-04-21,SN,118.17,989800
2026-04-22,SN,117.3,917400
2026-04-23,SN,114.69,935200
2026-04-24,SN,115.74,980300
2026-04-27,SN,116.77,1342900
2026-04-28,SN,114.58,1237900
2026-04-29,SN,113.13,882800
2026-04-30,SN,115.53,1048700
2026-05-01,SN,114.65,1229200
2026-05-04,SN,114.8,1361644
2026-05-05,SN,117.41,2108364
2026-05-06,SN,115.49,4424600
2026-05-07,SN,113.12,2551400
2026-05-08,SN,111.67,1784000
2026-05-11,SN,107.49,2000900
2026-05-12,SN,108.41,1400251
2026-02-02,SNOW,190.68,4746788
2026-02-03,SNOW,173.24,13814030
2026-02-04,SNOW,165.29,17295400
2026-02-05,SNOW,156.71,8089368
2026-02-06,SNOW,168.43,9619346
2026-02-09,SNOW,175.95,8828838
2026-02-10,SNOW,182.58,9400490
2026-02-11,SNOW,178.83,6242771
2026-02-12,SNOW,172.91,5683395
2026-02-13,SNOW,182.29,8333902
2026-02-17,SNOW,177.1,5778402
2026-02-18,SNOW,176.08,4155147
2026-02-19,SNOW,179.2,3139480
2026-02-20,SNOW,172.5,5857611
2026-02-23,SNOW,157.6,11128630
2026-02-24,SNOW,161.06,8608830
2026-02-25,SNOW,169.21,13379450
2026-02-26,SNOW,173.06,16645340
2026-02-27,SNOW,168.41,10251880
2026-03-02,SNOW,170.33,4776762
2026-03-03,SNOW,165.79,7890309
2026-03-04,SNOW,168.26,3841205
2026-03-05,SNOW,177.45,6958264
2026-03-06,SNOW,180.48,6039618
2026-03-09,SNOW,182.84,4836174
2026-03-10,SNOW,175.32,4428207
2026-03-11,SNOW,179.43,3486833
2026-03-12,SNOW,177.25,3896004
2026-03-13,SNOW,178.66,3915125
2026-03-16,SNOW,174.4,3893966
2026-03-17,SNOW,174.6,4251682
2026-03-18,SNOW,173.25,4253023
2026-03-19,SNOW,175.4,3815149
2026-03-20,SNOW,168.02,5212252
2026-03-23,SNOW,174.2,4472432
2026-03-24,SNOW,161.34,4536949
2026-03-25,SNOW,160.61,4713783
2026-03-26,SNOW,162.33,3142799
2026-03-27,SNOW,152.8,5826622
2026-03-30,SNOW,153.67,3797700
2026-03-31,SNOW,150.82,8316000
2026-04-01,SNOW,153.12,5070900
2026-04-02,SNOW,151.85,4855500
2026-04-06,SNOW,149.38,5669300
2026-04-07,SNOW,149.24,5267100
2026-04-08,SNOW,149.99,5506200
2026-04-09,SNOW,132.24,15489400
2026-04-10,SNOW,121.11,23316000
2026-04-13,SNOW,134.24,14833400
2026-04-14,SNOW,135.47,8547900
2026-04-15,SNOW,144.48,8560100
2026-04-16,SNOW,143.55,7360200
2026-04-17,SNOW,143.98,6443300
2026-04-20,SNOW,150.44,6981100
2026-04-21,SNOW,150.84,5160400
2026-04-22,SNOW,155.57,4719700
2026-04-23,SNOW,146.4,7625800
2026-04-24,SNOW,140.32,11754800
2026-04-27,SNOW,144.25,5395100
2026-04-28,SNOW,142.56,3578800
2026-04-29,SNOW,141.22,4323100
2026-04-30,SNOW,136.47,8241600
2026-05-01,SNOW,141.0,9351300
2026-05-04,SNOW,144.21,6190200
2026-05-05,SNOW,141.71,5891600
2026-05-06,SNOW,139.74,7431200
2026-05-07,SNOW,153.72,13709300
2026-05-08,SNOW,152.45,7280700
2026-05-11,SNOW,151.5,4799600
2026-05-12,SNOW,151.98,4864407
2026-02-02,SNPS,457.89,1894094
2026-02-03,SNPS,419.14,5098222
2026-02-04,SNPS,418.98,5120267
2026-02-05,SNPS,410.44,3834117
2026-02-06,SNPS,426.88,2504313
2026-02-09,SNPS,438.9,2044710
2026-02-10,SNPS,437.45,1948850
2026-02-11,SNPS,438.21,2246666
2026-02-12,SNPS,423.35,2931329
2026-02-13,SNPS,437.09,1739099
2026-02-17,SNPS,421.95,2516900
2026-02-18,SNPS,442.31,2147600
2026-02-19,SNPS,442.44,1605700
2026-02-20,SNPS,439.94,1697100
2026-02-23,SNPS,420.82,1974900
2026-02-24,SNPS,440.72,2185400
2026-02-25,SNPS,449.17,2915300
2026-02-26,SNPS,426.0,3916800
2026-02-27,SNPS,414.0,4647600
2026-03-02,SNPS,424.66,4066800
2026-03-03,SNPS,424.32,2644900
2026-03-04,SNPS,430.98,2482300
2026-03-05,SNPS,442.3,2515900
2026-03-06,SNPS,437.41,2165300
2026-03-09,SNPS,437.22,2603491
2026-03-10,SNPS,432.65,1747823
2026-03-11,SNPS,432.98,1611300
2026-03-12,SNPS,418.72,1492900
2026-03-13,SNPS,412.63,1487700
2026-03-16,SNPS,425.88,1262000
2026-03-17,SNPS,429.29,1068500
2026-03-18,SNPS,428.67,1498700
2026-03-19,SNPS,428.25,1475100
2026-03-20,SNPS,420.32,4137000
2026-03-23,SNPS,432.48,2511900
2026-03-24,SNPS,415.62,1932200
2026-03-25,SNPS,410.13,2702300
2026-03-26,SNPS,401.95,1380100
2026-03-27,SNPS,380.47,2400900
2026-03-30,SNPS,383.14,2006700
2026-03-31,SNPS,396.48,1684000
2026-04-01,SNPS,396.74,1163600
2026-04-02,SNPS,395.95,1077100
2026-04-06,SNPS,397.07,1142400
2026-04-07,SNPS,397.9,920600
2026-04-08,SNPS,410.16,1617600
2026-04-09,SNPS,404.92,1728800
2026-04-10,SNPS,392.24,1602300
2026-04-13,SNPS,417.77,2525900
2026-04-14,SNPS,418.8,1255700
2026-04-15,SNPS,438.45,2038100
2026-04-16,SNPS,441.15,1382000
2026-04-17,SNPS,449.58,1718200
2026-04-20,SNPS,460.95,2122500
2026-04-21,SNPS,467.58,1833000
2026-04-22,SNPS,477.26,1460700
2026-04-23,SNPS,456.85,1864100
2026-04-24,SNPS,500.82,2891300
2026-04-27,SNPS,498.54,2227500
2026-04-28,SNPS,483.89,1548300
2026-04-29,SNPS,481.22,1159500
2026-04-30,SNPS,482.6,1341700
2026-05-01,SNPS,489.02,845900
2026-05-04,SNPS,497.5,1642500
2026-05-05,SNPS,502.51,1883300
2026-05-06,SNPS,504.42,1866900
2026-05-07,SNPS,505.19,1597100
2026-05-08,SNPS,516.48,1733200
2026-05-11,SNPS,516.19,1309800
2026-05-12,SNPS,513.21,1098542
2026-02-02,SNSR,37.996,8900
2026-02-03,SNSR,37.238,51600
2026-02-04,SNSR,37.9,46300
2026-02-05,SNSR,37.804,10500
2026-02-06,SNSR,38.849,13800
2026-02-09,SNSR,39.46,18200
2026-02-10,SNSR,39.656,102000
2026-02-11,SNSR,40.21,4800
2026-02-12,SNSR,39.2,10300
2026-02-13,SNSR,39.802,9300
2026-02-17,SNSR,39.73,14700
2026-02-18,SNSR,40.192,17000
2026-02-19,SNSR,39.8,45700
2026-02-20,SNSR,40.304,10500
2026-02-23,SNSR,39.659,7800
2026-02-24,SNSR,40.535,10900
2026-02-25,SNSR,40.921,5800
2026-02-26,SNSR,40.915,24800
2026-02-27,SNSR,40.614,11700
2026-03-02,SNSR,40.53,22300
2026-03-03,SNSR,38.91,14900
2026-03-04,SNSR,39.239,19400
2026-03-05,SNSR,38.656,18500
2026-03-06,SNSR,38.163,54600
2026-03-09,SNSR,38.4981,5243
2026-03-10,SNSR,38.47,11201
2026-03-11,SNSR,38.432,6600
2026-03-12,SNSR,37.652,8800
2026-03-13,SNSR,37.465,5700
2026-03-16,SNSR,38.165,54400
2026-03-17,SNSR,38.46,88400
2026-03-18,SNSR,37.95,12000
2026-03-19,SNSR,38.085,12700
2026-03-20,SNSR,37.09,11900
2026-03-23,SNSR,37.859,10500
2026-03-24,SNSR,37.85,12900
2026-03-25,SNSR,38.511,4000
2026-03-26,SNSR,37.568,3900
2026-03-27,SNSR,36.463,5400
2026-03-30,SNSR,35.638,7400
2026-03-31,SNSR,37.271,8400
2026-04-01,SNSR,37.615,11800
2026-04-02,SNSR,37.595,4900
2026-04-06,SNSR,38.015,9200
2026-04-07,SNSR,37.845,10900
2026-04-08,SNSR,39.594,14800
2026-04-09,SNSR,39.85,9200
2026-04-10,SNSR,39.858,9700
2026-04-13,SNSR,40.5,7500
2026-04-14,SNSR,41.16,7800
2026-04-15,SNSR,41.215,21600
2026-04-16,SNSR,41.784,13900
2026-04-17,SNSR,43.025,15800
2026-04-20,SNSR,43.28,6400
2026-04-21,SNSR,43.18,11900
2026-04-22,SNSR,43.559,10300
2026-04-23,SNSR,43.63,6500
2026-04-24,SNSR,44.53,42000
2026-04-27,SNSR,44.01,10000
2026-04-28,SNSR,42.7,15900
2026-04-29,SNSR,43.135,4000
2026-04-30,SNSR,44.586,27800
2026-05-01,SNSR,44.795,42700
2026-05-04,SNSR,44.775,16400
2026-05-05,SNSR,45.895,8400
2026-05-06,SNSR,46.57,25800
2026-05-07,SNSR,46.24,97400
2026-05-08,SNSR,47.58,21300
2026-05-11,SNSR,48.0,40900
2026-05-12,SNSR,46.76,9817
2026-02-02,SOFI,22.08,64063800
2026-02-03,SOFI,21.76,92380200
2026-02-04,SOFI,20.75,85930900
2026-02-05,SOFI,19.46,87454700
2026-02-06,SOFI,20.86,67020900
2026-02-09,SOFI,21.35,64079400
2026-02-10,SOFI,21.18,55796600
2026-02-11,SOFI,20.55,52565000
2026-02-12,SOFI,19.3,63515100
2026-02-13,SOFI,19.61,43139300
2026-02-17,SOFI,19.51,49681800
2026-02-18,SOFI,19.54,59588800
2026-02-19,SOFI,19.3,53391100
2026-02-20,SOFI,19.02,68549800
2026-02-23,SOFI,18.22,82932900
2026-02-24,SOFI,18.66,62839300
2026-02-25,SOFI,19.29,67462500
2026-02-26,SOFI,19.1,69888000
2026-02-27,SOFI,17.76,115602700
2026-03-02,SOFI,18.39,74612700
2026-03-03,SOFI,18.61,71879300
2026-03-04,SOFI,18.7,62745900
2026-03-05,SOFI,19.25,68834400
2026-03-06,SOFI,18.9,76383800
2026-03-09,SOFI,18.79,75562766
2026-03-10,SOFI,18.29,62077129
2026-03-11,SOFI,18.53,59435000
2026-03-12,SOFI,17.7,63114900
2026-03-13,SOFI,17.76,56401700
2026-03-16,SOFI,17.63,66832200
2026-03-17,SOFI,17.37,160394800
2026-03-18,SOFI,17.18,80507500
2026-03-19,SOFI,17.08,72088500
2026-03-20,SOFI,16.9,78470700
2026-03-23,SOFI,17.15,71455700
2026-03-24,SOFI,16.7,55320700
2026-03-25,SOFI,16.56,45542800
2026-03-26,SOFI,15.87,59196200
2026-03-27,SOFI,15.23,54978600
2026-03-30,SOFI,15.15,61936600
2026-03-31,SOFI,15.88,51654300
2026-04-01,SOFI,15.63,57772600
2026-04-02,SOFI,15.85,53233600
2026-04-06,SOFI,16.27,42632700
2026-04-07,SOFI,16.11,41359100
2026-04-08,SOFI,16.49,64323300
2026-04-09,SOFI,16.27,43999800
2026-04-10,SOFI,16.22,31786000
2026-04-13,SOFI,17.05,50542200
2026-04-14,SOFI,17.91,57502600
2026-04-15,SOFI,18.79,71398000
2026-04-16,SOFI,19.03,72544300
2026-04-17,SOFI,19.43,73610400
2026-04-20,SOFI,19.5,52582100
2026-04-21,SOFI,18.83,65672700
2026-04-22,SOFI,19.06,45964800
2026-04-23,SOFI,18.32,51760700
2026-04-24,SOFI,18.44,41206300
2026-04-27,SOFI,18.76,47554300
2026-04-28,SOFI,18.36,67972700
2026-04-29,SOFI,15.525,200480800
2026-04-30,SOFI,16.1,94742400
2026-05-01,SOFI,16.43,79288500
2026-05-04,SOFI,16.2,66311900
2026-05-05,SOFI,16.02,53952900
2026-05-06,SOFI,16.3,55998000
2026-05-07,SOFI,16.0,58428800
2026-05-08,SOFI,15.75,55866400
2026-05-11,SOFI,16.26,70912400
2026-05-12,SOFI,15.9,62053658
2026-02-02,SOXQ,63.9747,983900
2026-02-03,SOXQ,62.6463,1567000
2026-02-04,SOXQ,59.9195,3529900
2026-02-05,SOXQ,59.8795,2634300
2026-02-06,SOXQ,63.2656,1755200
2026-02-09,SOXQ,64.1645,1347600
2026-02-10,SOXQ,63.7949,1842300
2026-02-11,SOXQ,65.1933,735400
2026-02-12,SOXQ,63.5852,1998200
2026-02-13,SOXQ,63.9647,902500
2026-02-17,SOXQ,63.9847,2114700
2026-02-18,SOXQ,64.564,398200
2026-02-19,SOXQ,64.2644,545100
2026-02-20,SOXQ,64.9436,585300
2026-02-23,SOXQ,64.614,616600
2026-02-24,SOXQ,65.5329,424100
2026-02-25,SOXQ,66.6016,532300
2026-02-26,SOXQ,64.4841,1424300
2026-02-27,SOXQ,63.6851,1489500
2026-03-02,SOXQ,64.0147,1348500
2026-03-03,SOXQ,61.1081,1339700
2026-03-04,SOXQ,62.2168,1621500
2026-03-05,SOXQ,61.5476,1099700
2026-03-06,SOXQ,59.1404,1796800
2026-03-09,SOXQ,61.4377,2059400
2026-03-10,SOXQ,61.8972,1669000
2026-03-11,SOXQ,62.2468,782700
2026-03-12,SOXQ,60.1492,1305600
2026-03-13,SOXQ,60.1592,902800
2026-03-16,SOXQ,61.3378,1065100
2026-03-17,SOXQ,61.6574,599500
2026-03-18,SOXQ,61.3478,570300
2026-03-19,SOXQ,61.8472,768500
2026-03-20,SOXQ,60.339,1909700
2026-03-23,SOXQ,61.15,1073100
2026-03-24,SOXQ,61.98,493000
2026-03-25,SOXQ,62.72,1864800
2026-03-26,SOXQ,59.71,1155900
2026-03-27,SOXQ,58.71,480800
2026-03-30,SOXQ,56.22,829600
2026-03-31,SOXQ,59.7,1070800
2026-04-01,SOXQ,61.42,920800
2026-04-02,SOXQ,61.65,566900
2026-04-06,SOXQ,62.3,417900
2026-04-07,SOXQ,63.01,482500
2026-04-08,SOXQ,67.02,1583200
2026-04-09,SOXQ,68.41,663200
2026-04-10,SOXQ,69.99,857600
2026-04-13,SOXQ,71.14,742200
2026-04-14,SOXQ,72.6,750100
2026-04-15,SOXQ,72.69,679200
2026-04-16,SOXQ,73.42,1010600
2026-04-17,SOXQ,75.21,1559500
2026-04-20,SOXQ,75.54,783300
2026-04-21,SOXQ,75.93,1623000
2026-04-22,SOXQ,77.98,1265000
2026-04-23,SOXQ,79.34,1806700
2026-04-24,SOXQ,82.73,2560000
2026-04-27,SOXQ,81.92,2166400
2026-04-28,SOXQ,78.98,3233500
2026-04-29,SOXQ,80.83,1463400
2026-04-30,SOXQ,82.65,1616300
2026-05-01,SOXQ,83.35,1334200
2026-05-04,SOXQ,82.94,1526000
2026-05-05,SOXQ,86.41,1076500
2026-05-06,SOXQ,90.33,2362400
2026-05-07,SOXQ,87.89,2260200
2026-05-08,SOXQ,92.68,1286800
2026-05-11,SOXQ,95.07,2802400
2026-05-12,SOXQ,92.24,3916271
2026-02-02,SOXX,352.4729,7758000
2026-02-03,SOXX,345.4272,8371200
2026-02-04,SOXX,330.1766,15231400
2026-02-05,SOXX,330.6263,10406500
2026-02-06,SOXX,348.2954,9096100
2026-02-09,SOXX,352.5528,7091400
2026-02-10,SOXX,351.2136,6252400
2026-02-11,SOXX,359.9782,7497000
2026-02-12,SOXX,351.2836,9488000
2026-02-13,SOXX,354.4416,5963000
2026-02-17,SOXX,353.882,4068900
2026-02-18,SOXX,357.6996,5681200
2026-02-19,SOXX,355.6209,5576400
2026-02-20,SOXX,359.2087,6013600
2026-02-23,SOXX,356.6003,6339800
2026-02-24,SOXX,361.8171,6206000
2026-02-25,SOXX,367.7734,4539900
2026-02-26,SOXX,356.5803,13329100
2026-02-27,SOXX,352.0731,6250200
2026-03-02,SOXX,351.8332,7284000
2026-03-03,SOXX,334.5739,17946100
2026-03-04,SOXX,341.3297,10649900
2026-03-05,SOXX,337.552,7239300
2026-03-06,SOXX,323.3108,8733700
2026-03-09,SOXX,336.1629,9824600
2026-03-10,SOXX,338.6014,7471000
2026-03-11,SOXX,341.8794,6215100
2026-03-12,SOXX,329.9867,8008100
2026-03-13,SOXX,331.116,6450800
2026-03-16,SOXX,337.622,8018200
2026-03-17,SOXX,340.25,4472100
2026-03-18,SOXX,338.29,6363900
2026-03-19,SOXX,340.2,8292100
2026-03-20,SOXX,332.51,9441300
2026-03-23,SOXX,336.59,8151000
2026-03-24,SOXX,341.02,5287500
2026-03-25,SOXX,345.25,5869000
2026-03-26,SOXX,328.85,10172400
2026-03-27,SOXX,323.48,6334800
2026-03-30,SOXX,309.79,13204800
2026-03-31,SOXX,328.66,14036500
2026-04-01,SOXX,338.54,10130800
2026-04-02,SOXX,339.61,6521000
2026-04-06,SOXX,344.1,3105000
2026-04-07,SOXX,347.76,4026000
2026-04-08,SOXX,370.4,9868700
2026-04-09,SOXX,378.63,6036700
2026-04-10,SOXX,386.6,5596900
2026-04-13,SOXX,393.34,4377400
2026-04-14,SOXX,401.24,5202600
2026-04-15,SOXX,401.86,5570200
2026-04-16,SOXX,405.95,4400500
2026-04-17,SOXX,415.71,5729100
2026-04-20,SOXX,417.55,3493500
2026-04-21,SOXX,420.7,3676800
2026-04-22,SOXX,431.77,6557600
2026-04-23,SOXX,441.0,10812400
2026-04-24,SOXX,461.6,9072000
2026-04-27,SOXX,455.41,8924600
2026-04-28,SOXX,438.71,11014900
2026-04-29,SOXX,449.99,5972800
2026-04-30,SOXX,461.44,5170200
2026-05-01,SOXX,465.75,4155900
2026-05-04,SOXX,462.06,5233100
2026-05-05,SOXX,482.73,7203000
2026-05-06,SOXX,506.87,9768600
2026-05-07,SOXX,492.36,9913700
2026-05-08,SOXX,520.3,7754500
2026-05-11,SOXX,532.76,7492600
2026-05-12,SOXX,515.99,14433945
2026-02-02,SRAD,18.24,2280600
2026-02-03,SRAD,18.12,3018500
2026-02-04,SRAD,17.68,3271700
2026-02-05,SRAD,17.05,4464800
2026-02-06,SRAD,16.99,2217400
2026-02-09,SRAD,17.26,1556700
2026-02-10,SRAD,17.39,1276100
2026-02-11,SRAD,17.05,2468500
2026-02-12,SRAD,16.35,4485600
2026-02-13,SRAD,16.47,2805000
2026-02-17,SRAD,16.84,2035600
2026-02-18,SRAD,17.19,1360000
2026-02-19,SRAD,17.46,1599700
2026-02-20,SRAD,17.76,2246200
2026-02-23,SRAD,17.17,1788700
2026-02-24,SRAD,17.75,1344100
2026-02-25,SRAD,17.79,1551100
2026-02-26,SRAD,18.41,2096000
2026-02-27,SRAD,18.26,2758200
2026-03-02,SRAD,19.58,3483600
2026-03-03,SRAD,17.67,5887800
2026-03-04,SRAD,19.23,3662800
2026-03-05,SRAD,19.25,3063300
2026-03-06,SRAD,18.55,1534600
2026-03-09,SRAD,18.84,1813495
2026-03-10,SRAD,18.23,1057039
2026-03-11,SRAD,18.04,1345000
2026-03-12,SRAD,19.12,4063300
2026-03-13,SRAD,18.66,2864600
2026-03-16,SRAD,18.18,1490500
2026-03-17,SRAD,18.11,1709200
2026-03-18,SRAD,18.36,3033600
2026-03-19,SRAD,19.69,3460600
2026-03-20,SRAD,19.61,4021500
2026-03-23,SRAD,19.53,2166016
2026-03-24,SRAD,19.3,1668470
2026-03-25,SRAD,18.51,1697500
2026-03-26,SRAD,18.0,2412800
2026-03-27,SRAD,17.15,2831200
2026-03-30,SRAD,16.77,2289700
2026-03-31,SRAD,16.74,1873600
2026-04-01,SRAD,16.63,1690100
2026-04-02,SRAD,16.95,1517600
2026-04-06,SRAD,16.99,1306600
2026-04-07,SRAD,16.57,1209500
2026-04-08,SRAD,16.63,1449400
2026-04-09,SRAD,15.24,2903100
2026-04-10,SRAD,15.47,3343700
2026-04-13,SRAD,16.14,2232400
2026-04-14,SRAD,16.58,2238900
2026-04-15,SRAD,17.24,1587900
2026-04-16,SRAD,18.02,4227600
2026-04-17,SRAD,17.42,3193100
2026-04-20,SRAD,17.41,3669000
2026-04-21,SRAD,16.84,1514200
2026-04-22,SRAD,13.04,27482100
2026-04-23,SRAD,12.9,11392100
2026-04-24,SRAD,13.29,8366300
2026-04-27,SRAD,13.93,6176900
2026-04-28,SRAD,12.35,11234500
2026-04-29,SRAD,12.62,5088200
2026-04-30,SRAD,13.05,5454000
2026-05-01,SRAD,13.26,5664900
2026-05-04,SRAD,13.02,3136200
2026-05-05,SRAD,13.43,4900600
2026-05-06,SRAD,13.36,2968000
2026-05-07,SRAD,13.64,2779600
2026-05-08,SRAD,13.04,2750000
2026-05-11,SRAD,12.8,2786700
2026-05-12,SRAD,12.66,4451216
2026-02-02,STLD,185.9744,1676400
2026-02-03,STLD,192.3547,1691500
2026-02-04,STLD,198.2664,1780900
2026-02-05,STLD,192.4245,1898900
2026-02-06,STLD,201.7656,1290600
2026-02-09,STLD,202.1244,1190800
2026-02-10,STLD,200.4995,918500
2026-02-11,STLD,205.1451,1232500
2026-02-12,STLD,198.8944,1481800
2026-02-13,STLD,191.0886,2643700
2026-02-17,STLD,191.3279,1119800
2026-02-18,STLD,192.1453,1137300
2026-02-19,STLD,189.992,990100
2026-02-20,STLD,192.7933,1318700
2026-02-23,STLD,195.4052,1221400
2026-02-24,STLD,190.2811,1142200
2026-02-25,STLD,190.9391,1219100
2026-02-26,STLD,191.926,804100
2026-02-27,STLD,192.5341,1320900
2026-03-02,STLD,200.8883,1412900
2026-03-03,STLD,196.8408,1057400
2026-03-04,STLD,193.3117,1001900
2026-03-05,STLD,189.3938,1228200
2026-03-06,STLD,181.0497,1239900
2026-03-09,STLD,181.7974,1285700
2026-03-10,STLD,181.6279,794200
2026-03-11,STLD,183.6915,612800
2026-03-12,STLD,174.5598,1234800
2026-03-13,STLD,170.0736,1317800
2026-03-16,STLD,173.7423,1028000
2026-03-17,STLD,172.0974,1342900
2026-03-18,STLD,168.2293,1249900
2026-03-19,STLD,167.043,1604500
2026-03-20,STLD,163.4442,2094100
2026-03-23,STLD,166.1259,1890200
2026-03-24,STLD,169.1764,1275300
2026-03-25,STLD,172.9348,1198900
2026-03-26,STLD,173.8819,1035200
2026-03-27,STLD,170.4425,980100
2026-03-30,STLD,171.25,919400
2026-03-31,STLD,180.0,1651300
2026-04-01,STLD,182.85,1036700
2026-04-02,STLD,180.2,937600
2026-04-06,STLD,176.53,686800
2026-04-07,STLD,177.19,1036000
2026-04-08,STLD,187.56,802400
2026-04-09,STLD,190.0,899000
2026-04-10,STLD,190.57,817600
2026-04-13,STLD,195.47,924400
2026-04-14,STLD,195.3,962500
2026-04-15,STLD,194.11,1126700
2026-04-16,STLD,195.75,783500
2026-04-17,STLD,200.32,1207100
2026-04-20,STLD,209.35,2212700
2026-04-21,STLD,220.21,2451300
2026-04-22,STLD,227.46,1756500
2026-04-23,STLD,225.05,1712400
2026-04-24,STLD,226.79,1181600
2026-04-27,STLD,225.04,892300
2026-04-28,STLD,226.96,1190100
2026-04-29,STLD,224.37,864500
2026-04-30,STLD,228.66,1098600
2026-05-01,STLD,229.27,941200
2026-05-04,STLD,229.82,796600
2026-05-05,STLD,237.46,1127600
2026-05-06,STLD,241.85,971900
2026-05-07,STLD,232.92,1142200
2026-05-08,STLD,235.1,895900
2026-05-11,STLD,235.97,755800
2026-05-12,STLD,232.8,783485
2026-02-02,STRL,367.95,291143
2026-02-03,STRL,386.78,315681
2026-02-04,STRL,360.16,548188
2026-02-05,STRL,365.07,446583
2026-02-06,STRL,401.29,631813
2026-02-09,STRL,418.61,642294
2026-02-10,STRL,415.19,456602
2026-02-11,STRL,433.91,633071
2026-02-12,STRL,431.43,876346
2026-02-13,STRL,437.77,525757
2026-02-17,STRL,421.2,472400
2026-02-18,STRL,410.63,523300
2026-02-19,STRL,415.13,558900
2026-02-20,STRL,435.5,664000
2026-02-23,STRL,434.64,524700
2026-02-24,STRL,459.72,552100
2026-02-25,STRL,455.25,917100
2026-02-26,STRL,433.34,909100
2026-02-27,STRL,428.13,642900
2026-03-02,STRL,432.87,558100
2026-03-03,STRL,415.51,486100
2026-03-04,STRL,420.22,458900
2026-03-05,STRL,398.87,549100
2026-03-06,STRL,395.11,751400
2026-03-09,STRL,411.38,619710
2026-03-10,STRL,411.53,490670
2026-03-11,STRL,420.6,392100
2026-03-12,STRL,404.59,464100
2026-03-13,STRL,398.12,357900
2026-03-16,STRL,417.76,300700
2026-03-17,STRL,425.51,429800
2026-03-18,STRL,421.23,386600
2026-03-19,STRL,431.78,414600
2026-03-20,STRL,401.61,783900
2026-03-23,STRL,422.55,376400
2026-03-24,STRL,446.16,319500
2026-03-25,STRL,452.92,443400
2026-03-26,STRL,415.93,313700
2026-03-27,STRL,420.24,305900
2026-03-30,STRL,382.55,748000
2026-03-31,STRL,407.27,740500
2026-04-01,STRL,421.29,428600
2026-04-02,STRL,416.34,350100
2026-04-06,STRL,393.71,457100
2026-04-07,STRL,382.22,801400
2026-04-08,STRL,423.35,549400
2026-04-09,STRL,435.65,504300
2026-04-10,STRL,446.36,338800
2026-04-13,STRL,459.02,388500
2026-04-14,STRL,464.54,552900
2026-04-15,STRL,456.08,417100
2026-04-16,STRL,441.1,405700
2026-04-17,STRL,463.65,594200
2026-04-20,STRL,472.9,255900
2026-04-21,STRL,472.84,343100
2026-04-22,STRL,487.87,430700
2026-04-23,STRL,495.67,446900
2026-04-24,STRL,497.18,370100
2026-04-27,STRL,505.45,336600
2026-04-28,STRL,471.85,429300
2026-04-29,STRL,469.75,285300
2026-04-30,STRL,515.62,508700
2026-05-01,STRL,532.67,449600
2026-05-04,STRL,529.49,738500
2026-05-05,STRL,806.0,2429100
2026-05-06,STRL,886.22,1348100
2026-05-07,STRL,811.41,1053200
2026-05-08,STRL,844.8,719500
2026-05-11,STRL,868.18,598900
2026-05-12,STRL,851.35,699069
2026-02-02,SVCO,4.47,163600
2026-02-03,SVCO,4.14,204600
2026-02-04,SVCO,3.91,308400
2026-02-05,SVCO,3.59,227900
2026-02-06,SVCO,3.89,122000
2026-02-09,SVCO,3.8,136200
2026-02-10,SVCO,3.73,83700
2026-02-11,SVCO,3.68,86100
2026-02-12,SVCO,3.68,154100
2026-02-13,SVCO,3.69,84500
2026-02-17,SVCO,3.53,55800
2026-02-18,SVCO,3.63,111600
2026-02-19,SVCO,3.61,80400
2026-02-20,SVCO,3.55,85000
2026-02-23,SVCO,3.33,122900
2026-02-24,SVCO,3.4,72200
2026-02-25,SVCO,3.43,60800
2026-02-26,SVCO,3.45,102900
2026-02-27,SVCO,3.36,82300
2026-03-02,SVCO,3.39,75700
2026-03-03,SVCO,3.32,88200
2026-03-04,SVCO,3.45,53000
2026-03-05,SVCO,3.38,62800
2026-03-06,SVCO,3.23,83700
2026-03-09,SVCO,3.29,136005
2026-03-10,SVCO,3.32,106683
2026-03-11,SVCO,3.33,49700
2026-03-12,SVCO,3.3,206700
2026-03-13,SVCO,5.03,12047300
2026-03-16,SVCO,5.05,1592900
2026-03-17,SVCO,4.97,419500
2026-03-18,SVCO,6.06,1489000
2026-03-19,SVCO,6.39,887900
2026-03-20,SVCO,6.34,789300
2026-03-23,SVCO,7.24,747100
2026-03-24,SVCO,6.92,624600
2026-03-25,SVCO,7.14,298700
2026-03-26,SVCO,7.26,425500
2026-03-27,SVCO,6.9,322100
2026-03-30,SVCO,7.1,338200
2026-03-31,SVCO,7.08,238900
2026-04-01,SVCO,7.18,324300
2026-04-02,SVCO,7.19,260000
2026-04-06,SVCO,7.2,340300
2026-04-07,SVCO,7.36,334500
2026-04-08,SVCO,7.35,318300
2026-04-09,SVCO,7.34,190800
2026-04-10,SVCO,7.24,188100
2026-04-13,SVCO,7.4,325100
2026-04-14,SVCO,7.88,503900
2026-04-15,SVCO,8.32,376700
2026-04-16,SVCO,8.44,298400
2026-04-17,SVCO,8.53,280800
2026-04-20,SVCO,8.8,263800
2026-04-21,SVCO,8.73,285100
2026-04-22,SVCO,8.83,150500
2026-04-23,SVCO,9.04,448700
2026-04-24,SVCO,9.93,410800
2026-04-27,SVCO,10.57,419200
2026-04-28,SVCO,10.0,464300
2026-04-29,SVCO,9.87,235200
2026-04-30,SVCO,10.21,309600
2026-05-01,SVCO,11.2,445400
2026-05-04,SVCO,11.59,523900
2026-05-05,SVCO,12.05,310600
2026-05-06,SVCO,12.46,495900
2026-05-07,SVCO,12.06,539600
2026-05-08,SVCO,11.49,533100
2026-05-11,SVCO,11.13,531500
2026-05-12,SVCO,10.66,424361
2026-02-02,SYK,367.1466,1875800
2026-02-03,SYK,359.8463,2041400
2026-02-04,SYK,359.6867,3862500
2026-02-05,SYK,361.442,3032300
2026-02-06,SYK,357.3231,2002100
2026-02-09,SYK,355.1191,2336500
2026-02-10,SYK,360.0857,2448300
2026-02-11,SYK,362.7185,1949300
2026-02-12,SYK,364.8627,2126800
2026-02-13,SYK,365.0622,2339800
2026-02-17,SYK,368.1837,2313500
2026-02-18,SYK,376.3018,2670000
2026-02-19,SYK,371.6544,1487500
2026-02-20,SYK,379.2039,1806700
2026-02-23,SYK,383.6918,1765800
2026-02-24,SYK,380.301,1325900
2026-02-25,SYK,382.9937,1013600
2026-02-26,SYK,385.0182,1060500
2026-02-27,SYK,386.4144,1790000
2026-03-02,SYK,385.9756,1868600
2026-03-03,SYK,383.5522,1406000
2026-03-04,SYK,380.8594,1661200
2026-03-05,SYK,369.5002,1974200
2026-03-06,SYK,363.5762,1569900
2026-03-09,SYK,364.9325,1842900
2026-03-10,SYK,357.6822,1428200
2026-03-11,SYK,344.8469,4077000
2026-03-12,SYK,336.3,3547900
2026-03-13,SYK,335.8612,2272500
2026-03-16,SYK,348.6167,2870900
2026-03-17,SYK,348.1679,2519400
2026-03-18,SYK,344.8768,2433700
2026-03-19,SYK,338.8431,2332400
2026-03-20,SYK,334.7642,2876200
2026-03-23,SYK,331.6925,2401800
2026-03-24,SYK,327.6235,2544600
2026-03-25,SYK,326.7658,1934300
2026-03-26,SYK,331.7822,2219600
2026-03-27,SYK,326.5564,1787100
2026-03-30,SYK,325.22,1944900
2026-03-31,SYK,328.59,2391400
2026-04-01,SYK,329.4,1657200
2026-04-02,SYK,331.54,1485700
2026-04-06,SYK,332.3,1332400
2026-04-07,SYK,332.07,1660100
2026-04-08,SYK,340.01,1731000
2026-04-09,SYK,339.14,1393500
2026-04-10,SYK,339.15,1733700
2026-04-13,SYK,347.24,2590400
2026-04-14,SYK,345.88,2304800
2026-04-15,SYK,341.24,2066000
2026-04-16,SYK,338.38,1609600
2026-04-17,SYK,343.32,2477900
2026-04-20,SYK,338.34,1158700
2026-04-21,SYK,327.3,1690500
2026-04-22,SYK,329.35,2328500
2026-04-23,SYK,329.65,1248400
2026-04-24,SYK,327.51,1675300
2026-04-27,SYK,329.01,2022700
2026-04-28,SYK,321.43,2017600
2026-04-29,SYK,315.13,2936500
2026-04-30,SYK,315.13,2754300
2026-05-01,SYK,294.73,4519500
2026-05-04,SYK,290.88,3089800
2026-05-05,SYK,295.25,3454500
2026-05-06,SYK,292.33,3033300
2026-05-07,SYK,294.23,2648700
2026-05-08,SYK,285.47,2136100
2026-05-11,SYK,282.58,2619800
2026-05-12,SYK,294.45,2689021
2026-02-02,SYM,54.13,2024200
2026-02-03,SYM,56.12,2097100
2026-02-04,SYM,53.48,4385100
2026-02-05,SYM,53.78,6123700
2026-02-06,SYM,59.74,3677500
2026-02-09,SYM,62.54,2505000
2026-02-10,SYM,62.71,2478300
2026-02-11,SYM,58.4,2120200
2026-02-12,SYM,54.71,2181500
2026-02-13,SYM,54.95,1239100
2026-02-17,SYM,55.32,1624400
2026-02-18,SYM,54.01,1538100
2026-02-19,SYM,55.075,1307700
2026-02-20,SYM,53.795,1572200
2026-02-23,SYM,54.35,1307500
2026-02-24,SYM,56.3,1178400
2026-02-25,SYM,56.14,1796600
2026-02-26,SYM,57.42,1164400
2026-02-27,SYM,54.78,1233800
2026-03-02,SYM,54.21,1165500
2026-03-03,SYM,52.67,994400
2026-03-04,SYM,54.04,793100
2026-03-05,SYM,53.2,1186800
2026-03-06,SYM,48.61,1878600
2026-03-09,SYM,50.24,1913075
2026-03-10,SYM,49.88,1393372
2026-03-11,SYM,51.01,895600
2026-03-12,SYM,50.58,1259000
2026-03-13,SYM,49.43,2192100
2026-03-16,SYM,50.97,959500
2026-03-17,SYM,52.51,854000
2026-03-18,SYM,50.06,1431100
2026-03-19,SYM,51.28,967700
2026-03-20,SYM,50.12,1950600
2026-03-23,SYM,52.6,1584300
2026-03-24,SYM,53.01,970900
2026-03-25,SYM,53.36,1472200
2026-03-26,SYM,50.8,1155200
2026-03-27,SYM,50.42,1040900
2026-03-30,SYM,47.41,1170500
2026-03-31,SYM,53.2,1698000
2026-04-01,SYM,54.82,1594000
2026-04-02,SYM,53.37,1156800
2026-04-06,SYM,53.3,603400
2026-04-07,SYM,51.58,1079200
2026-04-08,SYM,54.55,1479500
2026-04-09,SYM,53.59,912500
2026-04-10,SYM,53.83,591800
2026-04-13,SYM,54.61,812500
2026-04-14,SYM,56.56,861600
2026-04-15,SYM,58.74,2765500
2026-04-16,SYM,60.56,1656200
2026-04-17,SYM,63.17,2373400
2026-04-20,SYM,65.13,1522700
2026-04-21,SYM,62.96,1464600
2026-04-22,SYM,63.22,868900
2026-04-23,SYM,62.51,806500
2026-04-24,SYM,59.39,1554900
2026-04-27,SYM,59.52,1703700
2026-04-28,SYM,57.08,1745400
2026-04-29,SYM,57.35,1144300
2026-04-30,SYM,59.1,1029600
2026-05-01,SYM,58.89,1113100
2026-05-04,SYM,57.0,1373100
2026-05-05,SYM,58.08,1289400
2026-05-06,SYM,61.16,3373000
2026-05-07,SYM,56.43,2810600
2026-05-08,SYM,52.29,2923000
2026-05-11,SYM,51.71,1986500
2026-05-12,SYM,51.32,1275700
2026-02-02,TALK,4.12,1600500
2026-02-03,TALK,4.03,1699400
2026-02-04,TALK,3.89,1472600
2026-02-05,TALK,3.79,1438300
2026-02-06,TALK,3.88,673000
2026-02-09,TALK,3.86,619600
2026-02-10,TALK,3.9,560200
2026-02-11,TALK,3.95,650300
2026-02-12,TALK,3.78,1112500
2026-02-13,TALK,3.77,1207300
2026-02-17,TALK,3.83,896000
2026-02-18,TALK,3.93,1337400
2026-02-19,TALK,4.83,10016000
2026-02-20,TALK,4.99,3506200
2026-02-23,TALK,4.62,1881300
2026-02-24,TALK,4.51,1519200
2026-02-25,TALK,4.54,1349400
2026-02-26,TALK,4.8,1956000
2026-02-27,TALK,4.82,1296500
2026-03-02,TALK,4.93,1031600
2026-03-03,TALK,4.84,1832400
2026-03-04,TALK,4.93,1180200
2026-03-05,TALK,4.78,1129000
2026-03-06,TALK,4.76,1030900
2026-03-09,TALK,5.12,54574600
2026-03-10,TALK,5.19,9767000
2026-03-11,TALK,5.17,5920800
2026-03-12,TALK,5.15,7540600
2026-03-13,TALK,5.14,2343900
2026-03-16,TALK,5.14,8383300
2026-03-17,TALK,5.14,10800300
2026-03-18,TALK,5.13,6928100
2026-03-19,TALK,5.13,12756500
2026-03-20,TALK,5.14,6739700
2026-03-23,TALK,5.14,8557700
2026-03-24,TALK,5.13,10391600
2026-03-25,TALK,5.13,10458300
2026-03-26,TALK,5.15,7925700
2026-03-27,TALK,5.15,5895900
2026-03-30,TALK,5.18,5242200
2026-03-31,TALK,5.175,1368500
2026-04-01,TALK,5.16,1864900
2026-04-02,TALK,5.18,1670500
2026-04-06,TALK,5.2,3645800
2026-04-07,TALK,5.16,4357500
2026-04-08,TALK,5.16,2169700
2026-04-09,TALK,5.165,1408900
2026-04-10,TALK,5.17,1332000
2026-04-13,TALK,5.18,1116500
2026-04-14,TALK,5.17,1003000
2026-04-15,TALK,5.17,2179100
2026-04-16,TALK,5.17,1646000
2026-04-17,TALK,5.18,1493500
2026-04-20,TALK,5.18,1269600
2026-04-21,TALK,5.19,1237100
2026-04-22,TALK,5.19,591400
2026-04-23,TALK,5.17,1328800
2026-04-24,TALK,5.18,1460300
2026-04-27,TALK,5.18,844300
2026-04-28,TALK,5.19,689200
2026-04-29,TALK,5.19,2108300
2026-04-30,TALK,5.19,1422500
2026-05-01,TALK,5.19,805800
2026-05-04,TALK,5.2,1966700
2026-05-05,TALK,5.2,3033600
2026-05-06,TALK,5.19,1111700
2026-05-07,TALK,5.18,1590300
2026-05-08,TALK,5.19,1119300
2026-05-11,TALK,5.19,1902600
2026-05-12,TALK,5.18,1450856
2026-02-02,TDOC,5.37,6640849
2026-02-03,TDOC,5.11,11391440
2026-02-04,TDOC,4.91,10472240
2026-02-05,TDOC,4.73,10152160
2026-02-06,TDOC,5.01,8390794
2026-02-09,TDOC,4.98,5912787
2026-02-10,TDOC,4.85,4777945
2026-02-11,TDOC,4.68,7459943
2026-02-12,TDOC,4.47,7760692
2026-02-13,TDOC,4.65,6181565
2026-02-17,TDOC,4.56,4694123
2026-02-18,TDOC,4.66,4502016
2026-02-19,TDOC,4.88,4610235
2026-02-20,TDOC,4.74,5893726
2026-02-23,TDOC,4.56,4705727
2026-02-24,TDOC,4.54,3818251
2026-02-25,TDOC,4.65,6335180
2026-02-26,TDOC,5.35,21753650
2026-02-27,TDOC,5.26,11977910
2026-03-02,TDOC,5.16,7050561
2026-03-03,TDOC,5.1,5703260
2026-03-04,TDOC,5.13,4424934
2026-03-05,TDOC,5.12,3555019
2026-03-06,TDOC,5.08,3440704
2026-03-09,TDOC,5.3,5987254
2026-03-10,TDOC,5.57,15205240
2026-03-11,TDOC,5.47,5811321
2026-03-12,TDOC,5.36,4398064
2026-03-13,TDOC,5.37,4032729
2026-03-16,TDOC,5.39,3227888
2026-03-17,TDOC,5.61,5160797
2026-03-18,TDOC,5.42,3419334
2026-03-19,TDOC,5.52,3800850
2026-03-20,TDOC,5.35,6105569
2026-03-23,TDOC,5.48,4622133
2026-03-24,TDOC,5.42,3821861
2026-03-25,TDOC,5.57,4417970
2026-03-26,TDOC,5.52,3924204
2026-03-27,TDOC,5.14,4535453
2026-03-30,TDOC,5.14,3843500
2026-03-31,TDOC,5.45,7723200
2026-04-01,TDOC,5.28,4901200
2026-04-02,TDOC,5.27,3494700
2026-04-06,TDOC,5.32,2199100
2026-04-07,TDOC,5.32,3471400
2026-04-08,TDOC,5.27,4480400
2026-04-09,TDOC,5.25,5482200
2026-04-10,TDOC,5.1,3346200
2026-04-13,TDOC,5.22,4086600
2026-04-14,TDOC,5.24,3060100
2026-04-15,TDOC,5.54,5750300
2026-04-16,TDOC,5.82,4373500
2026-04-17,TDOC,5.69,4129500
2026-04-20,TDOC,6.1,5472400
2026-04-21,TDOC,6.0,6187200
2026-04-22,TDOC,5.92,5793700
2026-04-23,TDOC,5.7,4297600
2026-04-24,TDOC,5.75,4022700
2026-04-27,TDOC,5.85,2661700
2026-04-28,TDOC,6.0,4948600
2026-04-29,TDOC,5.95,5849100
2026-04-30,TDOC,6.06,9960800
2026-05-01,TDOC,6.46,9884500
2026-05-04,TDOC,6.63,6728400
2026-05-05,TDOC,6.66,6089000
2026-05-06,TDOC,6.8,4425800
2026-05-07,TDOC,6.96,7462400
2026-05-08,TDOC,7.25,6501300
2026-05-11,TDOC,6.92,4690500
2026-05-12,TDOC,6.77,3908735
2026-02-02,TDUP,5.0,1401433
2026-02-03,TDUP,5.0,2009429
2026-02-04,TDUP,4.78,2551993
2026-02-05,TDUP,4.51,1550683
2026-02-06,TDUP,4.92,2143195
2026-02-09,TDUP,5.23,2242430
2026-02-10,TDUP,4.95,2425638
2026-02-11,TDUP,4.62,2169705
2026-02-12,TDUP,4.5,1902855
2026-02-13,TDUP,4.7,1756350
2026-02-17,TDUP,4.61,1407963
2026-02-18,TDUP,4.69,2105879
2026-02-19,TDUP,4.82,1343347
2026-02-20,TDUP,4.64,2345057
2026-02-23,TDUP,4.49,2481343
2026-02-24,TDUP,4.64,1607577
2026-02-25,TDUP,4.91,1829865
2026-02-26,TDUP,5.07,2370004
2026-02-27,TDUP,4.88,2234496
2026-03-02,TDUP,5.01,6622863
2026-03-03,TDUP,3.84,8360924
2026-03-04,TDUP,4.0,3187844
2026-03-05,TDUP,3.74,2906551
2026-03-06,TDUP,3.65,2572948
2026-03-09,TDUP,3.73,3229861
2026-03-10,TDUP,3.73,2865409
2026-03-11,TDUP,3.86,2480379
2026-03-12,TDUP,3.56,3140160
2026-03-13,TDUP,3.42,1774747
2026-03-16,TDUP,3.51,2568444
2026-03-17,TDUP,3.52,1656574
2026-03-18,TDUP,3.39,1512531
2026-03-19,TDUP,3.35,1427951
2026-03-20,TDUP,3.26,5425560
2026-03-23,TDUP,3.47,2218508
2026-03-24,TDUP,3.46,1894952
2026-03-25,TDUP,3.38,1485316
2026-03-26,TDUP,3.4,1837086
2026-03-27,TDUP,3.18,1768041
2026-03-30,TDUP,3.11,3190200
2026-03-31,TDUP,3.28,2520800
2026-04-01,TDUP,3.39,2401000
2026-04-02,TDUP,3.36,2261600
2026-04-06,TDUP,3.66,4045800
2026-04-07,TDUP,3.5,3198700
2026-04-08,TDUP,3.74,4679800
2026-04-09,TDUP,3.8,1669300
2026-04-10,TDUP,3.76,1878900
2026-04-13,TDUP,3.94,2145900
2026-04-14,TDUP,4.03,3190300
2026-04-15,TDUP,4.24,2211800
2026-04-16,TDUP,4.33,1517000
2026-04-17,TDUP,4.46,4440400
2026-04-20,TDUP,4.28,1978100
2026-04-21,TDUP,4.25,1342900
2026-04-22,TDUP,4.38,1741400
2026-04-23,TDUP,4.19,1462500
2026-04-24,TDUP,4.21,1533100
2026-04-27,TDUP,4.21,1430700
2026-04-28,TDUP,4.19,1754300
2026-04-29,TDUP,4.32,1633400
2026-04-30,TDUP,4.29,2834200
2026-05-01,TDUP,4.48,2361100
2026-05-04,TDUP,4.37,3605500
2026-05-05,TDUP,5.01,7563600
2026-05-06,TDUP,5.04,6473500
2026-05-07,TDUP,4.92,2887000
2026-05-08,TDUP,4.82,3399500
2026-05-11,TDUP,4.55,3272600
2026-05-12,TDUP,4.29,2577925
2026-02-02,TECK,54.4632,8098500
2026-02-03,TECK,59.1349,7307200
2026-02-04,TECK,55.8009,5553600
2026-02-05,TECK,53.3851,5947400
2026-02-06,TECK,54.9124,4175700
2026-02-09,TECK,57.7474,3717000
2026-02-10,TECK,58.2365,2126400
2026-02-11,TECK,60.2729,3550500
2026-02-12,TECK,58.4661,3809400
2026-02-13,TECK,58.8055,2820200
2026-02-17,TECK,57.7773,3932800
2026-02-18,TECK,59.2547,3496300
2026-02-19,TECK,59.1848,3083400
2026-02-20,TECK,59.2946,2541800
2026-02-23,TECK,59.0151,2452000
2026-02-24,TECK,59.7039,2790700
2026-02-25,TECK,61.321,4063100
2026-02-26,TECK,60.8818,4542100
2026-02-27,TECK,58.7855,4359800
2026-03-02,TECK,57.0886,6955500
2026-03-03,TECK,55.3616,8235600
2026-03-04,TECK,55.4016,4406800
2026-03-05,TECK,53.3752,5313200
2026-03-06,TECK,50.4504,3688400
2026-03-09,TECK,50.8596,6989700
2026-03-10,TECK,52.3769,3377800
2026-03-11,TECK,53.1755,6112700
2026-03-12,TECK,51.778,4167700
2026-03-13,TECK,49.53,5276300
2026-03-16,TECK,50.1,3920100
2026-03-17,TECK,49.96,2807400
2026-03-18,TECK,48.89,4830000
2026-03-19,TECK,47.36,8005100
2026-03-20,TECK,45.36,9515800
2026-03-23,TECK,48.22,5336300
2026-03-24,TECK,48.56,4831200
2026-03-25,TECK,50.36,3180200
2026-03-26,TECK,48.57,4595500
2026-03-27,TECK,48.54,3544600
2026-03-30,TECK,48.32,2835000
2026-03-31,TECK,51.75,3580500
2026-04-01,TECK,53.18,3450600
2026-04-02,TECK,52.83,3235300
2026-04-06,TECK,52.86,1339200
2026-04-07,TECK,52.54,2295800
2026-04-08,TECK,55.69,4269000
2026-04-09,TECK,54.66,3014200
2026-04-10,TECK,56.51,2916800
2026-04-13,TECK,57.4,2089300
2026-04-14,TECK,58.89,4709600
2026-04-15,TECK,58.28,1856700
2026-04-16,TECK,57.86,1747100
2026-04-17,TECK,59.38,4243000
2026-04-20,TECK,59.13,1927800
2026-04-21,TECK,56.71,2785800
2026-04-22,TECK,59.26,3045200
2026-04-23,TECK,60.75,7268400
2026-04-24,TECK,60.17,3107200
2026-04-27,TECK,60.22,2067851
2026-04-28,TECK,57.81,3200556
2026-04-29,TECK,56.24,2093900
2026-04-30,TECK,58.43,3387800
2026-05-01,TECK,57.95,2341600
2026-05-04,TECK,56.77,1940600
2026-05-05,TECK,57.8,1943500
2026-05-06,TECK,62.01,4885500
2026-05-07,TECK,60.76,3948500
2026-05-08,TECK,64.87,3837800
2026-05-11,TECK,65.29,2846600
2026-05-12,TECK,65.97,3053967
2026-02-02,TER,249.4257,6576500
2026-02-03,TER,282.8617,11795000
2026-02-04,TER,268.9575,7187400
2026-02-05,TER,271.0167,3896600
2026-02-06,TER,299.9846,5021100
2026-02-09,TER,309.8804,5345100
2026-02-10,TER,304.7626,2930500
2026-02-11,TER,321.3156,3651400
2026-02-12,TER,310.9,5023400
2026-02-13,TER,314.66,2600600
2026-02-17,TER,305.53,2383300
2026-02-18,TER,314.82,2753700
2026-02-19,TER,315.9,1826700
2026-02-20,TER,324.85,2603500
2026-02-23,TER,318.5,2567600
2026-02-24,TER,329.09,2271300
2026-02-25,TER,342.82,3102700
2026-02-26,TER,332.7,4915300
2026-02-27,TER,320.03,4426300
2026-03-02,TER,325.83,2488700
2026-03-03,TER,304.22,3698500
2026-03-04,TER,305.2,3358900
2026-03-05,TER,305.58,3936100
2026-03-06,TER,273.05,5896900
2026-03-09,TER,296.44,6533700
2026-03-10,TER,300.77,2829500
2026-03-11,TER,301.99,2580500
2026-03-12,TER,286.61,2956400
2026-03-13,TER,286.42,2166100
2026-03-16,TER,298.27,2448400
2026-03-17,TER,299.4,2481800
2026-03-18,TER,300.07,2653400
2026-03-19,TER,302.4,2808100
2026-03-20,TER,290.83,4996200
2026-03-23,TER,303.92,4243500
2026-03-24,TER,320.14,3207700
2026-03-25,TER,323.36,3077100
2026-03-26,TER,297.34,3017600
2026-03-27,TER,295.61,2164200
2026-03-30,TER,276.35,3130100
2026-03-31,TER,296.46,3354000
2026-04-01,TER,312.2,2961800
2026-04-02,TER,309.61,2744900
2026-04-06,TER,315.43,1762900
2026-04-07,TER,320.48,1894800
2026-04-08,TER,358.29,5814100
2026-04-09,TER,364.21,4484300
2026-04-10,TER,367.99,3113400
2026-04-13,TER,370.13,2434700
2026-04-14,TER,365.51,2639900
2026-04-15,TER,364.96,2366600
2026-04-16,TER,365.92,1818600
2026-04-17,TER,380.38,2423200
2026-04-20,TER,375.21,1819396
2026-04-21,TER,379.93,1833897
2026-04-22,TER,385.18,2223200
2026-04-23,TER,400.99,2476200
2026-04-24,TER,418.08,3234600
2026-04-27,TER,402.0,4027200
2026-04-28,TER,380.13,4596200
2026-04-29,TER,306.33,13070500
2026-04-30,TER,343.47,7836300
2026-05-01,TER,345.42,2876800
2026-05-04,TER,337.44,3100000
2026-05-05,TER,357.1,3565700
2026-05-06,TER,382.48,3836200
2026-05-07,TER,354.11,5001500
2026-05-08,TER,359.77,3486000
2026-05-11,TER,366.64,4427900
2026-05-12,TER,358.45,3187124
2026-02-02,THNQ,64.659,16800
2026-02-03,THNQ,62.77,24900
2026-02-04,THNQ,61.365,23400
2026-02-05,THNQ,59.59,38800
2026-02-06,THNQ,62.07,20200
2026-02-09,THNQ,63.624,10200
2026-02-10,THNQ,64.03,8900
2026-02-11,THNQ,63.6,25800
2026-02-12,THNQ,62.59,12200
2026-02-13,THNQ,63.26,10300
2026-02-17,THNQ,63.2021,10186
2026-02-18,THNQ,63.865,7700
2026-02-19,THNQ,63.99,7900
2026-02-20,THNQ,63.6,10600
2026-02-23,THNQ,61.54,12046
2026-02-24,THNQ,62.97,8704
2026-02-25,THNQ,63.86,9200
2026-02-26,THNQ,64.03,14000
2026-02-27,THNQ,62.65,18200
2026-03-02,THNQ,62.77,13214
2026-03-03,THNQ,61.0,13210
2026-03-04,THNQ,61.73,8800
2026-03-05,THNQ,61.7,23900
2026-03-06,THNQ,60.24,24300
2026-03-09,THNQ,61.6,32802
2026-03-10,THNQ,61.4746,4570
2026-03-11,THNQ,61.98,8800
2026-03-12,THNQ,60.2,29000
2026-03-13,THNQ,60.0,17400
2026-03-16,THNQ,61.26,10649
2026-03-17,THNQ,61.77,8652
2026-03-18,THNQ,61.894,7200
2026-03-19,THNQ,61.99,18700
2026-03-20,THNQ,59.697,40900
2026-03-23,THNQ,61.283,12914
2026-03-24,THNQ,60.25,9641
2026-03-25,THNQ,60.876,18300
2026-03-26,THNQ,59.169,15300
2026-03-27,THNQ,57.02,13200
2026-03-30,THNQ,55.88,32127
2026-03-31,THNQ,59.0116,17493
2026-04-01,THNQ,59.576,17700
2026-04-02,THNQ,60.255,7100
2026-04-06,THNQ,60.075,5900
2026-04-07,THNQ,60.17,11300
2026-04-08,THNQ,62.048,20500
2026-04-09,THNQ,61.384,11600
2026-04-10,THNQ,61.434,19500
2026-04-13,THNQ,63.391,10900
2026-04-14,THNQ,65.597,13100
2026-04-15,THNQ,67.4,39000
2026-04-16,THNQ,68.43,23300
2026-04-17,THNQ,69.15,13900
2026-04-20,THNQ,69.69,17163
2026-04-21,THNQ,70.0645,11218
2026-04-22,THNQ,71.221,9600
2026-04-23,THNQ,69.718,16700
2026-04-24,THNQ,72.27,26200
2026-04-27,THNQ,71.41,12600
2026-04-28,THNQ,69.915,10900
2026-04-29,THNQ,69.69,12100
2026-04-30,THNQ,71.514,12600
2026-05-01,THNQ,73.55,40200
2026-05-04,THNQ,74.42,12660
2026-05-05,THNQ,76.05,34460
2026-05-06,THNQ,78.09,26200
2026-05-07,THNQ,78.44,25100
2026-05-08,THNQ,79.04,15700
2026-05-11,THNQ,80.34,52200
2026-05-12,THNQ,78.5887,23386
2026-02-02,TLRY,7.44,2660600
2026-02-03,TLRY,7.78,3816900
2026-02-04,TLRY,7.6,4050000
2026-02-05,TLRY,7.05,3802600
2026-02-06,TLRY,7.58,3111100
2026-02-09,TLRY,7.7,2416100
2026-02-10,TLRY,7.83,3231300
2026-02-11,TLRY,7.62,2491600
2026-02-12,TLRY,7.49,1833700
2026-02-13,TLRY,7.51,2947700
2026-02-17,TLRY,7.51,2415900
2026-02-18,TLRY,7.58,2979300
2026-02-19,TLRY,7.89,2308300
2026-02-20,TLRY,7.75,2559400
2026-02-23,TLRY,7.55,2936100
2026-02-24,TLRY,7.92,2246600
2026-02-25,TLRY,7.83,1743000
2026-02-26,TLRY,7.99,2187100
2026-02-27,TLRY,7.87,2508000
2026-03-02,TLRY,7.6,2796300
2026-03-03,TLRY,7.36,4078000
2026-03-04,TLRY,7.3,2431500
2026-03-05,TLRY,7.06,3527500
2026-03-06,TLRY,7.21,2713600
2026-03-09,TLRY,7.35,3306800
2026-03-10,TLRY,7.2,2566200
2026-03-11,TLRY,7.22,1992400
2026-03-12,TLRY,6.95,2437400
2026-03-13,TLRY,6.89,1868800
2026-03-16,TLRY,6.9,1646000
2026-03-17,TLRY,6.95,1711700
2026-03-18,TLRY,6.73,1777300
2026-03-19,TLRY,6.66,2377800
2026-03-20,TLRY,6.21,3513500
2026-03-23,TLRY,6.45,2591100
2026-03-24,TLRY,6.66,1626100
2026-03-25,TLRY,6.94,3145100
2026-03-26,TLRY,6.54,1927500
2026-03-27,TLRY,6.32,2053800
2026-03-30,TLRY,5.99,2770100
2026-03-31,TLRY,6.47,3795400
2026-04-01,TLRY,6.14,5629600
2026-04-02,TLRY,6.55,5709500
2026-04-06,TLRY,6.66,3635800
2026-04-07,TLRY,6.46,2318200
2026-04-08,TLRY,6.75,3160600
2026-04-09,TLRY,6.72,2374700
2026-04-10,TLRY,6.57,1829100
2026-04-13,TLRY,6.72,2857700
2026-04-14,TLRY,6.91,2615100
2026-04-15,TLRY,6.95,2913400
2026-04-16,TLRY,6.79,2719300
2026-04-17,TLRY,6.86,3541200
2026-04-20,TLRY,7.15,5215800
2026-04-21,TLRY,6.89,4284500
2026-04-22,TLRY,7.87,29406400
2026-04-23,TLRY,6.94,42828700
2026-04-24,TLRY,6.75,8567000
2026-04-27,TLRY,6.89,7132500
2026-04-28,TLRY,6.56,4552200
2026-04-29,TLRY,6.14,7322300
2026-04-30,TLRY,6.24,4493900
2026-05-01,TLRY,6.16,4114000
2026-05-04,TLRY,5.9,6326200
2026-05-05,TLRY,5.69,6266300
2026-05-06,TLRY,5.76,4411700
2026-05-07,TLRY,5.66,4027700
2026-05-08,TLRY,5.56,4392300
2026-05-11,TLRY,5.51,3616100
2026-05-12,TLRY,5.41,2765440
2026-02-02,TMC,6.625,8328868
2026-02-03,TMC,7.12,9049328
2026-02-04,TMC,6.53,11021139
2026-02-05,TMC,5.65,12268587
2026-02-06,TMC,6.41,8774081
2026-02-09,TMC,6.64,6286687
2026-02-10,TMC,6.4,4773037
2026-02-11,TMC,6.49,4976693
2026-02-12,TMC,6.18,4966522
2026-02-13,TMC,6.09,4742884
2026-02-17,TMC,5.83,5222938
2026-02-18,TMC,5.9,4333284
2026-02-19,TMC,6.04,3894702
2026-02-20,TMC,5.87,4169253
2026-02-23,TMC,6.07,4128293
2026-02-24,TMC,6.36,4101931
2026-02-25,TMC,6.39,2976010
2026-02-26,TMC,6.6,3890882
2026-02-27,TMC,6.27,4899067
2026-03-02,TMC,6.38,5061706
2026-03-03,TMC,6.12,4693882
2026-03-04,TMC,6.06,3016465
2026-03-05,TMC,5.96,3811793
2026-03-06,TMC,5.73,5543698
2026-03-09,TMC,6.27,6462110
2026-03-10,TMC,6.38,4541747
2026-03-11,TMC,6.42,3372788
2026-03-12,TMC,6.24,2250318
2026-03-13,TMC,5.97,3912471
2026-03-16,TMC,6.09,3453369
2026-03-17,TMC,6.07,2702625
2026-03-18,TMC,5.77,4478765
2026-03-19,TMC,5.51,5621738
2026-03-20,TMC,5.03,9843373
2026-03-23,TMC,5.06,6181012
2026-03-24,TMC,4.68,10901630
2026-03-25,TMC,4.59,15017065
2026-03-26,TMC,4.61,7759318
2026-03-27,TMC,4.27,10318222
2026-03-30,TMC,4.1,9251400
2026-03-31,TMC,4.67,8053000
2026-04-01,TMC,4.51,6033900
2026-04-02,TMC,4.59,4943400
2026-04-06,TMC,4.59,3411000
2026-04-07,TMC,4.41,4797100
2026-04-08,TMC,4.68,4964300
2026-04-09,TMC,4.42,4168300
2026-04-10,TMC,4.34,3562600
2026-04-13,TMC,4.62,4122800
2026-04-14,TMC,4.72,3425800
2026-04-15,TMC,5.12,6471400
2026-04-16,TMC,5.16,5229800
2026-04-17,TMC,5.32,6978800
2026-04-20,TMC,5.66,5604200
2026-04-21,TMC,5.34,5074200
2026-04-22,TMC,5.74,5877800
2026-04-23,TMC,5.24,5319900
2026-04-24,TMC,5.11,3303400
2026-04-27,TMC,5.2,3371200
2026-04-28,TMC,5.06,2687600
2026-04-29,TMC,4.92,2521200
2026-04-30,TMC,5.24,4149900
2026-05-01,TMC,5.4,7941700
2026-05-04,TMC,5.19,5357000
2026-05-05,TMC,5.24,4016500
2026-05-06,TMC,6.16,12978400
2026-05-07,TMC,5.7,7711700
2026-05-08,TMC,5.7,5162600
2026-05-11,TMC,5.91,8222500
2026-05-12,TMC,5.64,6679200
2026-02-02,TPR,129.3233,2784464
2026-02-03,TPR,126.6903,1925488
2026-02-04,TPR,129.5726,4477615
2026-02-05,TPR,142.8071,6513788
2026-02-06,TPR,151.6933,3250375
2026-02-09,TPR,154.2365,2904317
2026-02-10,TPR,152.7704,2978609
2026-02-11,TPR,154.2564,3341014
2026-02-12,TPR,152.2518,2400774
2026-02-13,TPR,153.3888,2937920
2026-02-17,TPR,153.4386,2065784
2026-02-18,TPR,154.5856,1610756
2026-02-19,TPR,151.8928,1327471
2026-02-20,TPR,156.67,2291048
2026-02-23,TPR,152.561,2423016
2026-02-24,TPR,154.0969,1669098
2026-02-25,TPR,156.5004,2294954
2026-02-26,TPR,160.0609,3027281
2026-02-27,TPR,155.0543,3056676
2026-03-02,TPR,156.0018,2258784
2026-03-03,TPR,154.0071,2023479
2026-03-04,TPR,156.4905,1981182
2026-03-05,TPR,149.2,2720697
2026-03-06,TPR,144.15,1772065
2026-03-09,TPR,145.5,2253535
2026-03-10,TPR,148.27,2276158
2026-03-11,TPR,145.42,2586964
2026-03-12,TPR,142.67,2096727
2026-03-13,TPR,142.1,1505050
2026-03-16,TPR,141.78,1527727
2026-03-17,TPR,143.16,1162667
2026-03-18,TPR,140.29,1562135
2026-03-19,TPR,142.8,1697419
2026-03-20,TPR,140.88,4943638
2026-03-23,TPR,144.42,1844704
2026-03-24,TPR,144.02,1669952
2026-03-25,TPR,146.18,1469139
2026-03-26,TPR,141.41,1866896
2026-03-27,TPR,138.84,1601999
2026-03-30,TPR,136.92,1572165
2026-03-31,TPR,141.11,1782912
2026-04-01,TPR,144.35,1696552
2026-04-02,TPR,141.2,1183909
2026-04-06,TPR,143.7,1568362
2026-04-07,TPR,140.2,1708587
2026-04-08,TPR,150.57,1945191
2026-04-09,TPR,152.62,1372718
2026-04-10,TPR,150.3,1338556
2026-04-13,TPR,149.97,1490750
2026-04-14,TPR,150.87,1451388
2026-04-15,TPR,151.37,1336278
2026-04-16,TPR,150.69,1438036
2026-04-17,TPR,155.85,2368125
2026-04-20,TPR,153.61,1663705
2026-04-21,TPR,150.5,2547323
2026-04-22,TPR,146.17,2054797
2026-04-23,TPR,146.45,1358491
2026-04-24,TPR,145.89,1186968
2026-04-27,TPR,146.47,1524419
2026-04-28,TPR,143.84,1700105
2026-04-29,TPR,141.6,1679811
2026-04-30,TPR,145.04,1451501
2026-05-01,TPR,142.74,1440603
2026-05-04,TPR,139.74,1445146
2026-05-05,TPR,141.39,2134387
2026-05-06,TPR,148.83,3397806
2026-05-07,TPR,130.52,6457815
2026-05-08,TPR,133.48,4316208
2026-05-11,TPR,133.34,3184992
2026-05-12,TPR,131.73,2702423
2026-02-02,TRMB,67.88,2325727
2026-02-03,TRMB,64.62,2614768
2026-02-04,TRMB,65.04,4084279
2026-02-05,TRMB,63.98,2034141
2026-02-06,TRMB,66.15,1991100
2026-02-09,TRMB,66.93,2177916
2026-02-10,TRMB,68.88,4569547
2026-02-11,TRMB,65.13,3532338
2026-02-12,TRMB,66.01,3542339
2026-02-13,TRMB,66.4,2889738
2026-02-17,TRMB,65.63,2879700
2026-02-18,TRMB,66.91,1766600
2026-02-19,TRMB,67.39,1498900
2026-02-20,TRMB,67.62,1472700
2026-02-23,TRMB,65.42,1830600
2026-02-24,TRMB,66.74,1469500
2026-02-25,TRMB,67.14,1276800
2026-02-26,TRMB,68.23,1657600
2026-02-27,TRMB,66.87,2278000
2026-03-02,TRMB,68.41,2354300
2026-03-03,TRMB,69.16,2370000
2026-03-04,TRMB,69.92,1579300
2026-03-05,TRMB,70.46,1946300
2026-03-06,TRMB,70.08,2014600
2026-03-09,TRMB,70.45,1800688
2026-03-10,TRMB,68.99,1431566
2026-03-11,TRMB,67.6,1540100
2026-03-12,TRMB,66.16,2170100
2026-03-13,TRMB,66.47,1412300
2026-03-16,TRMB,66.6,1377300
2026-03-17,TRMB,67.09,1130100
2026-03-18,TRMB,65.53,2391400
2026-03-19,TRMB,66.68,2178900
2026-03-20,TRMB,65.71,3673400
2026-03-23,TRMB,66.83,2078100
2026-03-24,TRMB,65.38,2191400
2026-03-25,TRMB,65.87,1417300
2026-03-26,TRMB,65.45,1420400
2026-03-27,TRMB,62.97,1671300
2026-03-30,TRMB,62.54,2366100
2026-03-31,TRMB,65.23,1807800
2026-04-01,TRMB,65.08,1870500
2026-04-02,TRMB,65.12,1268400
2026-04-06,TRMB,65.07,1261000
2026-04-07,TRMB,64.21,2029800
2026-04-08,TRMB,66.74,1589500
2026-04-09,TRMB,65.42,1565700
2026-04-10,TRMB,64.77,1640000
2026-04-13,TRMB,66.89,1940300
2026-04-14,TRMB,66.51,1563200
2026-04-15,TRMB,66.79,1463800
2026-04-16,TRMB,67.67,1576900
2026-04-17,TRMB,69.29,1520000
2026-04-20,TRMB,69.5,1105600
2026-04-21,TRMB,68.97,1481900
2026-04-22,TRMB,69.09,1121500
2026-04-23,TRMB,67.04,1483800
2026-04-24,TRMB,67.35,1292200
2026-04-27,TRMB,67.17,1627700
2026-04-28,TRMB,66.64,1691600
2026-04-29,TRMB,66.28,1267000
2026-04-30,TRMB,67.32,1698600
2026-05-01,TRMB,68.42,2028200
2026-05-04,TRMB,68.52,1743600
2026-05-05,TRMB,68.37,1659300
2026-05-06,TRMB,63.42,4416900
2026-05-07,TRMB,61.85,3707000
2026-05-08,TRMB,60.8,3066500
2026-05-11,TRMB,58.04,2618400
2026-05-12,TRMB,56.51,2551223
2026-02-02,TRV,284.5937,1942200
2026-02-03,TRV,287.1843,1472800
2026-02-04,TRV,294.1489,2316700
2026-02-05,TRV,299.2204,1934500
2026-02-06,TRV,300.3962,1963100
2026-02-09,TRV,291.7576,1650900
2026-02-10,TRV,297.5266,2447800
2026-02-11,TRV,297.9451,1876400
2026-02-12,TRV,296.3509,2063600
2026-02-13,TRV,293.1426,1764500
2026-02-17,TRV,298.1444,1437400
2026-02-18,TRV,297.3772,1343300
2026-02-19,TRV,298.8119,1065400
2026-02-20,TRV,303.8237,1352900
2026-02-23,TRV,304.282,1771100
2026-02-24,TRV,304.3219,1146700
2026-02-25,TRV,303.6543,2026700
2026-02-26,TRV,305.1289,1018300
2026-02-27,TRV,307.5202,1868600
2026-03-02,TRV,309.5429,1216600
2026-03-03,TRV,309.8418,2249900
2026-03-04,TRV,310.8979,1315800
2026-03-05,TRV,305.5275,1306600
2026-03-06,TRV,305.1987,1268500
2026-03-09,TRV,302.09,1734900
2026-03-10,TRV,302.44,1517000
2026-03-11,TRV,299.4,1296400
2026-03-12,TRV,302.01,1432300
2026-03-13,TRV,302.49,1121500
2026-03-16,TRV,304.64,1256700
2026-03-17,TRV,306.33,1271300
2026-03-18,TRV,299.25,1269300
2026-03-19,TRV,296.84,1414700
2026-03-20,TRV,296.6,4429700
2026-03-23,TRV,295.52,1361000
2026-03-24,TRV,293.01,1250000
2026-03-25,TRV,290.59,1412300
2026-03-26,TRV,291.13,1158400
2026-03-27,TRV,285.27,807900
2026-03-30,TRV,291.82,1390300
2026-03-31,TRV,291.68,1281900
2026-04-01,TRV,290.53,1463900
2026-04-02,TRV,293.99,924100
2026-04-06,TRV,295.55,896500
2026-04-07,TRV,295.05,923200
2026-04-08,TRV,301.59,1232300
2026-04-09,TRV,303.23,1302200
2026-04-10,TRV,297.26,1408400
2026-04-13,TRV,301.31,913000
2026-04-14,TRV,299.59,1185900
2026-04-15,TRV,299.33,1538100
2026-04-16,TRV,298.84,1555800
2026-04-17,TRV,300.81,2374800
2026-04-20,TRV,300.78,1833500
2026-04-21,TRV,301.42,2234100
2026-04-22,TRV,301.68,1573700
2026-04-23,TRV,307.33,1188200
2026-04-24,TRV,302.73,1694400
2026-04-27,TRV,303.74,1422000
2026-04-28,TRV,310.02,1200300
2026-04-29,TRV,302.25,1826200
2026-04-30,TRV,305.14,1560200
2026-05-01,TRV,304.72,1093700
2026-05-04,TRV,301.53,1071400
2026-05-05,TRV,301.35,936000
2026-05-06,TRV,301.59,1120400
2026-05-07,TRV,298.94,1205900
2026-05-08,TRV,298.04,900800
2026-05-11,TRV,297.13,1174900
2026-05-12,TRV,298.26,889671
2026-02-02,TSLA,421.81,58739500
2026-02-03,TSLA,421.96,56886500
2026-02-04,TSLA,406.01,74606900
2026-02-05,TSLA,397.21,72819800
2026-02-06,TSLA,411.11,62677100
2026-02-09,TSLA,417.32,54484300
2026-02-10,TSLA,425.21,64450200
2026-02-11,TSLA,428.27,57362000
2026-02-12,TSLA,417.07,61933400
2026-02-13,TSLA,417.44,51434100
2026-02-17,TSLA,410.63,59678800
2026-02-18,TSLA,411.32,45921400
2026-02-19,TSLA,411.71,51019600
2026-02-20,TSLA,411.82,57912200
2026-02-23,TSLA,399.83,69680000
2026-02-24,TSLA,409.38,58579500
2026-02-25,TSLA,417.4,54809700
2026-02-26,TSLA,408.58,53602500
2026-02-27,TSLA,402.51,56890100
2026-03-02,TSLA,403.32,55088300
2026-03-03,TSLA,392.43,62617300
2026-03-04,TSLA,405.94,68305500
2026-03-05,TSLA,405.55,51925900
2026-03-06,TSLA,396.73,64054600
2026-03-09,TSLA,398.68,67018914
2026-03-10,TSLA,399.235,59258738
2026-03-11,TSLA,407.82,62559900
2026-03-12,TSLA,395.01,60973800
2026-03-13,TSLA,391.2,58504100
2026-03-16,TSLA,395.56,58068300
2026-03-17,TSLA,399.27,46890500
2026-03-18,TSLA,392.78,50853100
2026-03-19,TSLA,380.3,67078300
2026-03-20,TSLA,367.96,78628600
2026-03-23,TSLA,380.85,74606000
2026-03-24,TSLA,383.03,60004900
2026-03-25,TSLA,385.95,55157300
2026-03-26,TSLA,372.11,55522900
2026-03-27,TSLA,361.83,62065700
2026-03-30,TSLA,355.28,67954400
2026-03-31,TSLA,371.75,75534900
2026-04-01,TSLA,381.26,58683800
2026-04-02,TSLA,360.59,83031200
2026-04-06,TSLA,352.82,77697600
2026-04-07,TSLA,346.65,74515400
2026-04-08,TSLA,343.25,78838600
2026-04-09,TSLA,345.62,62164000
2026-04-10,TSLA,348.95,51336000
2026-04-13,TSLA,352.42,53617500
2026-04-14,TSLA,364.2,59979600
2026-04-15,TSLA,391.95,113810400
2026-04-16,TSLA,388.9,63515100
2026-04-17,TSLA,400.62,90640000
2026-04-20,TSLA,392.5,64603900
2026-04-21,TSLA,386.42,50530600
2026-04-22,TSLA,387.51,62362800
2026-04-23,TSLA,373.72,93969500
2026-04-24,TSLA,376.3,62893300
2026-04-27,TSLA,378.67,66735800
2026-04-28,TSLA,376.02,50864400
2026-04-29,TSLA,372.8,45384800
2026-04-30,TSLA,381.63,51076000
2026-05-01,TSLA,390.82,65338300
2026-05-04,TSLA,392.51,48765100
2026-05-05,TSLA,389.37,47780600
2026-05-06,TSLA,398.73,53465400
2026-05-07,TSLA,411.79,64294200
2026-05-08,TSLA,428.35,65050000
2026-05-11,TSLA,445.0,78376100
2026-05-12,TSLA,433.45,59446395
2026-02-02,TSMC,340.5929,12459100
2026-02-03,TSMC,334.9955,12540020
2026-02-04,TSMC,325.008,18175961
2026-02-05,TSMC,329.9868,14812040
2026-02-06,TSMC,348.0661,17025520
2026-02-09,TSMC,354.6113,14594920
2026-02-10,TSMC,361.0967,14622130
2026-02-11,TSMC,373.2494,18651340
2026-02-12,TSMC,367.2728,16835430
2026-02-13,TSMC,365.5367,10468150
2026-02-17,TSMC,363.3816,10063800
2026-02-18,TSMC,361.4459,7310453
2026-02-19,TSMC,359.5801,6346478
2026-02-20,TSMC,369.7073,9009239
2026-02-23,TSMC,369.2085,9550221
2026-02-24,TSMC,384.8831,13269460
2026-02-25,TSMC,386.8587,10948400
2026-02-26,TSMC,375.9632,14535750
2026-02-27,TSMC,373.7382,9186555
2026-03-02,TSMC,368.2805,12571600
2026-03-03,TSMC,352.3365,18580211
2026-03-04,TSMC,356.6368,12131050
2026-03-05,TSMC,353.0648,16249800
2026-03-06,TSMC,338.1285,13803040
2026-03-09,TSMC,347.9164,19182770
2026-03-10,TSMC,346.31,12985620
2026-03-11,TSMC,353.7632,10683280
2026-03-12,TSMC,335.9534,17549420
2026-03-13,TSMC,337.5498,17299920
2026-03-16,TSMC,339.274,11123500
2026-03-17,TSMC,345.98,11434600
2026-03-18,TSMC,339.57,12632600
2026-03-19,TSMC,338.79,15411600
2026-03-20,TSMC,329.24,17424200
2026-03-23,TSMC,338.45,15857200
2026-03-24,TSMC,343.25,9725000
2026-03-25,TSMC,347.75,12166900
2026-03-26,TSMC,326.11,14560200
2026-03-27,TSMC,326.74,14484500
2026-03-30,TSMC,316.5,15740000
2026-03-31,TSMC,337.95,18488000
2026-04-01,TSMC,341.49,15011600
2026-04-02,TSMC,339.04,8994600
2026-04-06,TSMC,341.76,5884800
2026-04-07,TSMC,345.32,6823500
2026-04-08,TSMC,365.9,16356900
2026-04-09,TSMC,365.49,9246000
2026-04-10,TSMC,370.6,13168200
2026-04-13,TSMC,369.57,9596300
2026-04-14,TSMC,379.89,12859500
2026-04-15,TSMC,375.1,14955500
2026-04-16,TSMC,363.35,26405800
2026-04-17,TSMC,370.5,18419400
2026-04-20,TSMC,366.24,11638300
2026-04-21,TSMC,368.08,9808200
2026-04-22,TSMC,387.44,16317200
2026-04-23,TSMC,382.66,12224900
2026-04-24,TSMC,402.46,21603600
2026-04-27,TSMC,404.98,16561200
2026-04-28,TSMC,392.34,14715800
2026-04-29,TSMC,393.83,10313000
2026-04-30,TSMC,396.06,12788100
2026-05-01,TSMC,397.67,9926400
2026-05-04,TSMC,401.61,9978500
2026-05-05,TSMC,394.41,14579000
2026-05-06,TSMC,419.5,17736400
2026-05-07,TSMC,414.15,13403200
2026-05-08,TSMC,411.68,18531200
2026-05-11,TSMC,404.54,14680000
2026-05-12,TSMC,397.28,17964190
2026-02-02,TT,424.0671,1547700
2026-02-03,TT,434.3124,1788000
2026-02-04,TT,440.1384,2787900
2026-02-05,TT,435.1005,1592000
2026-02-06,TT,453.6657,1527500
2026-02-09,TT,458.6836,1351100
2026-02-10,TT,460.2698,1148000
2026-02-11,TT,471.4029,1319100
2026-02-12,TT,459.342,1602700
2026-02-13,TT,464.1504,801700
2026-02-17,TT,469.288,1055200
2026-02-18,TT,458.3345,1293100
2026-02-19,TT,462.5742,976200
2026-02-20,TT,465.996,763200
2026-02-23,TT,458.8333,1139100
2026-02-24,TT,462.6141,1551600
2026-02-25,TT,458.9131,1178000
2026-02-26,TT,456.04,1430900
2026-02-27,TT,461.2075,1995700
2026-03-02,TT,465.0483,969000
2026-03-03,TT,444.7572,1339300
2026-03-04,TT,443.9791,846200
2026-03-05,TT,435.31,1434300
2026-03-06,TT,423.13,1400100
2026-03-09,TT,427.52,1639069
2026-03-10,TT,433.67,1727771
2026-03-11,TT,432.42,667500
2026-03-12,TT,421.82,1181200
2026-03-13,TT,422.4,1262100
2026-03-16,TT,421.5,1541000
2026-03-17,TT,425.36,1432600
2026-03-18,TT,426.7,991600
2026-03-19,TT,423.03,1275900
2026-03-20,TT,410.36,2334800
2026-03-23,TT,424.94,1090200
2026-03-24,TT,430.08,1364100
2026-03-25,TT,434.0,857800
2026-03-26,TT,407.13,1867200
2026-03-27,TT,410.23,1292500
2026-03-30,TT,403.93,1716600
2026-03-31,TT,416.74,1437000
2026-04-01,TT,428.14,1453800
2026-04-02,TT,427.07,1141800
2026-04-06,TT,430.89,909500
2026-04-07,TT,431.85,1085300
2026-04-08,TT,449.47,1087500
2026-04-09,TT,460.11,1160800
2026-04-10,TT,465.71,1258700
2026-04-13,TT,472.94,1167800
2026-04-14,TT,470.57,1342900
2026-04-15,TT,462.56,1510200
2026-04-16,TT,460.27,1303000
2026-04-17,TT,476.11,1416000
2026-04-20,TT,477.24,745200
2026-04-21,TT,479.12,1033600
2026-04-22,TT,477.19,1201600
2026-04-23,TT,485.53,1256600
2026-04-24,TT,486.42,938400
2026-04-27,TT,485.9,1401800
2026-04-28,TT,480.75,1373900
2026-04-29,TT,479.37,1595500
2026-04-30,TT,492.54,2213600
2026-05-01,TT,486.48,1081900
2026-05-04,TT,486.5,1287600
2026-05-05,TT,477.45,1576100
2026-05-06,TT,488.18,1828400
2026-05-07,TT,469.81,1568000
2026-05-08,TT,466.17,1177800
2026-05-11,TT,476.5,1525400
2026-05-12,TT,467.66,1399180
2026-02-02,TTEK,37.5695,2715000
2026-02-03,TTEK,38.9573,4067100
2026-02-04,TTEK,40.6545,6272300
2026-02-05,TTEK,40.6345,3955300
2026-02-06,TTEK,41.2236,3731800
2026-02-09,TTEK,42.0223,2956000
2026-02-10,TTEK,42.5415,2382200
2026-02-11,TTEK,40.355,5871900
2026-02-12,TTEK,35.66,8384500
2026-02-13,TTEK,36.7,3780900
2026-02-17,TTEK,35.53,4152100
2026-02-18,TTEK,36.96,2932700
2026-02-19,TTEK,37.16,2717000
2026-02-20,TTEK,36.32,2356200
2026-02-23,TTEK,33.54,4119000
2026-02-24,TTEK,32.88,4113700
2026-02-25,TTEK,33.42,2763500
2026-02-26,TTEK,35.52,4159100
2026-02-27,TTEK,35.84,3136000
2026-03-02,TTEK,36.02,2469100
2026-03-03,TTEK,36.45,2828900
2026-03-04,TTEK,36.16,1753100
2026-03-05,TTEK,35.14,2437900
2026-03-06,TTEK,34.87,1861300
2026-03-09,TTEK,35.14,1769703
2026-03-10,TTEK,33.56,2713621
2026-03-11,TTEK,33.78,2040600
2026-03-12,TTEK,33.18,1777600
2026-03-13,TTEK,32.18,2856100
2026-03-16,TTEK,31.42,3849700
2026-03-17,TTEK,31.77,1912800
2026-03-18,TTEK,30.78,3259000
2026-03-19,TTEK,30.91,2716100
2026-03-20,TTEK,30.4,5069000
2026-03-23,TTEK,31.22,4438388
2026-03-24,TTEK,31.66,3290638
2026-03-25,TTEK,31.61,1789400
2026-03-26,TTEK,30.41,3185500
2026-03-27,TTEK,29.78,3152500
2026-03-30,TTEK,29.76,2159500
2026-03-31,TTEK,30.12,2008700
2026-04-01,TTEK,30.73,2212200
2026-04-02,TTEK,31.07,1718100
2026-04-06,TTEK,31.19,1232200
2026-04-07,TTEK,30.91,1392400
2026-04-08,TTEK,30.94,2986600
2026-04-09,TTEK,30.85,3425900
2026-04-10,TTEK,30.19,2268200
2026-04-13,TTEK,31.04,2709800
2026-04-14,TTEK,31.39,2781900
2026-04-15,TTEK,31.66,3260200
2026-04-16,TTEK,31.63,3645300
2026-04-17,TTEK,31.61,1831700
2026-04-20,TTEK,31.73,2210700
2026-04-21,TTEK,31.69,1607800
2026-04-22,TTEK,31.47,2362500
2026-04-23,TTEK,31.33,2471700
2026-04-24,TTEK,31.24,2255400
2026-04-27,TTEK,31.55,5815300
2026-04-28,TTEK,31.38,3223900
2026-04-29,TTEK,31.87,3055700
2026-04-30,TTEK,32.32,5609900
2026-05-01,TTEK,31.67,3930600
2026-05-04,TTEK,31.67,3265200
2026-05-05,TTEK,31.65,2157400
2026-05-06,TTEK,31.02,3593100
2026-05-07,TTEK,30.69,2727700
2026-05-08,TTEK,30.29,2854700
2026-05-11,TTEK,29.59,2732500
2026-05-12,TTEK,28.71,3546300
2026-02-02,TTWO,221.81,4345765
2026-02-03,TTWO,212.17,5266502
2026-02-04,TTWO,200.76,5743251
2026-02-05,TTWO,193.24,3995378
2026-02-06,TTWO,195.59,3100298
2026-02-09,TTWO,205.03,4129007
2026-02-10,TTWO,210.71,4145203
2026-02-11,TTWO,203.89,4207338
2026-02-12,TTWO,190.36,5020814
2026-02-13,TTWO,193.67,2575441
2026-02-17,TTWO,193.87,2160800
2026-02-18,TTWO,199.13,1931000
2026-02-19,TTWO,201.37,2139600
2026-02-20,TTWO,199.72,1872600
2026-02-23,TTWO,195.59,1962800
2026-02-24,TTWO,204.19,1982500
2026-02-25,TTWO,207.31,2416600
2026-02-26,TTWO,213.29,2231300
2026-02-27,TTWO,211.48,2234800
2026-03-02,TTWO,213.88,1966800
2026-03-03,TTWO,217.05,2367200
2026-03-04,TTWO,215.77,2471000
2026-03-05,TTWO,212.53,2112200
2026-03-06,TTWO,211.5,1587400
2026-03-09,TTWO,214.63,1876667
2026-03-10,TTWO,209.08,1877769
2026-03-11,TTWO,211.09,1868800
2026-03-12,TTWO,209.2,1351900
2026-03-13,TTWO,208.58,1633800
2026-03-16,TTWO,207.69,2129900
2026-03-17,TTWO,206.72,1587400
2026-03-18,TTWO,204.22,1497500
2026-03-19,TTWO,201.75,1626000
2026-03-20,TTWO,200.63,3698600
2026-03-23,TTWO,200.84,1875900
2026-03-24,TTWO,191.37,2465200
2026-03-25,TTWO,193.05,1931200
2026-03-26,TTWO,194.72,1677400
2026-03-27,TTWO,189.69,1867400
2026-03-30,TTWO,193.08,2086700
2026-03-31,TTWO,197.5,2085100
2026-04-01,TTWO,198.2,1348600
2026-04-02,TTWO,199.87,1473500
2026-04-06,TTWO,196.69,1405700
2026-04-07,TTWO,198.33,1247500
2026-04-08,TTWO,202.13,1646600
2026-04-09,TTWO,198.05,1493800
2026-04-10,TTWO,197.07,1532900
2026-04-13,TTWO,201.36,2078800
2026-04-14,TTWO,205.1,1731000
2026-04-15,TTWO,214.15,1951700
2026-04-16,TTWO,213.93,1384000
2026-04-17,TTWO,212.04,1792400
2026-04-20,TTWO,216.85,1384300
2026-04-21,TTWO,217.65,1165800
2026-04-22,TTWO,218.19,1246500
2026-04-23,TTWO,209.9,1587900
2026-04-24,TTWO,210.75,1101500
2026-04-27,TTWO,213.77,1532900
2026-04-28,TTWO,213.01,929000
2026-04-29,TTWO,215.34,1028000
2026-04-30,TTWO,213.76,1430800
2026-05-01,TTWO,216.03,1042200
2026-05-04,TTWO,225.18,2046300
2026-05-05,TTWO,223.11,1310300
2026-05-06,TTWO,222.0,1850700
2026-05-07,TTWO,223.5,1901200
2026-05-08,TTWO,220.45,1756100
2026-05-11,TTWO,221.47,2061000
2026-05-12,TTWO,225.99,1784800
2026-02-02,TXT,87.5409,2326100
2026-02-03,TXT,88.6106,2252400
2026-02-04,TXT,90.7102,3184300
2026-02-05,TXT,92.8297,2664600
2026-02-06,TXT,95.4191,1863300
2026-02-09,TXT,95.4491,1605200
2026-02-10,TXT,95.8491,2028600
2026-02-11,TXT,97.2587,1418400
2026-02-12,TXT,98.7284,2873100
2026-02-13,TXT,98.0686,1727800
2026-02-17,TXT,99.6782,1658000
2026-02-18,TXT,100.2281,1997200
2026-02-19,TXT,99.0084,1672400
2026-02-20,TXT,100.748,1753700
2026-02-23,TXT,98.7784,1284600
2026-02-24,TXT,98.9684,1147800
2026-02-25,TXT,96.6189,1213700
2026-02-26,TXT,98.6085,1408300
2026-02-27,TXT,98.6284,1239700
2026-03-02,TXT,100.658,1671700
2026-03-03,TXT,98.5285,1654200
2026-03-04,TXT,99.2883,1033500
2026-03-05,TXT,96.3789,1491500
2026-03-06,TXT,94.9393,1137700
2026-03-09,TXT,94.1194,1369100
2026-03-10,TXT,92.4898,2160200
2026-03-11,TXT,93.2496,1413900
2026-03-12,TXT,91.52,1646400
2026-03-13,TXT,91.05,1184100
2026-03-16,TXT,91.86,1846600
2026-03-17,TXT,91.49,1247400
2026-03-18,TXT,89.1,1972200
2026-03-19,TXT,88.69,2299700
2026-03-20,TXT,88.77,4588700
2026-03-23,TXT,89.03,1661600
2026-03-24,TXT,90.58,1545600
2026-03-25,TXT,90.71,1200800
2026-03-26,TXT,88.89,1311700
2026-03-27,TXT,87.47,986500
2026-03-30,TXT,85.95,1163600
2026-03-31,TXT,87.56,1516600
2026-04-01,TXT,88.91,1216900
2026-04-02,TXT,88.05,783400
2026-04-06,TXT,88.54,710400
2026-04-07,TXT,87.68,943100
2026-04-08,TXT,91.37,1306700
2026-04-09,TXT,91.41,1062700
2026-04-10,TXT,91.39,840200
2026-04-13,TXT,93.11,1127300
2026-04-14,TXT,92.65,849400
2026-04-15,TXT,90.49,1238100
2026-04-16,TXT,90.27,894300
2026-04-17,TXT,91.61,982900
2026-04-20,TXT,91.5,599700
2026-04-21,TXT,90.79,1566700
2026-04-22,TXT,89.46,1462000
2026-04-23,TXT,90.37,1189600
2026-04-24,TXT,87.96,1218900
2026-04-27,TXT,88.48,1109900
2026-04-28,TXT,88.14,903800
2026-04-29,TXT,89.78,2613300
2026-04-30,TXT,95.96,3709200
2026-05-01,TXT,94.72,1855600
2026-05-04,TXT,90.94,1637900
2026-05-05,TXT,91.63,1298200
2026-05-06,TXT,93.09,1177800
2026-05-07,TXT,91.59,1192300
2026-05-08,TXT,91.01,1378900
2026-05-11,TXT,91.66,1388600
2026-05-12,TXT,90.82,922218
2026-02-02,TYL,362.88,667841
2026-02-03,TYL,332.05,1536288
2026-02-04,TYL,343.24,1308951
2026-02-05,TYL,340.86,1263308
2026-02-06,TYL,348.35,768228
2026-02-09,TYL,355.24,761243
2026-02-10,TYL,360.51,783938
2026-02-11,TYL,339.25,1280533
2026-02-12,TYL,287.04,2531055
2026-02-13,TYL,303.94,2141283
2026-02-17,TYL,312.48,1207550
2026-02-18,TYL,317.24,930146
2026-02-19,TYL,319.55,636204
2026-02-20,TYL,317.01,757538
2026-02-23,TYL,317.43,1080735
2026-02-24,TYL,323.78,737816
2026-02-25,TYL,335.11,741552
2026-02-26,TYL,353.11,1066642
2026-02-27,TYL,354.69,832039
2026-03-02,TYL,354.62,616738
2026-03-03,TYL,367.22,900546
2026-03-04,TYL,368.16,523199
2026-03-05,TYL,365.87,764639
2026-03-06,TYL,374.59,524544
2026-03-09,TYL,367.35,548271
2026-03-10,TYL,354.24,592641
2026-03-11,TYL,348.32,378965
2026-03-12,TYL,345.52,361414
2026-03-13,TYL,349.79,413629
2026-03-16,TYL,348.63,443885
2026-03-17,TYL,348.45,386444
2026-03-18,TYL,343.95,370262
2026-03-19,TYL,350.07,644400
2026-03-20,TYL,350.2,1013917
2026-03-23,TYL,349.09,392257
2026-03-24,TYL,338.27,426514
2026-03-25,TYL,331.47,415047
2026-03-26,TYL,341.07,362652
2026-03-27,TYL,334.03,418081
2026-03-30,TYL,341.15,347360
2026-03-31,TYL,342.38,437043
2026-04-01,TYL,333.49,422060
2026-04-02,TYL,338.03,527398
2026-04-06,TYL,337.2,360237
2026-04-07,TYL,333.7,319582
2026-04-08,TYL,327.88,484826
2026-04-09,TYL,323.68,636477
2026-04-10,TYL,317.3,563667
2026-04-13,TYL,320.85,789653
2026-04-14,TYL,322.31,581689
2026-04-15,TYL,337.61,428322
2026-04-16,TYL,339.84,368764
2026-04-17,TYL,342.61,318372
2026-04-20,TYL,345.93,229278
2026-04-21,TYL,341.46,336791
2026-04-22,TYL,346.38,372352
2026-04-23,TYL,335.74,441382
2026-04-24,TYL,342.03,381527
2026-04-27,TYL,337.58,521091
2026-04-28,TYL,340.46,576812
2026-04-29,TYL,356.01,697438
2026-04-30,TYL,341.14,935338
2026-05-01,TYL,335.5,507733
2026-05-04,TYL,327.25,568090
2026-05-05,TYL,327.82,411813
2026-05-06,TYL,320.65,404398
2026-05-07,TYL,331.08,440261
2026-05-08,TYL,324.58,312606
2026-05-11,TYL,312.27,742193
2026-05-12,TYL,309.65,3494411
2026-02-02,U,28.81,26635211
2026-02-03,U,25.87,38266129
2026-02-04,U,24.94,30359410
2026-02-05,U,23.21,29282400
2026-02-06,U,25.11,19834539
2026-02-09,U,27.53,20558760
2026-02-10,U,29.06,24120949
2026-02-11,U,21.41,104917398
2026-02-12,U,19.65,40823328
2026-02-13,U,18.68,28923150
2026-02-17,U,18.36,22081869
2026-02-18,U,18.55,16485619
2026-02-19,U,18.49,12978770
2026-02-20,U,18.25,16473381
2026-02-23,U,17.13,19151131
2026-02-24,U,18.29,19353500
2026-02-25,U,18.58,16396221
2026-02-26,U,19.58,16345500
2026-02-27,U,18.23,15295190
2026-03-02,U,18.87,22025051
2026-03-03,U,20.02,19704730
2026-03-04,U,20.38,14403160
2026-03-05,U,20.73,15590980
2026-03-06,U,19.85,12166890
2026-03-09,U,21.25,18012609
2026-03-10,U,20.67,16240200
2026-03-11,U,20.04,11725040
2026-03-12,U,19.43,10844670
2026-03-13,U,19.43,11705660
2026-03-16,U,19.76,12156270
2026-03-17,U,20.09,12260980
2026-03-18,U,19.71,8057071
2026-03-19,U,19.15,14409030
2026-03-20,U,18.39,14667960
2026-03-23,U,18.65,11691570
2026-03-24,U,18.14,8689261
2026-03-25,U,17.8,11127810
2026-03-26,U,17.13,13714930
2026-03-27,U,19.45,54029352
2026-03-30,U,20.54,32692300
2026-03-31,U,21.94,30921700
2026-04-01,U,21.96,17463500
2026-04-02,U,22.75,17399800
2026-04-06,U,21.99,10719300
2026-04-07,U,22.01,7864000
2026-04-08,U,22.24,12735900
2026-04-09,U,21.57,14405600
2026-04-10,U,21.62,8838000
2026-04-13,U,22.8,10813700
2026-04-14,U,23.35,9196300
2026-04-15,U,25.26,15911100
2026-04-16,U,25.93,12875100
2026-04-17,U,25.92,12690000
2026-04-20,U,26.53,8388000
2026-04-21,U,25.41,13198800
2026-04-22,U,25.82,6765700
2026-04-23,U,24.31,11907900
2026-04-24,U,26.01,9143100
2026-04-27,U,26.64,8544500
2026-04-28,U,26.54,10238200
2026-04-29,U,26.11,7043100
2026-04-30,U,26.42,7298100
2026-05-01,U,27.13,9201000
2026-05-04,U,27.72,10808100
2026-05-05,U,27.34,8313800
2026-05-06,U,27.28,14524800
2026-05-07,U,26.73,32802200
2026-05-08,U,28.16,17315100
2026-05-11,U,26.87,14314400
2026-05-12,U,26.84,8514300
2026-02-02,UFO,44.52,763400
2026-02-03,UFO,45.61,515500
2026-02-04,UFO,43.48,1136700
2026-02-05,UFO,42.11,535300
2026-02-06,UFO,43.97,388700
2026-02-09,UFO,45.53,521400
2026-02-10,UFO,44.54,475100
2026-02-11,UFO,43.52,492500
2026-02-12,UFO,42.64,1034000
2026-02-13,UFO,43.54,373900
2026-02-17,UFO,43.72,322800
2026-02-18,UFO,44.805,644400
2026-02-19,UFO,45.25,222100
2026-02-20,UFO,44.65,224300
2026-02-23,UFO,44.14,348300
2026-02-24,UFO,44.84,223400
2026-02-25,UFO,44.39,203300
2026-02-26,UFO,44.96,250600
2026-02-27,UFO,44.47,367700
2026-03-02,UFO,46.18,875100
2026-03-03,UFO,45.39,389400
2026-03-04,UFO,46.44,590800
2026-03-05,UFO,44.9,631700
2026-03-06,UFO,44.51,464400
2026-03-09,UFO,45.23,452761
2026-03-10,UFO,45.36,223054
2026-03-11,UFO,45.41,275800
2026-03-12,UFO,44.75,339600
2026-03-13,UFO,44.64,251800
2026-03-16,UFO,45.69,257800
2026-03-17,UFO,46.78,795900
2026-03-18,UFO,45.5,573300
2026-03-19,UFO,46.11,383500
2026-03-20,UFO,45.36,783100
2026-03-23,UFO,46.6,470100
2026-03-24,UFO,45.7,400200
2026-03-25,UFO,47.92,1137500
2026-03-26,UFO,45.81,788700
2026-03-27,UFO,44.16,528600
2026-03-30,UFO,42.5,719600
2026-03-31,UFO,44.81,470500
2026-04-01,UFO,46.26,637600
2026-04-02,UFO,49.17,959300
2026-04-06,UFO,49.43,954100
2026-04-07,UFO,49.41,617100
2026-04-08,UFO,50.98,846800
2026-04-09,UFO,50.165,609500
2026-04-10,UFO,50.67,809500
2026-04-13,UFO,51.49,902700
2026-04-14,UFO,51.67,883000
2026-04-15,UFO,52.2,1373100
2026-04-16,UFO,54.7,1445700
2026-04-17,UFO,54.69,1181800
2026-04-20,UFO,54.56,624700
2026-04-21,UFO,53.6,1103800
2026-04-22,UFO,54.31,952700
2026-04-23,UFO,52.9,1578500
2026-04-24,UFO,51.03,1106100
2026-04-27,UFO,50.64,1053800
2026-04-28,UFO,50.01,712300
2026-04-29,UFO,49.61,626100
2026-04-30,UFO,51.65,945700
2026-05-01,UFO,51.36,565800
2026-05-04,UFO,51.31,795100
2026-05-05,UFO,50.76,605000
2026-05-06,UFO,52.7,1602500
2026-05-07,UFO,51.04,634400
2026-05-08,UFO,54.5,1527300
2026-05-11,UFO,56.3,1936500
2026-05-12,UFO,55.59,979956
2026-02-02,ULTA,665.57,719100
2026-02-03,ULTA,673.39,418200
2026-02-04,ULTA,678.64,496000
2026-02-05,ULTA,677.91,552800
2026-02-06,ULTA,690.37,467900
2026-02-09,ULTA,696.25,560100
2026-02-10,ULTA,679.28,482000
2026-02-11,ULTA,683.05,360800
2026-02-12,ULTA,667.18,523700
2026-02-13,ULTA,683.4,380600
2026-02-17,ULTA,706.82,569800
2026-02-18,ULTA,689.42,621000
2026-02-19,ULTA,692.79,409900
2026-02-20,ULTA,682.89,422000
2026-02-23,ULTA,669.87,431000
2026-02-24,ULTA,686.44,428500
2026-02-25,ULTA,684.27,428400
2026-02-26,ULTA,695.63,415800
2026-02-27,ULTA,684.79,663000
2026-03-02,ULTA,677.0,394200
2026-03-03,ULTA,668.95,431000
2026-03-04,ULTA,661.34,465500
2026-03-05,ULTA,653.64,530700
2026-03-06,ULTA,646.34,409800
2026-03-09,ULTA,642.22,610316
2026-03-10,ULTA,647.23,620016
2026-03-11,ULTA,652.65,712700
2026-03-12,ULTA,624.7,1519800
2026-03-13,ULTA,535.72,2740600
2026-03-16,ULTA,516.74,2700200
2026-03-17,ULTA,523.07,1208700
2026-03-18,ULTA,520.65,968400
2026-03-19,ULTA,534.1,744700
2026-03-20,ULTA,529.97,948600
2026-03-23,ULTA,516.11,960600
2026-03-24,ULTA,515.22,976000
2026-03-25,ULTA,526.14,666400
2026-03-26,ULTA,521.64,655100
2026-03-27,ULTA,510.34,622200
2026-03-30,ULTA,510.09,701700
2026-03-31,ULTA,522.71,551100
2026-04-01,ULTA,536.61,699500
2026-04-02,ULTA,537.39,615700
2026-04-06,ULTA,542.65,398500
2026-04-07,ULTA,532.23,529500
2026-04-08,ULTA,532.82,762200
2026-04-09,ULTA,532.79,544300
2026-04-10,ULTA,520.38,708100
2026-04-13,ULTA,526.76,658800
2026-04-14,ULTA,533.09,686300
2026-04-15,ULTA,539.14,513800
2026-04-16,ULTA,539.44,717200
2026-04-17,ULTA,553.36,992300
2026-04-20,ULTA,572.24,710900
2026-04-21,ULTA,570.16,616600
2026-04-22,ULTA,563.91,576500
2026-04-23,ULTA,564.44,608000
2026-04-24,ULTA,558.55,389100
2026-04-27,ULTA,539.66,1046300
2026-04-28,ULTA,538.15,412600
2026-04-29,ULTA,530.23,810800
2026-04-30,ULTA,537.48,611400
2026-05-01,ULTA,531.95,478000
2026-05-04,ULTA,518.0,913400
2026-05-05,ULTA,532.53,679500
2026-05-06,ULTA,535.1,691600
2026-05-07,ULTA,526.53,534200
2026-05-08,ULTA,521.58,474300
2026-05-11,ULTA,511.98,586300
2026-05-12,ULTA,505.2,1049424
2026-02-02,URA,53.27,7607500
2026-02-03,URA,56.28,7165200
2026-02-04,URA,52.39,9087600
2026-02-05,URA,49.11,6526600
2026-02-06,URA,52.16,5906700
2026-02-09,URA,54.9,7144400
2026-02-10,URA,53.5,3805000
2026-02-11,URA,53.71,3242500
2026-02-12,URA,51.75,5248400
2026-02-13,URA,51.91,4035500
2026-02-17,URA,51.32,5207600
2026-02-18,URA,52.99,3093100
2026-02-19,URA,53.92,4572800
2026-02-20,URA,54.36,3340200
2026-02-23,URA,53.44,5950300
2026-02-24,URA,54.95,7859500
2026-02-25,URA,55.19,4281400
2026-02-26,URA,54.87,3703800
2026-02-27,URA,54.34,2398200
2026-03-02,URA,56.45,5646500
2026-03-03,URA,52.0,7467500
2026-03-04,URA,52.77,4194800
2026-03-05,URA,50.06,6025300
2026-03-06,URA,48.78,3862000
2026-03-09,URA,51.07,4359129
2026-03-10,URA,52.31,4419856
2026-03-11,URA,51.36,2796400
2026-03-12,URA,50.77,2712800
2026-03-13,URA,49.29,4582500
2026-03-16,URA,49.95,3393300
2026-03-17,URA,50.52,2299900
2026-03-18,URA,49.07,2963700
2026-03-19,URA,48.27,5075000
2026-03-20,URA,46.44,5130100
2026-03-23,URA,48.15,5262900
2026-03-24,URA,48.19,2331600
2026-03-25,URA,48.95,3502900
2026-03-26,URA,46.7,2465900
2026-03-27,URA,46.63,3240400
2026-03-30,URA,45.29,3172000
2026-03-31,URA,48.43,4734400
2026-04-01,URA,49.26,4066300
2026-04-02,URA,48.9,2833200
2026-04-06,URA,48.61,2208700
2026-04-07,URA,47.95,2171900
2026-04-08,URA,51.4,3685900
2026-04-09,URA,50.93,1695900
2026-04-10,URA,50.96,2040700
2026-04-13,URA,52.18,2693700
2026-04-14,URA,52.84,3001500
2026-04-15,URA,54.84,5080700
2026-04-16,URA,55.27,3913900
2026-04-17,URA,55.86,7875800
2026-04-20,URA,56.05,3979200
2026-04-21,URA,53.74,3641100
2026-04-22,URA,57.73,6090200
2026-04-23,URA,56.47,5694700
2026-04-24,URA,55.31,3112900
2026-04-27,URA,56.7,4047300
2026-04-28,URA,54.23,3027400
2026-04-29,URA,52.89,2320200
2026-04-30,URA,56.42,3614700
2026-05-01,URA,55.84,2872100
2026-05-04,URA,54.77,3218100
2026-05-05,URA,54.2,3090700
2026-05-06,URA,58.26,5834700
2026-05-07,URA,56.26,5426200
2026-05-08,URA,55.18,5210300
2026-05-11,URA,57.23,4701400
2026-05-12,URA,54.35,5984904
2026-02-02,URI,775.6273,1123500
2026-02-03,URI,789.3381,954100
2026-02-04,URI,844.4797,1538200
2026-02-05,URI,844.1213,972400
2026-02-06,URI,895.6784,962700
2026-02-09,URI,872.7475,663300
2026-02-10,URI,872.8073,430000
2026-02-11,URI,872.0289,750600
2026-02-12,URI,867.6679,630100
2026-02-13,URI,867.7777,587100
2026-02-17,URI,861.5006,597500
2026-02-18,URI,878.3658,414200
2026-02-19,URI,887.1476,448600
2026-02-20,URI,907.2362,491400
2026-02-23,URI,880.8806,543500
2026-02-24,URI,895.0314,450700
2026-02-25,URI,852.6988,724900
2026-02-26,URI,856.3213,437400
2026-02-27,URI,838.2686,908700
2026-03-02,URI,818.8886,772200
2026-03-03,URI,831.7521,751500
2026-03-04,URI,850.1241,514800
2026-03-05,URI,841.1926,533500
2026-03-06,URI,807.9313,720600
2026-03-09,URI,818.9884,1007200
2026-03-10,URI,774.191,1026500
2026-03-11,URI,778.9611,398600
2026-03-12,URI,732.3075,861400
2026-03-13,URI,735.7005,810300
2026-03-16,URI,741.5983,499400
2026-03-17,URI,743.4844,507400
2026-03-18,URI,723.805,431400
2026-03-19,URI,718.466,624100
2026-03-20,URI,709.0056,706300
2026-03-23,URI,730.5411,570700
2026-03-24,URI,745.3006,495300
2026-03-25,URI,746.0491,482100
2026-03-26,URI,740.6901,422500
2026-03-27,URI,732.7865,590000
2026-03-30,URI,712.3886,513500
2026-03-31,URI,727.0583,779400
2026-04-01,URI,730.0322,583900
2026-04-02,URI,730.581,493100
2026-04-06,URI,734.9819,269900
2026-04-07,URI,731.2297,336100
2026-04-08,URI,759.1221,677900
2026-04-09,URI,765.7783,460300
2026-04-10,URI,770.3389,357700
2026-04-13,URI,777.9232,423200
2026-04-14,URI,769.4208,449500
2026-04-15,URI,763.7126,525700
2026-04-16,URI,775.8874,486200
2026-04-17,URI,794.509,601500
2026-04-20,URI,810.5958,407000
2026-04-21,URI,804.5582,428600
2026-04-22,URI,801.1353,585200
2026-04-23,URI,984.7461,1635300
2026-04-24,URI,972.4016,1043600
2026-04-27,URI,957.8716,528900
2026-04-28,URI,960.7357,540600
2026-04-29,URI,950.1675,438500
2026-04-30,URI,957.8616,816500
2026-05-01,URI,947.2735,505700
2026-05-04,URI,923.303,453600
2026-05-05,URI,932.025,564400
2026-05-06,URI,962.512,684400
2026-05-07,URI,942.174,478500
2026-05-08,URI,935.0687,377200
2026-05-11,URI,936.2163,493300
2026-05-12,URI,953.79,732100
2026-02-02,URNM,71.7,1437900
2026-02-03,URNM,76.45,1371500
2026-02-04,URNM,70.06,1647600
2026-02-05,URNM,65.72,1332000
2026-02-06,URNM,68.6,1034200
2026-02-09,URNM,72.57,1040700
2026-02-10,URNM,70.88,530400
2026-02-11,URNM,72.1,811400
2026-02-12,URNM,69.31,786100
2026-02-13,URNM,68.96,681300
2026-02-17,URNM,68.22,787900
2026-02-18,URNM,71.29,1486700
2026-02-19,URNM,72.62,1093100
2026-02-20,URNM,73.49,721700
2026-02-23,URNM,72.06,514500
2026-02-24,URNM,74.27,825300
2026-02-25,URNM,73.49,909200
2026-02-26,URNM,72.31,724600
2026-02-27,URNM,71.94,478100
2026-03-02,URNM,75.56,1274500
2026-03-03,URNM,69.37,1527500
2026-03-04,URNM,70.97,626200
2026-03-05,URNM,66.5,1495300
2026-03-06,URNM,63.97,683300
2026-03-09,URNM,66.7,901680
2026-03-10,URNM,68.68,1000983
2026-03-11,URNM,67.5,444100
2026-03-12,URNM,67.11,433100
2026-03-13,URNM,63.82,768500
2026-03-16,URNM,64.18,457400
2026-03-17,URNM,65.05,620700
2026-03-18,URNM,62.55,752600
2026-03-19,URNM,60.9,985600
2026-03-20,URNM,58.13,887100
2026-03-23,URNM,60.15,813800
2026-03-24,URNM,61.01,543800
2026-03-25,URNM,62.68,510900
2026-03-26,URNM,59.24,518900
2026-03-27,URNM,59.78,473700
2026-03-30,URNM,58.44,653200
2026-03-31,URNM,63.15,802300
2026-04-01,URNM,63.87,840700
2026-04-02,URNM,63.41,445300
2026-04-06,URNM,62.92,379800
2026-04-07,URNM,61.69,472100
2026-04-08,URNM,64.74,1071100
2026-04-09,URNM,64.61,701100
2026-04-10,URNM,64.44,455800
2026-04-13,URNM,65.9,538300
2026-04-14,URNM,66.43,970500
2026-04-15,URNM,68.89,892900
2026-04-16,URNM,69.52,1084200
2026-04-17,URNM,69.43,885000
2026-04-20,URNM,70.41,598100
2026-04-21,URNM,67.09,1057400
2026-04-22,URNM,71.36,699100
2026-04-23,URNM,69.13,627800
2026-04-24,URNM,67.01,478800
2026-04-27,URNM,68.74,469400
2026-04-28,URNM,65.96,488200
2026-04-29,URNM,64.41,335800
2026-04-30,URNM,68.55,790500
2026-05-01,URNM,67.13,330200
2026-05-04,URNM,66.36,339800
2026-05-05,URNM,64.82,461300
2026-05-06,URNM,69.19,828800
2026-05-07,URNM,67.01,1039100
2026-05-08,URNM,64.99,664900
2026-05-11,URNM,68.19,864500
2026-05-12,URNM,65.5,1008735
2026-02-02,V,332.4638,8502400
2026-02-03,V,327.574,9081200
2026-02-04,V,328.5898,8472300
2026-02-05,V,327.7732,8339000
2026-02-06,V,330.2131,7798800
2026-02-09,V,324.2378,8513400
2026-02-10,V,327.4911,5801800
2026-02-11,V,328.5589,8264300
2026-02-12,V,323.5093,9392600
2026-02-13,V,313.4302,11653900
2026-02-17,V,318.839,8591700
2026-02-18,V,319.6374,7091900
2026-02-19,V,318.2702,5967600
2026-02-20,V,320.286,6831100
2026-02-23,V,305.8859,13048000
2026-02-24,V,306.5844,9120200
2026-02-25,V,312.3425,7624200
2026-02-26,V,316.0448,8725500
2026-02-27,V,319.4777,12412900
2026-03-02,V,319.8469,6674900
2026-03-03,V,320.1663,5474300
2026-03-04,V,319.807,5257900
2026-03-05,V,319.1384,8267200
2026-03-06,V,316.7034,6439700
2026-03-09,V,315.3163,8381500
2026-03-10,V,313.7795,5271300
2026-03-11,V,308.3208,6376700
2026-03-12,V,305.8659,7514900
2026-03-13,V,306.5046,4814100
2026-03-16,V,309.4684,6401200
2026-03-17,V,307.8219,6872200
2026-03-18,V,298.4014,7191700
2026-03-19,V,299.09,6826400
2026-03-20,V,300.996,14398100
2026-03-23,V,303.8102,7824500
2026-03-24,V,303.1316,5375900
2026-03-25,V,304.2792,6280900
2026-03-26,V,304.8979,7652700
2026-03-27,V,294.9086,9974400
2026-03-30,V,298.9203,9330300
2026-03-31,V,301.6147,10246900
2026-04-01,V,297.8924,7707600
2026-04-02,V,300.1777,4376000
2026-04-06,V,302.7025,5501000
2026-04-07,V,301.9241,4413900
2026-04-08,V,308.3208,6879300
2026-04-09,V,307.6522,4811500
2026-04-10,V,303.7303,5190000
2026-04-13,V,308.7499,6787200
2026-04-14,V,310.7258,5571000
2026-04-15,V,315.2564,4831400
2026-04-16,V,314.4481,5695800
2026-04-17,V,316.3642,8082300
2026-04-20,V,313.2905,5506800
2026-04-21,V,309.2988,6806900
2026-04-22,V,310.646,5666600
2026-04-23,V,308.241,7275000
2026-04-24,V,308.7799,5616900
2026-04-27,V,309.0094,6261500
2026-04-28,V,308.6601,8839900
2026-04-29,V,334.1672,16658600
2026-04-30,V,329.1576,11241100
2026-05-01,V,327.3514,6726100
2026-05-04,V,326.1738,6712400
2026-05-05,V,321.3638,5893200
2026-05-06,V,318.1405,7808400
2026-05-07,V,320.6153,7186100
2026-05-08,V,318.1305,5950200
2026-05-11,V,323.19,9586200
2026-05-12,V,326.42,6232400
2026-02-02,VCR,401.1344,41861
2026-02-03,VCR,398.33,40910
2026-02-04,VCR,396.7232,27024
2026-02-05,VCR,387.8208,49188
2026-02-06,VCR,389.5973,40884
2026-02-09,VCR,388.6891,54542
2026-02-10,VCR,390.9047,44135
2026-02-11,VCR,388.8488,38108
2026-02-12,VCR,382.681,85362
2026-02-13,VCR,383.1102,50300
2026-02-17,VCR,382.7808,61237
2026-02-18,VCR,386.4935,30041
2026-02-19,VCR,383.9285,24525
2026-02-20,VCR,387.8408,37891
2026-02-23,VCR,378.6191,60521
2026-02-24,VCR,384.208,37367
2026-02-25,VCR,384.4874,30160
2026-02-26,VCR,385.1162,26124
2026-02-27,VCR,383.5194,34089
2026-03-02,VCR,379.0083,61933
2026-03-03,VCR,376.114,138824
2026-03-04,VCR,382.3417,74305
2026-03-05,VCR,382.4714,44235
2026-03-06,VCR,375.0561,37605
2026-03-09,VCR,375.3555,110574
2026-03-10,VCR,374.4473,33602
2026-03-11,VCR,373.6689,44557
2026-03-12,VCR,365.2057,46538
2026-03-13,VCR,363.2396,226937
2026-03-16,VCR,367.7007,72963
2026-03-17,VCR,371.1838,46231
2026-03-18,VCR,362.9901,41530
2026-03-19,VCR,360.4451,205855
2026-03-20,VCR,353.8083,101136
2026-03-23,VCR,363.24,68600
2026-03-24,VCR,360.93,30200
2026-03-25,VCR,364.55,24600
2026-03-26,VCR,358.36,41900
2026-03-27,VCR,348.05,122000
2026-03-30,VCR,347.69,64800
2026-03-31,VCR,359.03,85500
2026-04-01,VCR,361.9,62600
2026-04-02,VCR,357.21,52000
2026-04-06,VCR,360.19,39900
2026-04-07,VCR,356.58,62100
2026-04-08,VCR,366.73,73700
2026-04-09,VCR,373.59,61200
2026-04-10,VCR,374.19,65300
2026-04-13,VCR,377.25,64700
2026-04-14,VCR,385.37,73500
2026-04-15,VCR,390.14,61600
2026-04-16,VCR,389.18,51700
2026-04-17,VCR,398.59,65700
2026-04-20,VCR,397.52,64800
2026-04-21,VCR,394.44,53200
2026-04-22,VCR,395.0,28700
2026-04-23,VCR,390.81,52300
2026-04-24,VCR,394.65,38300
2026-04-27,VCR,391.9,66200
2026-04-28,VCR,389.11,66700
2026-04-29,VCR,388.56,48800
2026-04-30,VCR,393.58,45700
2026-05-01,VCR,394.27,51100
2026-05-04,VCR,390.35,211800
2026-05-05,VCR,392.18,67200
2026-05-06,VCR,398.53,69900
2026-05-07,VCR,397.59,58300
2026-05-08,VCR,398.45,46600
2026-05-11,VCR,394.54,36100
2026-05-12,VCR,390.76,50422
2026-02-02,VEEV,203.35,1915572
2026-02-03,VEEV,190.8,4606342
2026-02-04,VEEV,190.69,3919230
2026-02-05,VEEV,183.85,2575240
2026-02-06,VEEV,183.65,2846202
2026-02-09,VEEV,184.61,2179200
2026-02-10,VEEV,186.99,1976928
2026-02-11,VEEV,177.04,4285748
2026-02-12,VEEV,171.99,3193481
2026-02-13,VEEV,174.11,2253659
2026-02-17,VEEV,176.82,2121823
2026-02-18,VEEV,181.25,1748862
2026-02-19,VEEV,182.57,2204603
2026-02-20,VEEV,180.31,1671946
2026-02-23,VEEV,172.17,2484115
2026-02-24,VEEV,175.79,2109306
2026-02-25,VEEV,176.46,1781527
2026-02-26,VEEV,182.86,2043633
2026-02-27,VEEV,182.01,2562198
2026-03-02,VEEV,181.45,2367151
2026-03-03,VEEV,185.91,2238992
2026-03-04,VEEV,188.48,3459999
2026-03-05,VEEV,196.06,5079318
2026-03-06,VEEV,195.49,2181450
2026-03-09,VEEV,195.57,2240617
2026-03-10,VEEV,189.69,2098421
2026-03-11,VEEV,187.09,1441327
2026-03-12,VEEV,180.79,1592443
2026-03-13,VEEV,178.88,1693806
2026-03-16,VEEV,185.28,2360152
2026-03-17,VEEV,186.7,1522076
2026-03-18,VEEV,184.03,1374832
2026-03-19,VEEV,185.59,1440421
2026-03-20,VEEV,184.07,4180436
2026-03-23,VEEV,185.23,1567445
2026-03-24,VEEV,179.11,2794378
2026-03-25,VEEV,178.11,1320044
2026-03-26,VEEV,178.28,1775941
2026-03-27,VEEV,172.59,1495691
2026-03-30,VEEV,175.96,1564600
2026-03-31,VEEV,175.66,1845900
2026-04-01,VEEV,172.74,1451500
2026-04-02,VEEV,173.98,1248400
2026-04-06,VEEV,174.64,1446100
2026-04-07,VEEV,172.52,1446400
2026-04-08,VEEV,166.57,1824200
2026-04-09,VEEV,157.08,4308600
2026-04-10,VEEV,151.43,3959300
2026-04-13,VEEV,158.45,2713400
2026-04-14,VEEV,159.09,2267800
2026-04-15,VEEV,167.3,2709400
2026-04-16,VEEV,167.69,2298200
2026-04-17,VEEV,167.95,2173400
2026-04-20,VEEV,168.84,1606800
2026-04-21,VEEV,167.79,1792700
2026-04-22,VEEV,163.78,2121700
2026-04-23,VEEV,156.15,2923500
2026-04-24,VEEV,161.13,1625200
2026-04-27,VEEV,160.45,1505300
2026-04-28,VEEV,158.49,1831900
2026-04-29,VEEV,158.22,1579800
2026-04-30,VEEV,155.97,1906500
2026-05-01,VEEV,171.6,7680800
2026-05-04,VEEV,170.22,4396400
2026-05-05,VEEV,171.19,4404800
2026-05-06,VEEV,167.35,35354600
2026-05-07,VEEV,168.25,4101700
2026-05-08,VEEV,166.34,2781700
2026-05-11,VEEV,159.33,2382100
2026-05-12,VEEV,159.42,1872763
2026-02-02,VEGI,42.71,21264
2026-02-03,VEGI,43.38,15511
2026-02-04,VEGI,44.21,35958
2026-02-05,VEGI,43.47,19996
2026-02-06,VEGI,44.38,24225
2026-02-09,VEGI,44.82,18639
2026-02-10,VEGI,45.2,16501
2026-02-11,VEGI,46.03,20496
2026-02-12,VEGI,45.59,42973
2026-02-13,VEGI,45.85,34461
2026-02-17,VEGI,45.64,24525
2026-02-18,VEGI,45.49,47564
2026-02-19,VEGI,47.04,43469
2026-02-20,VEGI,47.16,28838
2026-02-23,VEGI,46.51,20101
2026-02-24,VEGI,46.84,16979
2026-02-25,VEGI,46.07,64118
2026-02-26,VEGI,45.96,15125
2026-02-27,VEGI,46.58,14560
2026-03-02,VEGI,46.44,26548
2026-03-03,VEGI,45.65,25240
2026-03-04,VEGI,45.55,18972
2026-03-05,VEGI,44.68,24084
2026-03-06,VEGI,45.01,39798
2026-03-09,VEGI,45.44,29783
2026-03-10,VEGI,45.04,33578
2026-03-11,VEGI,45.732,29375
2026-03-12,VEGI,46.25,152518
2026-03-13,VEGI,45.62,65860
2026-03-16,VEGI,45.15,89742
2026-03-17,VEGI,45.55,33898
2026-03-18,VEGI,45.13,720574
2026-03-19,VEGI,44.54,390840
2026-03-20,VEGI,43.63,122795
2026-03-23,VEGI,44.01,117535
2026-03-24,VEGI,44.92,698653
2026-03-25,VEGI,45.17,72249
2026-03-26,VEGI,44.98,71112
2026-03-27,VEGI,44.75,54246
2026-03-30,VEGI,44.82,119647
2026-03-31,VEGI,45.24,358280
2026-04-01,VEGI,45.61,113340
2026-04-02,VEGI,45.88,44786
2026-04-06,VEGI,45.92,74306
2026-04-07,VEGI,45.91,73177
2026-04-08,VEGI,46.82,57031
2026-04-09,VEGI,46.69,142803
2026-04-10,VEGI,46.35,80662
2026-04-13,VEGI,46.45,50118
2026-04-14,VEGI,46.08,42798
2026-04-15,VEGI,45.19,99767
2026-04-16,VEGI,45.5924,31376
2026-04-17,VEGI,45.35,114071
2026-04-20,VEGI,45.43,55400
2026-04-21,VEGI,45.48,129400
2026-04-22,VEGI,45.17,73700
2026-04-23,VEGI,45.53,128900
2026-04-24,VEGI,44.67,144500
2026-04-27,VEGI,44.76,56300
2026-04-28,VEGI,44.87,41300
2026-04-29,VEGI,44.81,55200
2026-04-30,VEGI,45.86,51300
2026-05-01,VEGI,45.54,46200
2026-05-04,VEGI,45.72,37300
2026-05-05,VEGI,46.03,97500
2026-05-06,VEGI,46.15,48400
2026-05-07,VEGI,45.23,70300
2026-05-08,VEGI,45.2,73300
2026-05-11,VEGI,46.07,34900
2026-05-12,VEGI,46.13,53334
2026-02-02,VFF,3.27,1003399
2026-02-03,VFF,3.23,1336657
2026-02-04,VFF,3.18,1262741
2026-02-05,VFF,3.0,1428503
2026-02-06,VFF,3.24,967628
2026-02-09,VFF,3.25,722270
2026-02-10,VFF,3.13,923169
2026-02-11,VFF,3.13,554985
2026-02-12,VFF,3.1,1041936
2026-02-13,VFF,3.19,874627
2026-02-17,VFF,3.21,708200
2026-02-18,VFF,3.27,582149
2026-02-19,VFF,3.46,1562325
2026-02-20,VFF,3.63,1609476
2026-02-23,VFF,3.45,1081749
2026-02-24,VFF,3.44,1387473
2026-02-25,VFF,3.59,1111341
2026-02-26,VFF,3.54,558610
2026-02-27,VFF,3.58,883659
2026-03-02,VFF,3.45,951540
2026-03-03,VFF,3.34,1133589
2026-03-04,VFF,3.43,558703
2026-03-05,VFF,3.38,869226
2026-03-06,VFF,3.39,778315
2026-03-09,VFF,3.38,926199
2026-03-10,VFF,3.53,1309646
2026-03-11,VFF,3.51,1357673
2026-03-12,VFF,3.05,3332350
2026-03-13,VFF,2.87,2267856
2026-03-16,VFF,2.76,3043696
2026-03-17,VFF,2.73,1979254
2026-03-18,VFF,2.73,1091503
2026-03-19,VFF,2.68,1432696
2026-03-20,VFF,2.54,2323569
2026-03-23,VFF,2.68,1536379
2026-03-24,VFF,2.81,918043
2026-03-25,VFF,2.85,952547
2026-03-26,VFF,2.73,677945
2026-03-27,VFF,2.68,840859
2026-03-30,VFF,2.65,986998
2026-03-31,VFF,2.84,1000779
2026-04-01,VFF,2.75,614152
2026-04-02,VFF,2.74,579435
2026-04-06,VFF,2.72,792313
2026-04-07,VFF,2.67,676067
2026-04-08,VFF,2.66,600218
2026-04-09,VFF,2.71,580020
2026-04-10,VFF,2.73,479436
2026-04-13,VFF,2.67,519765
2026-04-14,VFF,2.67,1010879
2026-04-15,VFF,2.88,2596786
2026-04-16,VFF,2.81,683328
2026-04-17,VFF,2.98,1211566
2026-04-20,VFF,2.99,987705
2026-04-21,VFF,2.87,768132
2026-04-22,VFF,3.1,3583199
2026-04-23,VFF,2.81,2108482
2026-04-24,VFF,2.84,1291510
2026-04-27,VFF,2.89,881109
2026-04-28,VFF,2.8,454501
2026-04-29,VFF,2.82,721449
2026-04-30,VFF,2.85,1021577
2026-05-01,VFF,2.85,539398
2026-05-04,VFF,2.78,751809
2026-05-05,VFF,2.74,948067
2026-05-06,VFF,2.69,1043321
2026-05-07,VFF,2.76,1221711
2026-05-08,VFF,2.57,5529961
2026-05-11,VFF,2.64,2495415
2026-05-12,VFF,2.67,1457628
2026-02-02,VHT,287.9438,213269
2026-02-03,VHT,285.2837,321167
2026-02-04,VHT,287.7844,396420
2026-02-05,VHT,284.8652,189270
2026-02-06,VHT,290.1258,124494
2026-02-09,VHT,287.8841,224483
2026-02-10,VHT,286.4992,177823
2026-02-11,VHT,287.7147,231568
2026-02-12,VHT,286.7483,189584
2026-02-13,VHT,289.3188,176693
2026-02-17,VHT,289.528,197841
2026-02-18,VHT,290.345,186752
2026-02-19,VHT,289.797,423935
2026-02-20,VHT,288.8306,208852
2026-02-23,VHT,291.6402,295382
2026-02-24,VHT,290.8531,233168
2026-02-25,VHT,290.8033,345461
2026-02-26,VHT,290.345,237304
2026-02-27,VHT,294.4199,154369
2026-03-02,VHT,291.6103,273729
2026-03-03,VHT,288.3723,247147
2026-03-04,VHT,289.1693,224679
2026-03-05,VHT,283.5202,219153
2026-03-06,VHT,281.1091,270983
2026-03-09,VHT,284.2675,158348
2026-03-10,VHT,282.4342,146918
2026-03-11,VHT,281.7069,154072
2026-03-12,VHT,276.1874,288002
2026-03-13,VHT,275.6494,174533
2026-03-16,VHT,277.9309,210985
2026-03-17,VHT,276.1077,179631
2026-03-18,VHT,271.5645,276984
2026-03-19,VHT,270.897,168437
2026-03-20,VHT,268.0375,232148
2026-03-23,VHT,268.456,226200
2026-03-24,VHT,268.25,240200
2026-03-25,VHT,271.52,138200
2026-03-26,VHT,270.42,266200
2026-03-27,VHT,265.36,180100
2026-03-30,VHT,266.36,124800
2026-03-31,VHT,272.33,120300
2026-04-01,VHT,274.5,353000
2026-04-02,VHT,273.07,109200
2026-04-06,VHT,272.11,276700
2026-04-07,VHT,272.82,173000
2026-04-08,VHT,278.2,134300
2026-04-09,VHT,277.65,117400
2026-04-10,VHT,273.78,89600
2026-04-13,VHT,275.89,306200
2026-04-14,VHT,277.9,130100
2026-04-15,VHT,276.41,109800
2026-04-16,VHT,274.29,138800
2026-04-17,VHT,278.45,142900
2026-04-20,VHT,276.28,129300
2026-04-21,VHT,273.33,186000
2026-04-22,VHT,274.07,182900
2026-04-23,VHT,273.01,259200
2026-04-24,VHT,269.89,283000
2026-04-27,VHT,268.78,242400
2026-04-28,VHT,268.82,164800
2026-04-29,VHT,266.8,157300
2026-04-30,VHT,272.46,174300
2026-05-01,VHT,271.31,396100
2026-05-04,VHT,271.34,152200
2026-05-05,VHT,272.17,163900
2026-05-06,VHT,273.1,160000
2026-05-07,VHT,271.09,171900
2026-05-08,VHT,268.98,211400
2026-05-11,VHT,267.95,261000
2026-05-12,VHT,272.93,339532
2026-02-02,VKTX,29.92,2538277
2026-02-03,VKTX,29.41,2786421
2026-02-04,VKTX,29.56,3215226
2026-02-05,VKTX,26.29,5777661
2026-02-06,VKTX,28.44,3694746
2026-02-09,VKTX,29.3,2671807
2026-02-10,VKTX,28.75,1923860
2026-02-11,VKTX,28.55,4126605
2026-02-12,VKTX,30.49,8593869
2026-02-13,VKTX,29.0,2942229
2026-02-17,VKTX,30.45,2817000
2026-02-18,VKTX,30.15,2232000
2026-02-19,VKTX,31.1,2117000
2026-02-20,VKTX,31.03,1786000
2026-02-23,VKTX,34.46,5680900
2026-02-24,VKTX,33.75,2260500
2026-02-25,VKTX,33.12,1703000
2026-02-26,VKTX,32.97,2293600
2026-02-27,VKTX,33.84,2040300
2026-03-02,VKTX,33.34,2014200
2026-03-03,VKTX,31.93,1874700
2026-03-04,VKTX,32.14,1651000
2026-03-05,VKTX,31.51,3141600
2026-03-06,VKTX,32.98,2973900
2026-03-09,VKTX,33.61,1933645
2026-03-10,VKTX,34.66,2978803
2026-03-11,VKTX,35.76,3298800
2026-03-12,VKTX,35.47,2144100
2026-03-13,VKTX,35.63,2783100
2026-03-16,VKTX,36.01,1817700
2026-03-17,VKTX,35.53,1511100
2026-03-18,VKTX,33.55,3511600
2026-03-19,VKTX,33.92,1938000
2026-03-20,VKTX,32.33,3523600
2026-03-23,VKTX,32.55,2281900
2026-03-24,VKTX,32.17,2290300
2026-03-25,VKTX,33.2,1907000
2026-03-26,VKTX,34.25,2561400
2026-03-27,VKTX,32.52,2251600
2026-03-30,VKTX,29.92,3189900
2026-03-31,VKTX,32.54,2762800
2026-04-01,VKTX,32.96,2240700
2026-04-02,VKTX,34.8,3602000
2026-04-06,VKTX,33.93,2394100
2026-04-07,VKTX,33.7,1490100
2026-04-08,VKTX,33.67,1794300
2026-04-09,VKTX,34.95,2064200
2026-04-10,VKTX,34.26,1735200
2026-04-13,VKTX,35.01,1962000
2026-04-14,VKTX,35.52,2150300
2026-04-15,VKTX,35.45,1690600
2026-04-16,VKTX,35.51,1512400
2026-04-17,VKTX,35.2,2478700
2026-04-20,VKTX,35.53,1827800
2026-04-21,VKTX,33.8,3307800
2026-04-22,VKTX,34.25,1610100
2026-04-23,VKTX,32.8,2521700
2026-04-24,VKTX,32.75,2038500
2026-04-27,VKTX,32.985,1534400
2026-04-28,VKTX,32.39,1843800
2026-04-29,VKTX,31.33,2949300
2026-04-30,VKTX,31.18,6609400
2026-05-01,VKTX,30.0,2879900
2026-05-04,VKTX,31.76,2852300
2026-05-05,VKTX,31.31,1974000
2026-05-06,VKTX,32.28,2288300
2026-05-07,VKTX,31.58,1928700
2026-05-08,VKTX,31.33,1448700
2026-05-11,VKTX,31.72,1960800
2026-05-12,VKTX,31.32,1326347
2026-02-02,VMC,305.3415,991479
2026-02-03,VMC,310.4219,1427460
2026-02-04,VMC,310.901,1581702
2026-02-05,VMC,310.1724,1428156
2026-02-06,VMC,323.1079,992677
2026-02-09,VMC,326.701,1093776
2026-02-10,VMC,329.7453,948210
2026-02-11,VMC,319.1753,1576753
2026-02-12,VMC,321.3113,1202276
2026-02-13,VMC,327.0304,1394577
2026-02-17,VMC,301.6485,2068260
2026-02-18,VMC,298.7939,1584857
2026-02-19,VMC,302.2773,1437195
2026-02-20,VMC,304.7127,1631506
2026-02-23,VMC,310.2023,1284040
2026-02-24,VMC,317.2889,1347679
2026-02-25,VMC,304.9522,1345920
2026-02-26,VMC,308.4057,945673
2026-02-27,VMC,309.4138,1792043
2026-03-02,VMC,305.621,1162059
2026-03-03,VMC,299.4327,1095033
2026-03-04,VMC,295.4203,1308374
2026-03-05,VMC,286.6869,1693935
2026-03-06,VMC,274.47,1535754
2026-03-09,VMC,274.33,1866733
2026-03-10,VMC,272.0,1217143
2026-03-11,VMC,266.6,1348200
2026-03-12,VMC,263.81,2890100
2026-03-13,VMC,265.42,2018900
2026-03-16,VMC,265.95,1160600
2026-03-17,VMC,265.46,747800
2026-03-18,VMC,257.86,1354900
2026-03-19,VMC,257.02,1060500
2026-03-20,VMC,258.4,2709000
2026-03-23,VMC,263.75,1312000
2026-03-24,VMC,266.7,1699300
2026-03-25,VMC,269.53,1121300
2026-03-26,VMC,266.54,1186400
2026-03-27,VMC,261.46,1039600
2026-03-30,VMC,266.94,2452800
2026-03-31,VMC,272.3,1987900
2026-04-01,VMC,280.13,1964100
2026-04-02,VMC,279.88,1418200
2026-04-06,VMC,281.63,1056900
2026-04-07,VMC,277.85,1401700
2026-04-08,VMC,292.58,1103600
2026-04-09,VMC,293.02,702700
2026-04-10,VMC,295.48,780400
2026-04-13,VMC,297.15,724400
2026-04-14,VMC,296.86,591300
2026-04-15,VMC,291.25,793000
2026-04-16,VMC,285.78,736500
2026-04-17,VMC,291.71,960100
2026-04-20,VMC,294.77,556900
2026-04-21,VMC,290.72,592900
2026-04-22,VMC,290.11,656400
2026-04-23,VMC,292.71,605400
2026-04-24,VMC,292.07,699400
2026-04-27,VMC,291.32,1164400
2026-04-28,VMC,291.46,1296000
2026-04-29,VMC,296.08,2056300
2026-04-30,VMC,301.74,1611300
2026-05-01,VMC,297.32,970100
2026-05-04,VMC,287.72,1427700
2026-05-05,VMC,291.51,676600
2026-05-06,VMC,295.72,875800
2026-05-07,VMC,288.93,792800
2026-05-08,VMC,283.72,1022400
2026-05-11,VMC,282.7,928200
2026-05-12,VMC,279.33,657148
2026-02-02,VMI,452.8152,136871
2026-02-03,VMI,456.2585,145589
2026-02-04,VMI,455.6697,97768
2026-02-05,VMI,459.0831,127028
2026-02-06,VMI,472.7666,159380
2026-02-09,VMI,473.7248,113985
2026-02-10,VMI,473.2757,124156
2026-02-11,VMI,476.9286,115007
2026-02-12,VMI,466.4189,146607
2026-02-13,VMI,474.4135,142989
2026-02-17,VMI,443.1039,408274
2026-02-18,VMI,454.0927,250485
2026-02-19,VMI,462.8757,163521
2026-02-20,VMI,470.3613,167818
2026-02-23,VMI,456.4681,143576
2026-02-24,VMI,462.227,148189
2026-02-25,VMI,462.9256,164765
2026-02-26,VMI,467.2673,149542
2026-02-27,VMI,459.0431,156805
2026-03-02,VMI,458.0251,174838
2026-03-03,VMI,445.5392,169575
2026-03-04,VMI,450.6993,118647
2026-03-05,VMI,436.6963,195524
2026-03-06,VMI,423.2723,186035
2026-03-09,VMI,429.2108,176452
2026-03-10,VMI,426.5859,131210
2026-03-11,VMI,429.3904,121851
2026-03-12,VMI,419.3399,108351
2026-03-13,VMI,408.8302,201194
2026-03-16,VMI,408.4808,174047
2026-03-17,VMI,408.2912,139668
2026-03-18,VMI,400.2867,192145
2026-03-19,VMI,395.6955,250786
2026-03-20,VMI,391.2042,377688
2026-03-23,VMI,397.7815,222662
2026-03-24,VMI,403.221,198747
2026-03-25,VMI,405.6064,129143
2026-03-26,VMI,398.56,171755
2026-03-27,VMI,392.04,145700
2026-03-30,VMI,384.03,234000
2026-03-31,VMI,399.57,392600
2026-04-01,VMI,406.65,205900
2026-04-02,VMI,402.9,155700
2026-04-06,VMI,403.45,151300
2026-04-07,VMI,411.74,221000
2026-04-08,VMI,427.81,267900
2026-04-09,VMI,426.31,158100
2026-04-10,VMI,425.8,121600
2026-04-13,VMI,432.08,284500
2026-04-14,VMI,429.48,172000
2026-04-15,VMI,411.89,174700
2026-04-16,VMI,401.75,308700
2026-04-17,VMI,412.62,370500
2026-04-20,VMI,409.88,261800
2026-04-21,VMI,458.77,438900
2026-04-22,VMI,466.75,301700
2026-04-23,VMI,494.44,328700
2026-04-24,VMI,498.92,281200
2026-04-27,VMI,497.99,170900
2026-04-28,VMI,497.36,164800
2026-04-29,VMI,491.68,123100
2026-04-30,VMI,508.04,201500
2026-05-01,VMI,510.36,212300
2026-05-04,VMI,507.08,208500
2026-05-05,VMI,518.18,205300
2026-05-06,VMI,522.81,188100
2026-05-07,VMI,509.16,171400
2026-05-08,VMI,510.55,208300
2026-05-11,VMI,516.0,295500
2026-05-12,VMI,513.99,249299
2026-02-02,VNQ,88.9099,5280754
2026-02-03,VNQ,88.712,4821961
2026-02-04,VNQ,89.9883,3941137
2026-02-05,VNQ,89.8597,3588497
2026-02-06,VNQ,91.2746,3638714
2026-02-09,VNQ,91.6605,3021655
2026-02-10,VNQ,92.8874,4266652
2026-02-11,VNQ,92.3729,4425651
2026-02-12,VNQ,92.264,7469436
2026-02-13,VNQ,93.5898,3906841
2026-02-17,VNQ,94.4803,3614786
2026-02-18,VNQ,93.3722,4163638
2026-02-19,VNQ,93.1743,2646562
2026-02-20,VNQ,93.8768,2840703
2026-02-23,VNQ,93.8867,3646172
2026-02-24,VNQ,94.1241,3788492
2026-02-25,VNQ,93.8669,3297006
2026-02-26,VNQ,94.51,3761808
2026-02-27,VNQ,94.6782,4707942
2026-03-02,VNQ,94.9157,5477725
2026-03-03,VNQ,94.4111,4832916
2026-03-04,VNQ,94.5298,3896890
2026-03-05,VNQ,93.58,4637831
2026-03-06,VNQ,92.5608,4606035
2026-03-09,VNQ,92.7686,4971404
2026-03-10,VNQ,92.6301,5106767
2026-03-11,VNQ,91.6704,4687022
2026-03-12,VNQ,91.0371,3933948
2026-03-13,VNQ,91.1855,4063327
2026-03-16,VNQ,91.9474,3479302
2026-03-17,VNQ,92.3531,2960962
2026-03-18,VNQ,90.9877,2838824
2026-03-19,VNQ,90.6216,4705053
2026-03-20,VNQ,87.8116,6295406
2026-03-23,VNQ,89.44,6256500
2026-03-24,VNQ,87.91,3917100
2026-03-25,VNQ,87.84,5061200
2026-03-26,VNQ,87.72,6108000
2026-03-27,VNQ,87.0,4435200
2026-03-30,VNQ,87.33,5474800
2026-03-31,VNQ,88.7,4928400
2026-04-01,VNQ,89.02,4412000
2026-04-02,VNQ,90.23,3288900
2026-04-06,VNQ,90.36,2537600
2026-04-07,VNQ,90.49,3184800
2026-04-08,VNQ,92.12,5049600
2026-04-09,VNQ,92.78,3845600
2026-04-10,VNQ,92.98,2568500
2026-04-13,VNQ,93.33,2036000
2026-04-14,VNQ,94.22,1921100
2026-04-15,VNQ,94.29,2758800
2026-04-16,VNQ,95.16,2005200
2026-04-17,VNQ,96.68,2584300
2026-04-20,VNQ,97.03,2246600
2026-04-21,VNQ,95.31,3236100
2026-04-22,VNQ,94.52,2708600
2026-04-23,VNQ,95.49,3437500
2026-04-24,VNQ,95.3,1994300
2026-04-27,VNQ,94.78,2521200
2026-04-28,VNQ,95.65,2867600
2026-04-29,VNQ,94.9,2903100
2026-04-30,VNQ,96.33,3730200
2026-05-01,VNQ,96.06,3248800
2026-05-04,VNQ,95.46,3595200
2026-05-05,VNQ,95.76,2536800
2026-05-06,VNQ,97.09,3238800
2026-05-07,VNQ,96.39,2739700
2026-05-08,VNQ,96.62,2186500
2026-05-11,VNQ,96.69,3868500
2026-05-12,VNQ,96.69,2180817
2026-02-02,VRNS,29.25,3676400
2026-02-03,VRNS,26.53,10383300
2026-02-04,VRNS,23.67,19821000
2026-02-05,VRNS,22.21,9429000
2026-02-06,VRNS,22.65,5291800
2026-02-09,VRNS,25.61,8126300
2026-02-10,VRNS,26.26,4134400
2026-02-11,VRNS,26.29,4657900
2026-02-12,VRNS,25.15,3826500
2026-02-13,VRNS,25.36,2888400
2026-02-17,VRNS,25.32,4106800
2026-02-18,VRNS,25.7,2139900
2026-02-19,VRNS,25.66,1770800
2026-02-20,VRNS,23.69,3010000
2026-02-23,VRNS,21.08,4021500
2026-02-24,VRNS,21.71,4036100
2026-02-25,VRNS,22.72,2268200
2026-02-26,VRNS,23.09,2673800
2026-02-27,VRNS,23.1,1993700
2026-03-02,VRNS,23.08,1955700
2026-03-03,VRNS,23.55,2775000
2026-03-04,VRNS,23.49,1951200
2026-03-05,VRNS,23.83,2535700
2026-03-06,VRNS,24.39,2027900
2026-03-09,VRNS,24.34,1385285
2026-03-10,VRNS,23.95,1597654
2026-03-11,VRNS,24.085,1900300
2026-03-12,VRNS,24.18,1657100
2026-03-13,VRNS,24.685,1467800
2026-03-16,VRNS,24.12,2422900
2026-03-17,VRNS,24.29,1830200
2026-03-18,VRNS,24.48,1894500
2026-03-19,VRNS,24.02,1915200
2026-03-20,VRNS,23.72,5763700
2026-03-23,VRNS,23.72,1428300
2026-03-24,VRNS,22.01,2191300
2026-03-25,VRNS,21.39,3147800
2026-03-26,VRNS,21.83,1733400
2026-03-27,VRNS,21.21,2918400
2026-03-30,VRNS,21.17,2461100
2026-03-31,VRNS,21.47,1769800
2026-04-01,VRNS,21.74,1514500
2026-04-02,VRNS,22.53,1325600
2026-04-06,VRNS,23.68,2362100
2026-04-07,VRNS,23.29,2285400
2026-04-08,VRNS,22.81,2372600
2026-04-09,VRNS,21.53,2146800
2026-04-10,VRNS,20.19,3159700
2026-04-13,VRNS,21.97,3736400
2026-04-14,VRNS,21.76,2125800
2026-04-15,VRNS,23.14,2096000
2026-04-16,VRNS,23.9,1636200
2026-04-17,VRNS,24.22,1802600
2026-04-20,VRNS,24.41,2220900
2026-04-21,VRNS,24.59,2028700
2026-04-22,VRNS,25.13,2401300
2026-04-23,VRNS,23.92,2996100
2026-04-24,VRNS,24.53,2116300
2026-04-27,VRNS,25.05,1985200
2026-04-28,VRNS,25.44,3640100
2026-04-29,VRNS,27.29,6864800
2026-04-30,VRNS,26.3,3839600
2026-05-01,VRNS,26.5,3580400
2026-05-04,VRNS,27.41,4851100
2026-05-05,VRNS,27.41,3702000
2026-05-06,VRNS,27.61,3275000
2026-05-07,VRNS,28.68,2622100
2026-05-08,VRNS,28.53,2372100
2026-05-11,VRNS,28.0,1827100
2026-05-12,VRNS,27.84,1346693
2026-02-02,VRT,189.9648,4112100
2026-02-03,VRT,190.1048,4433000
2026-02-04,VRT,182.5166,8287200
2026-02-05,VRT,177.7077,6144600
2026-02-06,VRT,195.5335,7197300
2026-02-09,VRT,201.9519,7638400
2026-02-10,VRT,199.5725,6707800
2026-02-11,VRT,248.4509,19793500
2026-02-12,VRT,236.4537,12438800
2026-02-13,VRT,234.4742,6785200
2026-02-17,VRT,243.472,6449600
2026-02-18,VRT,243.1521,5350700
2026-02-19,VRT,243.0022,3929800
2026-02-20,VRT,243.692,3879200
2026-02-23,VRT,245.3616,4026100
2026-02-24,VRT,253.0898,5458200
2026-02-25,VRT,262.1276,6580300
2026-02-26,VRT,259.1683,8566400
2026-02-27,VRT,254.8293,6967900
2026-03-02,VRT,257.6887,5382300
2026-03-03,VRT,244.3818,6866600
2026-03-04,VRT,251.2202,4298500
2026-03-05,VRT,249.6906,5291500
2026-03-06,VRT,241.7225,8772600
2026-03-09,VRT,264.2871,20427900
2026-03-10,VRT,269.9957,11306800
2026-03-11,VRT,268.1962,7103200
2026-03-12,VRT,265.3168,7465400
2026-03-13,VRT,258.8184,6981200
2026-03-16,VRT,264.677,7386700
2026-03-17,VRT,268.41,5121300
2026-03-18,VRT,264.71,6673800
2026-03-19,VRT,269.17,7084600
2026-03-20,VRT,255.88,87826600
2026-03-23,VRT,256.0,8888100
2026-03-24,VRT,270.89,6843000
2026-03-25,VRT,276.16,5929000
2026-03-26,VRT,252.4,6621700
2026-03-27,VRT,251.07,5444500
2026-03-30,VRT,234.22,6930400
2026-03-31,VRT,250.58,6686100
2026-04-01,VRT,259.37,5112600
2026-04-02,VRT,261.29,3965500
2026-04-06,VRT,258.73,3305700
2026-04-07,VRT,262.3,2937200
2026-04-08,VRT,281.03,5696700
2026-04-09,VRT,287.64,5166400
2026-04-10,VRT,295.11,4644800
2026-04-13,VRT,299.96,4733900
2026-04-14,VRT,310.51,4993800
2026-04-15,VRT,301.16,5353600
2026-04-16,VRT,294.13,4832600
2026-04-17,VRT,307.34,5805500
2026-04-20,VRT,314.41,4672300
2026-04-21,VRT,312.44,7285400
2026-04-22,VRT,305.14,9835900
2026-04-23,VRT,321.75,7067000
2026-04-24,VRT,323.46,5281500
2026-04-27,VRT,322.43,5442500
2026-04-28,VRT,305.03,8217600
2026-04-29,VRT,306.18,4536300
2026-04-30,VRT,328.49,6268700
2026-05-01,VRT,328.31,4408600
2026-05-04,VRT,330.97,4927446
2026-05-05,VRT,341.02,5456160
2026-05-06,VRT,358.92,5583200
2026-05-07,VRT,340.01,5458100
2026-05-08,VRT,339.97,4081000
2026-05-11,VRT,367.92,7279200
2026-05-12,VRT,367.13,6532017
2026-02-02,VRTX,472.01,759600
2026-02-03,VRTX,465.61,1050800
2026-02-04,VRTX,470.52,1362400
2026-02-05,VRTX,458.81,1673000
2026-02-06,VRTX,477.92,1621700
2026-02-09,VRTX,470.87,1794700
2026-02-10,VRTX,463.48,2127500
2026-02-11,VRTX,461.24,1845900
2026-02-12,VRTX,465.02,1818900
2026-02-13,VRTX,491.47,2918300
2026-02-17,VRTX,477.32,1721400
2026-02-18,VRTX,470.31,1662600
2026-02-19,VRTX,469.27,1165700
2026-02-20,VRTX,476.9,1006600
2026-02-23,VRTX,481.01,1241000
2026-02-24,VRTX,487.43,1331400
2026-02-25,VRTX,483.05,820900
2026-02-26,VRTX,480.13,1305300
2026-02-27,VRTX,496.83,1782900
2026-03-02,VRTX,486.03,1034500
2026-03-03,VRTX,474.27,1056000
2026-03-04,VRTX,477.89,996200
2026-03-05,VRTX,460.82,1109800
2026-03-06,VRTX,456.69,1171700
2026-03-09,VRTX,460.87,1179900
2026-03-10,VRTX,499.17,3363800
2026-03-11,VRTX,492.38,2062300
2026-03-12,VRTX,478.13,1607700
2026-03-13,VRTX,469.34,1097500
2026-03-16,VRTX,466.1,1496800
2026-03-17,VRTX,462.49,1512900
2026-03-18,VRTX,451.59,1410500
2026-03-19,VRTX,458.05,1300000
2026-03-20,VRTX,454.0,2200200
2026-03-23,VRTX,451.24,1152000
2026-03-24,VRTX,448.62,1224200
2026-03-25,VRTX,454.97,1200000
2026-03-26,VRTX,453.74,1158100
2026-03-27,VRTX,433.07,1915500
2026-03-30,VRTX,443.16,1960900
2026-03-31,VRTX,446.54,1624800
2026-04-01,VRTX,447.26,1188100
2026-04-02,VRTX,438.71,1244900
2026-04-06,VRTX,434.3,948900
2026-04-07,VRTX,431.86,1029200
2026-04-08,VRTX,443.92,1279200
2026-04-09,VRTX,446.78,1040900
2026-04-10,VRTX,436.27,985800
2026-04-13,VRTX,440.05,1004600
2026-04-14,VRTX,444.28,1445500
2026-04-15,VRTX,441.7,1459400
2026-04-16,VRTX,435.65,1364000
2026-04-17,VRTX,441.2,1025200
2026-04-20,VRTX,439.18,789200
2026-04-21,VRTX,436.59,986900
2026-04-22,VRTX,437.67,734200
2026-04-23,VRTX,435.1,777500
2026-04-24,VRTX,430.29,1128100
2026-04-27,VRTX,426.01,967000
2026-04-28,VRTX,430.14,808500
2026-04-29,VRTX,423.24,1059500
2026-04-30,VRTX,427.38,1121100
2026-05-01,VRTX,423.92,796900
2026-05-04,VRTX,429.85,1418900
2026-05-05,VRTX,424.36,1905900
2026-05-06,VRTX,427.65,1203200
2026-05-07,VRTX,425.0,1112300
2026-05-08,VRTX,429.82,953300
2026-05-11,VRTX,435.17,1264200
2026-05-12,VRTX,448.29,1368986
2026-02-02,VSAT,43.75,2272900
2026-02-03,VSAT,44.03,1764400
2026-02-04,VSAT,39.68,2587400
2026-02-05,VSAT,37.44,2668100
2026-02-06,VSAT,41.7,2836000
2026-02-09,VSAT,46.28,2163300
2026-02-10,VSAT,45.0,1621400
2026-02-11,VSAT,45.33,1710000
2026-02-12,VSAT,46.63,2301800
2026-02-13,VSAT,48.85,2252700
2026-02-17,VSAT,46.22,1627100
2026-02-18,VSAT,45.97,1043200
2026-02-19,VSAT,45.84,998800
2026-02-20,VSAT,46.5,1804900
2026-02-23,VSAT,45.23,1066900
2026-02-24,VSAT,47.92,1554000
2026-02-25,VSAT,47.66,1293800
2026-02-26,VSAT,46.07,1074100
2026-02-27,VSAT,45.78,1027600
2026-03-02,VSAT,47.24,1359100
2026-03-03,VSAT,45.82,1262100
2026-03-04,VSAT,47.84,1255900
2026-03-05,VSAT,45.53,1345100
2026-03-06,VSAT,43.79,1008100
2026-03-09,VSAT,45.98,1297955
2026-03-10,VSAT,46.31,968198
2026-03-11,VSAT,46.39,1294500
2026-03-12,VSAT,46.51,1721900
2026-03-13,VSAT,46.14,1188900
2026-03-16,VSAT,47.53,1904100
2026-03-17,VSAT,50.18,2151400
2026-03-18,VSAT,48.59,1550000
2026-03-19,VSAT,52.12,2528900
2026-03-20,VSAT,46.39,4677100
2026-03-23,VSAT,49.16,1672200
2026-03-24,VSAT,48.1,1568800
2026-03-25,VSAT,49.96,2415200
2026-03-26,VSAT,47.83,1475900
2026-03-27,VSAT,46.58,1272300
2026-03-30,VSAT,43.72,1433800
2026-03-31,VSAT,45.8,1729400
2026-04-01,VSAT,45.23,1654500
2026-04-02,VSAT,53.69,3356200
2026-04-06,VSAT,52.1,1459100
2026-04-07,VSAT,53.88,1521600
2026-04-08,VSAT,56.33,2102900
2026-04-09,VSAT,55.39,1072900
2026-04-10,VSAT,56.25,1102000
2026-04-13,VSAT,56.55,986800
2026-04-14,VSAT,56.98,1154800
2026-04-15,VSAT,59.92,1953900
2026-04-16,VSAT,61.23,1497000
2026-04-17,VSAT,62.85,1849000
2026-04-20,VSAT,64.08,1425400
2026-04-21,VSAT,62.53,1233900
2026-04-22,VSAT,63.08,1204800
2026-04-23,VSAT,62.58,1122900
2026-04-24,VSAT,61.99,1359400
2026-04-27,VSAT,58.66,1633900
2026-04-28,VSAT,58.06,1545600
2026-04-29,VSAT,59.28,1961700
2026-04-30,VSAT,65.91,2596200
2026-05-01,VSAT,65.12,1250900
2026-05-04,VSAT,63.82,871900
2026-05-05,VSAT,65.57,754700
2026-05-06,VSAT,67.3,1299200
2026-05-07,VSAT,66.33,1768800
2026-05-08,VSAT,70.01,1538700
2026-05-11,VSAT,73.07,1946500
2026-05-12,VSAT,70.99,1389298
2026-02-02,VST,154.0499,5506900
2026-02-03,VST,152.7916,4375800
2026-02-04,VST,142.3259,13329800
2026-02-05,VST,142.8751,7112900
2026-02-06,VST,149.4461,7406400
2026-02-09,VST,152.7616,5097000
2026-02-10,VST,159.3826,9074400
2026-02-11,VST,159.9318,4279300
2026-02-12,VST,162.8778,7493800
2026-02-13,VST,171.2564,5967900
2026-02-17,VST,173.4434,4655500
2026-02-18,VST,170.3376,3622700
2026-02-19,VST,172.265,3154700
2026-02-20,VST,171.1665,3879800
2026-02-23,VST,167.5714,4133200
2026-02-24,VST,171.3862,4375300
2026-02-25,VST,175.1211,4810200
2026-02-26,VST,176.5791,7746200
2026-02-27,VST,173.6531,5494900
2026-03-02,VST,165.7639,5138100
2026-03-03,VST,161.4797,6653900
2026-03-04,VST,163.1375,4677700
2026-03-05,VST,167.172,4946400
2026-03-06,VST,158.4339,5625400
2026-03-09,VST,163.3971,4109000
2026-03-10,VST,164.176,4148000
2026-03-11,VST,158.9432,6074600
2026-03-12,VST,159.3626,4053200
2026-03-13,VST,158.7335,3679600
2026-03-16,VST,161.7693,2775200
2026-03-17,VST,164.1061,2065300
2026-03-18,VST,169.8883,3685300
2026-03-19,VST,167.142,3106700
2026-03-20,VST,146.02,11109500
2026-03-23,VST,151.29,5338500
2026-03-24,VST,152.72,3995500
2026-03-25,VST,151.51,3512900
2026-03-26,VST,152.3,4437900
2026-03-27,VST,155.48,4554500
2026-03-30,VST,147.54,4734900
2026-03-31,VST,150.33,5402200
2026-04-01,VST,153.96,3782800
2026-04-02,VST,151.18,2950300
2026-04-06,VST,151.59,2309800
2026-04-07,VST,153.68,2229100
2026-04-08,VST,155.89,4320600
2026-04-09,VST,152.75,4103200
2026-04-10,VST,154.73,2900900
2026-04-13,VST,158.2,4458600
2026-04-14,VST,163.97,3767300
2026-04-15,VST,162.94,3098300
2026-04-16,VST,165.53,3126000
2026-04-17,VST,163.46,4104300
2026-04-20,VST,159.6,2924100
2026-04-21,VST,154.91,3748800
2026-04-22,VST,155.79,2642200
2026-04-23,VST,156.85,3272600
2026-04-24,VST,164.35,3481400
2026-04-27,VST,166.58,4577600
2026-04-28,VST,161.12,5205600
2026-04-29,VST,153.79,4992800
2026-04-30,VST,157.84,3954800
2026-05-01,VST,155.28,3144000
2026-05-04,VST,160.85,4209300
2026-05-05,VST,160.38,3567200
2026-05-06,VST,158.29,8214800
2026-05-07,VST,153.95,7895800
2026-05-08,VST,147.72,8074500
2026-05-11,VST,152.05,5905400
2026-05-12,VST,146.87,4891900
2026-02-02,VUZI,2.5,1313443
2026-02-03,VUZI,2.58,853419
2026-02-04,VUZI,2.48,1776763
2026-02-05,VUZI,2.29,1401822
2026-02-06,VUZI,2.51,1149792
2026-02-09,VUZI,2.63,825353
2026-02-10,VUZI,2.65,810679
2026-02-11,VUZI,2.55,695377
2026-02-12,VUZI,2.47,677340
2026-02-13,VUZI,2.53,609859
2026-02-17,VUZI,2.64,782878
2026-02-18,VUZI,2.58,820745
2026-02-19,VUZI,2.83,1308312
2026-02-20,VUZI,2.76,1129007
2026-02-23,VUZI,2.72,711915
2026-02-24,VUZI,3.08,1890228
2026-02-25,VUZI,3.02,2800972
2026-02-26,VUZI,3.08,829241
2026-02-27,VUZI,2.89,637604
2026-03-02,VUZI,2.8,1016488
2026-03-03,VUZI,2.63,893267
2026-03-04,VUZI,2.67,645071
2026-03-05,VUZI,2.61,724360
2026-03-06,VUZI,2.55,633245
2026-03-09,VUZI,2.59,937045
2026-03-10,VUZI,2.55,595742
2026-03-11,VUZI,2.59,570693
2026-03-12,VUZI,2.55,805066
2026-03-13,VUZI,2.19,2212074
2026-03-16,VUZI,2.11,1295995
2026-03-17,VUZI,2.13,1529483
2026-03-18,VUZI,2.03,1285077
2026-03-19,VUZI,2.19,1135544
2026-03-20,VUZI,2.26,1515446
2026-03-23,VUZI,2.41,1318851
2026-03-24,VUZI,2.44,702195
2026-03-25,VUZI,2.42,561749
2026-03-26,VUZI,2.25,1045519
2026-03-27,VUZI,2.17,623566
2026-03-30,VUZI,2.07,595700
2026-03-31,VUZI,2.31,1012700
2026-04-01,VUZI,2.35,674000
2026-04-02,VUZI,2.36,641300
2026-04-06,VUZI,2.5,1014100
2026-04-07,VUZI,2.35,1012500
2026-04-08,VUZI,2.44,661000
2026-04-09,VUZI,2.4,294400
2026-04-10,VUZI,2.4,411700
2026-04-13,VUZI,2.48,527100
2026-04-14,VUZI,2.57,811100
2026-04-15,VUZI,2.61,767900
2026-04-16,VUZI,2.62,495900
2026-04-17,VUZI,2.61,1243200
2026-04-20,VUZI,2.65,1072700
2026-04-21,VUZI,2.48,1310300
2026-04-22,VUZI,2.52,646700
2026-04-23,VUZI,2.39,591100
2026-04-24,VUZI,2.47,587700
2026-04-27,VUZI,2.34,800500
2026-04-28,VUZI,2.41,493800
2026-04-29,VUZI,2.38,546800
2026-04-30,VUZI,2.88,3546300
2026-05-01,VUZI,2.84,1409100
2026-05-04,VUZI,2.66,1286600
2026-05-05,VUZI,2.71,787800
2026-05-06,VUZI,2.88,1108600
2026-05-07,VUZI,2.86,1090700
2026-05-08,VUZI,3.11,2012100
2026-05-11,VUZI,3.05,1132400
2026-05-12,VUZI,2.9,1414400
2026-02-02,WCLD,30.1,797300
2026-02-03,WCLD,28.15,1794400
2026-02-04,WCLD,28.15,3000300
2026-02-05,WCLD,26.964,2610700
2026-02-06,WCLD,27.88,2517100
2026-02-09,WCLD,28.12,1167900
2026-02-10,WCLD,28.6,834300
2026-02-11,WCLD,27.591,926900
2026-02-12,WCLD,27.48,1086300
2026-02-13,WCLD,28.19,832900
2026-02-17,WCLD,27.641,1114700
2026-02-18,WCLD,27.97,954800
2026-02-19,WCLD,27.84,620600
2026-02-20,WCLD,27.28,1505100
2026-02-23,WCLD,25.3,1953800
2026-02-24,WCLD,26.13,1856300
2026-02-25,WCLD,26.78,931400
2026-02-26,WCLD,27.84,4204300
2026-02-27,WCLD,27.28,758500
2026-03-02,WCLD,27.74,2681700
2026-03-03,WCLD,28.28,3929400
2026-03-04,WCLD,28.48,1742700
2026-03-05,WCLD,29.5,2003300
2026-03-06,WCLD,29.745,969000
2026-03-09,WCLD,29.61,1339366
2026-03-10,WCLD,28.7856,1609265
2026-03-11,WCLD,28.835,1138800
2026-03-12,WCLD,28.27,1032300
2026-03-13,WCLD,28.28,1350500
2026-03-16,WCLD,28.25,1337600
2026-03-17,WCLD,28.608,961200
2026-03-18,WCLD,28.48,948700
2026-03-19,WCLD,28.45,1240600
2026-03-20,WCLD,27.96,999600
2026-03-23,WCLD,28.52,1383300
2026-03-24,WCLD,27.1,2146900
2026-03-25,WCLD,27.125,1143500
2026-03-26,WCLD,27.402,975900
2026-03-27,WCLD,26.2,907000
2026-03-30,WCLD,26.557,1384200
2026-03-31,WCLD,27.32,3184400
2026-04-01,WCLD,27.465,1053800
2026-04-02,WCLD,27.79,1338800
2026-04-06,WCLD,27.754,356600
2026-04-07,WCLD,27.537,435100
2026-04-08,WCLD,26.88,882500
2026-04-09,WCLD,25.36,1969100
2026-04-10,WCLD,24.09,1277800
2026-04-13,WCLD,25.4,1481700
2026-04-14,WCLD,25.131,1120300
2026-04-15,WCLD,26.6,984300
2026-04-16,WCLD,27.03,1251600
2026-04-17,WCLD,27.13,1515500
2026-04-20,WCLD,27.743,427800
2026-04-21,WCLD,27.85,1067400
2026-04-22,WCLD,28.19,638000
2026-04-23,WCLD,26.39,1861600
2026-04-24,WCLD,27.13,582300
2026-04-27,WCLD,27.23,407900
2026-04-28,WCLD,27.24,644600
2026-04-29,WCLD,27.34,340300
2026-04-30,WCLD,27.1,862800
2026-05-01,WCLD,28.83,1447600
2026-05-04,WCLD,29.51,1246900
2026-05-05,WCLD,29.79,952200
2026-05-06,WCLD,28.855,959700
2026-05-07,WCLD,29.73,760200
2026-05-08,WCLD,29.76,1101700
2026-05-11,WCLD,28.98,1039600
2026-05-12,WCLD,28.2,806162
2026-02-02,WCN,167.3721,1145900
2026-02-03,WCN,165.5998,1121100
2026-02-04,WCN,168.547,1616200
2026-02-05,WCN,168.4474,1578000
2026-02-06,WCN,168.4673,1399700
2026-02-09,WCN,171.1058,1811000
2026-02-10,WCN,169.911,2007200
2026-02-11,WCN,170.9565,2024300
2026-02-12,WCN,156.8976,4582900
2026-02-13,WCN,159.566,2415200
2026-02-17,WCN,160.5816,2493000
2026-02-18,WCN,162.0552,1339200
2026-02-19,WCN,165.3409,1663800
2026-02-20,WCN,162.9115,3110300
2026-02-23,WCN,162.2942,1865500
2026-02-24,WCN,164.7634,2005800
2026-02-25,WCN,166.2302,1866600
2026-02-26,WCN,168.9641,1708700
2026-02-27,WCN,171.7479,1863300
2026-03-02,WCN,172.7756,1123700
2026-03-03,WCN,172.1869,1325300
2026-03-04,WCN,169.463,1625700
2026-03-05,WCN,170.351,1960100
2026-03-06,WCN,169.7623,2012900
2026-03-09,WCN,171.3488,1333200
2026-03-10,WCN,165.1725,1407400
2026-03-11,WCN,166.32,1036700
2026-03-12,WCN,166.5894,1763000
2026-03-13,WCN,166.1503,1067200
2026-03-16,WCN,166.8687,931700
2026-03-17,WCN,166.6692,885800
2026-03-18,WCN,163.3466,1120600
2026-03-19,WCN,164.4641,1440100
2026-03-20,WCN,162.2291,1168800
2026-03-23,WCN,161.9397,1365300
2026-03-24,WCN,157.4297,1339900
2026-03-25,WCN,156.7113,1097500
2026-03-26,WCN,156.8311,1046700
2026-03-27,WCN,155.6736,1027300
2026-03-30,WCN,161.5007,1474400
2026-03-31,WCN,162.0794,1549200
2026-04-01,WCN,162.4585,1918700
2026-04-02,WCN,165.7113,1938000
2026-04-06,WCN,165.1326,789500
2026-04-07,WCN,163.6359,992200
2026-04-08,WCN,162.6481,2025900
2026-04-09,WCN,163.4364,1225800
2026-04-10,WCN,161.2313,1134300
2026-04-13,WCN,161.351,1322800
2026-04-14,WCN,159.2457,1327700
2026-04-15,WCN,159.4452,1100100
2026-04-16,WCN,159.6348,1098300
2026-04-17,WCN,159.2756,1333200
2026-04-20,WCN,159.5251,1048900
2026-04-21,WCN,157.5794,2485600
2026-04-22,WCN,156.1626,2246300
2026-04-23,WCN,168.5151,2736500
2026-04-24,WCN,165.7013,1428700
2026-04-27,WCN,161.1814,1444200
2026-04-28,WCN,163.1769,1676200
2026-04-29,WCN,163.3865,1598700
2026-04-30,WCN,164.3543,1272800
2026-05-01,WCN,160.8721,1265600
2026-05-04,WCN,160.2534,942600
2026-05-05,WCN,157.31,1284500
2026-05-06,WCN,153.48,2365800
2026-05-07,WCN,153.57,2163100
2026-05-08,WCN,151.82,2308100
2026-05-11,WCN,150.98,1446500
2026-05-12,WCN,151.25,1794940
2026-02-02,WELL,186.1319,3222766
2026-02-03,WELL,186.2014,2950270
2026-02-04,WELL,184.1954,2199250
2026-02-05,WELL,189.7367,2489292
2026-02-06,WELL,194.5631,2944369
2026-02-09,WELL,195.8839,2933859
2026-02-10,WELL,199.449,3302238
2026-02-11,WELL,206.4403,5781190
2026-02-12,WELL,206.6985,6736674
2026-02-13,WELL,209.2606,3587607
2026-02-17,WELL,213.9876,4838389
2026-02-18,WELL,207.1453,4433643
2026-02-19,WELL,206.5694,2163666
2026-02-20,WELL,206.7481,1954229
2026-02-23,WELL,208.0888,2416762
2026-02-24,WELL,207.8504,2511761
2026-02-25,WELL,207.5415,2276960
2026-02-26,WELL,207.7408,2192851
2026-02-27,WELL,206.4153,6204483
2026-03-02,WELL,209.445,3751705
2026-03-03,WELL,207.2923,2430803
2026-03-04,WELL,206.1462,3085736
2026-03-05,WELL,204.3524,4166934
2026-03-06,WELL,203.5949,2453788
2026-03-09,WELL,206.9734,3757566
2026-03-10,WELL,207.0133,2818809
2026-03-11,WELL,204.6314,2135287
2026-03-12,WELL,205.4984,3064636
2026-03-13,WELL,207.1129,2793154
2026-03-16,WELL,209.4649,2938516
2026-03-17,WELL,212.4348,3530247
2026-03-18,WELL,208.4982,3093445
2026-03-19,WELL,205.3888,2535405
2026-03-20,WELL,195.2734,9165514
2026-03-23,WELL,194.3366,3598303
2026-03-24,WELL,195.9411,2598820
2026-03-25,WELL,196.0607,3036061
2026-03-26,WELL,194.8647,1970499
2026-03-27,WELL,195.1039,2192900
2026-03-30,WELL,194.6355,2529975
2026-03-31,WELL,197.0373,3425226
2026-04-01,WELL,198.1834,3150435
2026-04-02,WELL,201.6416,2226189
2026-04-06,WELL,200.2264,1528844
2026-04-07,WELL,200.8942,1931802
2026-04-08,WELL,204.0035,3545366
2026-04-09,WELL,205.638,2772133
2026-04-10,WELL,206.8837,2418357
2026-04-13,WELL,206.2658,2547074
2026-04-14,WELL,210.2721,1926723
2026-04-15,WELL,210.611,2276531
2026-04-16,WELL,213.7802,1906343
2026-04-17,WELL,209.8037,3276327
2026-04-20,WELL,208.7374,2124014
2026-04-21,WELL,205.6878,3664799
2026-04-22,WELL,199.0206,3522678
2026-04-23,WELL,207.5315,2333222
2026-04-24,WELL,208.0398,2272084
2026-04-27,WELL,209.2855,2114162
2026-04-28,WELL,213.5011,2975151
2026-04-29,WELL,211.3684,3651372
2026-04-30,WELL,216.6005,4137912
2026-05-01,WELL,216.172,2480634
2026-05-04,WELL,216.4012,3875150
2026-05-05,WELL,213.5709,2666501
2026-05-06,WELL,215.7335,2328769
2026-05-07,WELL,212.2255,2732851
2026-05-08,WELL,213.8998,2734466
2026-05-11,WELL,214.1091,2631865
2026-05-12,WELL,216.76,2931994
2026-02-02,WM,222.2762,2157750
2026-02-03,WM,224.1985,2683644
2026-02-04,WM,225.5332,2357529
2026-02-05,WM,225.7026,2178880
2026-02-06,WM,225.8918,2239544
2026-02-09,WM,229.5871,2276698
2026-02-10,WM,230.8023,2042284
2026-02-11,WM,233.7306,1947096
2026-02-12,WM,230.0951,2803911
2026-02-13,WM,233.5912,3085205
2026-02-17,WM,234.2884,3053518
2026-02-18,WM,233.133,1694384
2026-02-19,WM,232.4956,2343414
2026-02-20,WM,229.3979,2388962
2026-02-23,WM,229.6469,2157228
2026-02-24,WM,228.6708,2641678
2026-02-25,WM,227.1966,2230029
2026-02-26,WM,232.9737,2455420
2026-02-27,WM,239.8862,2612816
2026-03-02,WM,242.1073,2501564
2026-03-03,WM,242.4759,2151863
2026-03-04,WM,242.9839,2413104
2026-03-05,WM,245.1154,3801071
2026-03-06,WM,245.0755,3528206
2026-03-09,WM,245.5337,3293112
2026-03-10,WM,234.6072,2660067
2026-03-11,WM,235.5634,1631537
2026-03-12,WM,237.665,2579700
2026-03-13,WM,238.53,2240700
2026-03-16,WM,236.96,2160200
2026-03-17,WM,236.05,1438500
2026-03-18,WM,233.79,1226200
2026-03-19,WM,233.83,1770900
2026-03-20,WM,231.24,2526600
2026-03-23,WM,227.53,2043600
2026-03-24,WM,224.94,1775800
2026-03-25,WM,224.85,1919500
2026-03-26,WM,226.51,1701900
2026-03-27,WM,225.06,1786300
2026-03-30,WM,229.96,1514300
2026-03-31,WM,229.79,1769500
2026-04-01,WM,231.0,2034800
2026-04-02,WM,235.42,1335200
2026-04-06,WM,233.8,1066900
2026-04-07,WM,233.31,1380700
2026-04-08,WM,231.43,2494400
2026-04-09,WM,233.1,1605700
2026-04-10,WM,229.45,1375600
2026-04-13,WM,231.0,2313600
2026-04-14,WM,227.09,2446100
2026-04-15,WM,224.93,2269000
2026-04-16,WM,224.08,2129900
2026-04-17,WM,223.95,2389800
2026-04-20,WM,224.18,1581900
2026-04-21,WM,223.42,1938400
2026-04-22,WM,223.93,1760900
2026-04-23,WM,232.8,2506300
2026-04-24,WM,229.53,1491400
2026-04-27,WM,226.2,1748700
2026-04-28,WM,227.35,2361800
2026-04-29,WM,230.31,2645100
2026-04-30,WM,232.55,3191100
2026-05-01,WM,228.77,1347000
2026-05-04,WM,227.85,1404700
2026-05-05,WM,224.49,1670000
2026-05-06,WM,220.52,1723300
2026-05-07,WM,221.45,1616600
2026-05-08,WM,215.37,2630700
2026-05-11,WM,214.11,2122600
2026-05-12,WM,217.65,1344524
2026-02-02,WMT,123.5701,31210100
2026-02-03,WMT,127.2057,32018700
2026-02-04,WMT,127.4945,27531800
2026-02-05,WMT,126.4387,30517800
2026-02-06,WMT,130.662,26593400
2026-02-09,WMT,128.5105,27197300
2026-02-10,WMT,126.1997,24662000
2026-02-11,WMT,128.2615,19232100
2026-02-12,WMT,133.1123,33382700
2026-02-13,WMT,133.3613,24131200
2026-02-17,WMT,128.3412,37995900
2026-02-18,WMT,126.12,36485000
2026-02-19,WMT,124.3769,42993300
2026-02-20,WMT,122.5043,35151000
2026-02-23,WMT,125.3132,25662800
2026-02-24,WMT,126.2495,20161200
2026-02-25,WMT,125.2534,17345700
2026-02-26,WMT,123.9287,18638300
2026-02-27,WMT,127.4447,29205500
2026-03-02,WMT,126.5981,17091500
2026-03-03,WMT,127.4049,16480400
2026-03-04,WMT,127.3053,16434100
2026-03-05,WMT,122.8231,28604900
2026-03-06,WMT,123.3111,21553000
2026-03-09,WMT,123.849,19375900
2026-03-10,WMT,124.6259,18793600
2026-03-11,WMT,123.0023,18176500
2026-03-12,WMT,124.8351,21751600
2026-03-13,WMT,126.0204,15194100
2026-03-16,WMT,125.4925,20463200
2026-03-17,WMT,124.5861,19895000
2026-03-18,WMT,121.4983,19734900
2026-03-19,WMT,120.6118,17927700
2026-03-20,WMT,118.7933,57545600
2026-03-23,WMT,120.4901,22181500
2026-03-24,WMT,121.8175,17269600
2026-03-25,WMT,122.8256,16597300
2026-03-26,WMT,121.9473,16442500
2026-03-27,WMT,122.6559,16543300
2026-03-30,WMT,123.2648,20428900
2026-03-31,WMT,124.0433,21330400
2026-04-01,WMT,124.5024,17039700
2026-04-02,WMT,125.5504,11898400
2026-04-06,WMT,126.5485,10850400
2026-04-07,WMT,122.2567,16076000
2026-04-08,WMT,127.0176,20194300
2026-04-09,WMT,128.884,13853100
2026-04-10,WMT,126.5285,13894000
2026-04-13,WMT,124.3327,14510600
2026-04-14,WMT,124.8118,15320800
2026-04-15,WMT,124.5224,17001400
2026-04-16,WMT,124.5822,18324500
2026-04-17,WMT,127.2571,24763700
2026-04-20,WMT,127.6763,18933600
2026-04-21,WMT,129.3531,17312400
2026-04-22,WMT,129.7324,17624500
2026-04-23,WMT,131.7785,16376000
2026-04-24,WMT,129.6725,16016300
2026-04-27,WMT,127.347,17029500
2026-04-28,WMT,127.347,16341800
2026-04-29,WMT,127.7662,16538800
2026-04-30,WMT,131.6787,19867700
2026-05-01,WMT,131.3493,10480900
2026-05-04,WMT,130.0818,10340700
2026-05-05,WMT,130.5409,10637300
2026-05-06,WMT,129.8322,16371500
2026-05-07,WMT,129.952,14935400
2026-05-08,WMT,130.43,15183700
2026-05-11,WMT,127.59,18699200
2026-05-12,WMT,130.35,17926000
2026-02-02,WQTM,27.15,72700
2026-02-03,WQTM,27.04,45700
2026-02-04,WQTM,26.11,45500
2026-02-05,WQTM,25.27,25745
2026-02-06,WQTM,26.73,80782
2026-02-09,WQTM,27.25,23200
2026-02-10,WQTM,26.97,22400
2026-02-11,WQTM,27.0,9600
2026-02-12,WQTM,26.13,38300
2026-02-13,WQTM,26.65,27900
2026-02-17,WQTM,26.23,22200
2026-02-18,WQTM,26.44,35900
2026-02-19,WQTM,26.32,35100
2026-02-20,WQTM,26.34,32300
2026-02-23,WQTM,25.87,15600
2026-02-24,WQTM,26.39,16700
2026-02-25,WQTM,27.24,20100
2026-02-26,WQTM,27.6,36400
2026-02-27,WQTM,27.1,22700
2026-03-02,WQTM,27.22,30800
2026-03-03,WQTM,26.43,25500
2026-03-04,WQTM,27.106,55700
2026-03-05,WQTM,26.46,33300
2026-03-06,WQTM,25.94,20000
2026-03-09,WQTM,26.51,35674
2026-03-10,WQTM,26.53,17373
2026-03-11,WQTM,26.34,15735
2026-03-12,WQTM,25.74,20176
2026-03-13,WQTM,25.554,14463
2026-03-16,WQTM,25.88,15000
2026-03-17,WQTM,25.97,8000
2026-03-18,WQTM,25.504,13100
2026-03-19,WQTM,25.544,39600
2026-03-20,WQTM,24.8,19000
2026-03-23,WQTM,25.605,27400
2026-03-24,WQTM,25.8,43500
2026-03-25,WQTM,25.95,17600
2026-03-26,WQTM,24.79,7700
2026-03-27,WQTM,24.13,15200
2026-03-30,WQTM,23.32,57000
2026-03-31,WQTM,24.695,20500
2026-04-01,WQTM,24.87,11000
2026-04-02,WQTM,25.285,22000
2026-04-06,WQTM,25.38,17700
2026-04-07,WQTM,25.36,17700
2026-04-08,WQTM,26.66,22300
2026-04-09,WQTM,26.611,33200
2026-04-10,WQTM,26.82,12000
2026-04-13,WQTM,27.365,19100
2026-04-14,WQTM,28.613,47100
2026-04-15,WQTM,30.05,141500
2026-04-16,WQTM,30.6,95200
2026-04-17,WQTM,31.29,100200
2026-04-20,WQTM,31.28,69900
2026-04-21,WQTM,30.95,41900
2026-04-22,WQTM,31.34,52200
2026-04-23,WQTM,30.66,37300
2026-04-24,WQTM,31.17,40900
2026-04-27,WQTM,31.17,72000
2026-04-28,WQTM,30.36,70900
2026-04-29,WQTM,30.68,63000
2026-04-30,WQTM,31.72,64200
2026-05-01,WQTM,32.05,48000
2026-05-04,WQTM,32.11,116600
2026-05-05,WQTM,33.02,113800
2026-05-06,WQTM,34.63,268400
2026-05-07,WQTM,33.05,159500
2026-05-08,WQTM,34.5,131100
2026-05-11,WQTM,35.51,453800
2026-05-12,WQTM,34.91,558407
2026-02-02,WT,16.06,7422100
2026-02-03,WT,16.45,6520000
2026-02-04,WT,16.23,3986900
2026-02-05,WT,15.5,3885900
2026-02-06,WT,15.7109,3520500
2026-02-09,WT,15.9505,5938200
2026-02-10,WT,16.21,2677900
2026-02-11,WT,16.06,2958100
2026-02-12,WT,16.33,2360300
2026-02-13,WT,16.36,1933000
2026-02-17,WT,16.56,2302800
2026-02-18,WT,16.98,2933600
2026-02-19,WT,16.51,3670200
2026-02-20,WT,16.38,2924300
2026-02-23,WT,16.72,2937900
2026-02-24,WT,16.69,4243300
2026-02-25,WT,17.31,2645200
2026-02-26,WT,17.37,3387200
2026-02-27,WT,17.11,2640700
2026-03-02,WT,17.52,2916200
2026-03-03,WT,16.99,2159100
2026-03-04,WT,17.5,1772500
2026-03-05,WT,17.11,2741800
2026-03-06,WT,16.62,1960900
2026-03-09,WT,16.59,1667700
2026-03-10,WT,16.37,1876900
2026-03-11,WT,15.67,2023900
2026-03-12,WT,15.14,2373900
2026-03-13,WT,15.26,1425600
2026-03-16,WT,14.84,1518300
2026-03-17,WT,15.05,1853400
2026-03-18,WT,14.26,4572900
2026-03-19,WT,13.86,1501400
2026-03-20,WT,13.24,3225600
2026-03-23,WT,13.49,1594900
2026-03-24,WT,13.91,13856700
2026-03-25,WT,15.0,4557400
2026-03-26,WT,14.55,2022500
2026-03-27,WT,13.9,2636900
2026-03-30,WT,13.92,3689700
2026-03-31,WT,14.56,4447600
2026-04-01,WT,14.47,5085400
2026-04-02,WT,14.45,3928700
2026-04-06,WT,14.94,2272100
2026-04-07,WT,15.1,2869900
2026-04-08,WT,15.56,4096800
2026-04-09,WT,15.85,3130900
2026-04-10,WT,15.84,1996700
2026-04-13,WT,16.38,1722800
2026-04-14,WT,17.27,6484200
2026-04-15,WT,17.09,2472700
2026-04-16,WT,16.46,3005100
2026-04-17,WT,17.46,5113100
2026-04-20,WT,18.3,6473400
2026-04-21,WT,17.48,4427100
2026-04-22,WT,17.19,3089700
2026-04-23,WT,16.91,2378000
2026-04-24,WT,16.37,3396400
2026-04-27,WT,16.65,2564400
2026-04-28,WT,16.72,1761600
2026-04-29,WT,16.19,2185700
2026-04-30,WT,17.0,3124900
2026-05-01,WT,16.62,3884400
2026-05-04,WT,17.28,3927700
2026-05-05,WT,18.24,3730300
2026-05-06,WT,19.06,4902500
2026-05-07,WT,18.72,2919700
2026-05-08,WT,19.1,2182500
2026-05-11,WT,19.4,3371800
2026-05-12,WT,18.72,2392399
2026-02-02,WTRG,37.5538,1766700
2026-02-03,WTRG,37.2003,2373000
2026-02-04,WTRG,36.7193,2678000
2026-02-05,WTRG,37.004,1967100
2026-02-06,WTRG,36.7389,2073100
2026-02-09,WTRG,36.5338,2068000
2026-02-10,WTRG,37.3166,2269400
2026-02-11,WTRG,37.0986,2170400
2026-02-12,WTRG,38.2282,2440600
2026-02-13,WTRG,39.3677,2008800
2026-02-17,WTRG,39.2389,1736000
2026-02-18,WTRG,38.6047,1575300
2026-02-19,WTRG,38.7335,1846600
2026-02-20,WTRG,38.3273,1581800
2026-02-23,WTRG,38.9218,3755400
2026-02-24,WTRG,39.3974,3340300
2026-02-25,WTRG,39.5362,2415600
2026-02-26,WTRG,39.4172,1872600
2026-02-27,WTRG,39.6055,28658800
2026-03-02,WTRG,39.7839,2818100
2026-03-03,WTRG,39.7442,2921000
2026-03-04,WTRG,39.8731,1821300
2026-03-05,WTRG,39.2191,1900100
2026-03-06,WTRG,39.982,1908000
2026-03-09,WTRG,40.4775,3401600
2026-03-10,WTRG,39.1497,1338200
2026-03-11,WTRG,39.3974,1240300
2026-03-12,WTRG,40.6856,2482700
2026-03-13,WTRG,41.2702,2137800
2026-03-16,WTRG,40.6658,1841800
2026-03-17,WTRG,40.4478,1480200
2026-03-18,WTRG,40.2991,1396100
2026-03-19,WTRG,40.101,990000
2026-03-20,WTRG,39.5659,4936800
2026-03-23,WTRG,39.6352,1311300
2026-03-24,WTRG,39.338,1777900
2026-03-25,WTRG,39.2884,2312800
2026-03-26,WTRG,40.418,1281900
2026-03-27,WTRG,39.9721,1311400
2026-03-30,WTRG,40.6757,1219600
2026-03-31,WTRG,39.9028,1781600
2026-04-01,WTRG,40.2694,1494300
2026-04-02,WTRG,40.7054,1288300
2026-04-06,WTRG,40.5171,1278900
2026-04-07,WTRG,40.101,1664000
2026-04-08,WTRG,39.9523,3157100
2026-04-09,WTRG,40.6856,2182900
2026-04-10,WTRG,40.2892,1541500
2026-04-13,WTRG,39.229,2790100
2026-04-14,WTRG,39.1101,2195900
2026-04-15,WTRG,38.2282,2524100
2026-04-16,WTRG,38.3669,2666800
2026-04-17,WTRG,38.6444,5729900
2026-04-20,WTRG,39.4272,2322700
2026-04-21,WTRG,38.8425,1615400
2026-04-22,WTRG,38.6047,1551900
2026-04-23,WTRG,39.9622,1845400
2026-04-24,WTRG,39.1596,6571100
2026-04-27,WTRG,39.0506,1678800
2026-04-28,WTRG,39.2686,1370200
2026-04-29,WTRG,39.1299,1675200
2026-04-30,WTRG,37.8517,3818900
2026-05-01,WTRG,37.6832,1478200
2026-05-04,WTRG,37.6039,1565700
2026-05-05,WTRG,37.1481,2551700
2026-05-06,WTRG,37.1977,3365300
2026-05-07,WTRG,37.3558,2042500
2026-05-08,WTRG,37.1279,1006300
2026-05-11,WTRG,37.227,2134200
2026-05-12,WTRG,37.98,1959100
2026-02-02,WTS,304.9987,144442
2026-02-03,WTS,303.6808,185886
2026-02-04,WTS,306.4265,213365
2026-02-05,WTS,308.3135,308346
2026-02-06,WTS,318.7171,396688
2026-02-09,WTS,319.2562,170387
2026-02-10,WTS,314.5237,170384
2026-02-11,WTS,314.2541,182313
2026-02-12,WTS,335.6504,346529
2026-02-13,WTS,328.0124,497244
2026-02-17,WTS,328.9609,334533
2026-02-18,WTS,329.3902,274742
2026-02-19,WTS,328.7912,183637
2026-02-20,WTS,326.1753,175821
2026-02-23,WTS,323.4995,148204
2026-02-24,WTS,330.2489,153591
2026-02-25,WTS,329.6099,151952
2026-02-26,WTS,329.54,170863
2026-02-27,WTS,328.74,165511
2026-03-02,WTS,325.71,199577
2026-03-03,WTS,320.87,176701
2026-03-04,WTS,319.61,123321
2026-03-05,WTS,313.17,166803
2026-03-06,WTS,306.16,176654
2026-03-09,WTS,308.76,151971
2026-03-10,WTS,306.57,165134
2026-03-11,WTS,308.09,135083
2026-03-12,WTS,303.28,183575
2026-03-13,WTS,297.8,239491
2026-03-16,WTS,300.79,187794
2026-03-17,WTS,301.25,152598
2026-03-18,WTS,296.52,158232
2026-03-19,WTS,293.4,144455
2026-03-20,WTS,289.56,466018
2026-03-23,WTS,294.55,246970
2026-03-24,WTS,298.45,134752
2026-03-25,WTS,297.79,148149
2026-03-26,WTS,290.3,145980
2026-03-27,WTS,287.01,217375
2026-03-30,WTS,283.79,171215
2026-03-31,WTS,290.29,227499
2026-04-01,WTS,293.01,175676
2026-04-02,WTS,288.92,165166
2026-04-06,WTS,287.95,116251
2026-04-07,WTS,290.1,175703
2026-04-08,WTS,301.15,182000
2026-04-09,WTS,304.19,176600
2026-04-10,WTS,302.73,131800
2026-04-13,WTS,309.49,229100
2026-04-14,WTS,308.74,193600
2026-04-15,WTS,303.66,368900
2026-04-16,WTS,299.75,250300
2026-04-17,WTS,302.45,612000
2026-04-20,WTS,293.83,413700
2026-04-21,WTS,296.8,263500
2026-04-22,WTS,300.54,309900
2026-04-23,WTS,303.39,262500
2026-04-24,WTS,301.21,676600
2026-04-27,WTS,303.86,205700
2026-04-28,WTS,298.2,221600
2026-04-29,WTS,297.28,181300
2026-04-30,WTS,300.16,258100
2026-05-01,WTS,293.6,184800
2026-05-04,WTS,289.93,238600
2026-05-05,WTS,291.69,267300
2026-05-06,WTS,291.99,378700
2026-05-07,WTS,294.14,462900
2026-05-08,WTS,296.9,328200
2026-05-11,WTS,298.16,317500
2026-05-12,WTS,299.95,347792
2026-02-02,XBI,127.35,5748400
2026-02-03,XBI,127.65,8920200
2026-02-04,XBI,125.29,12029000
2026-02-05,XBI,120.72,14456700
2026-02-06,XBI,125.51,9603100
2026-02-09,XBI,126.11,5285300
2026-02-10,XBI,125.34,5884200
2026-02-11,XBI,124.65,7805400
2026-02-12,XBI,123.18,6850000
2026-02-13,XBI,122.86,8805000
2026-02-17,XBI,124.63,7777600
2026-02-18,XBI,125.6,6237900
2026-02-19,XBI,126.74,9191400
2026-02-20,XBI,124.78,13356300
2026-02-23,XBI,126.97,10952000
2026-02-24,XBI,129.16,9478000
2026-02-25,XBI,128.28,9733900
2026-02-26,XBI,127.67,9223800
2026-02-27,XBI,127.37,5937500
2026-03-02,XBI,126.55,9334600
2026-03-03,XBI,123.5,13501200
2026-03-04,XBI,126.42,8470000
2026-03-05,XBI,123.9,10130700
2026-03-06,XBI,124.0,11373300
2026-03-09,XBI,127.12,12194320
2026-03-10,XBI,127.43,10041990
2026-03-11,XBI,126.38,7379400
2026-03-12,XBI,122.62,11524800
2026-03-13,XBI,121.83,10405300
2026-03-16,XBI,123.91,7354200
2026-03-17,XBI,124.19,5898900
2026-03-18,XBI,121.11,9336100
2026-03-19,XBI,122.33,11717300
2026-03-20,XBI,120.31,12186700
2026-03-23,XBI,121.7,8366700
2026-03-24,XBI,119.54,10280000
2026-03-25,XBI,123.92,11469100
2026-03-26,XBI,123.9,11477100
2026-03-27,XBI,119.59,10706300
2026-03-30,XBI,118.78,9306200
2026-03-31,XBI,127.73,18482500
2026-04-01,XBI,128.55,20031500
2026-04-02,XBI,128.96,9896100
2026-04-06,XBI,128.8,6290400
2026-04-07,XBI,128.85,9788800
2026-04-08,XBI,130.65,7511800
2026-04-09,XBI,131.82,5596600
2026-04-10,XBI,129.44,10034300
2026-04-13,XBI,132.05,7851900
2026-04-14,XBI,135.72,11046900
2026-04-15,XBI,136.45,8563800
2026-04-16,XBI,135.46,6839900
2026-04-17,XBI,138.67,10212700
2026-04-20,XBI,137.79,6034000
2026-04-21,XBI,136.39,6756500
2026-04-22,XBI,137.31,4641000
2026-04-23,XBI,134.49,7785000
2026-04-24,XBI,133.28,6790700
2026-04-27,XBI,133.04,6658700
2026-04-28,XBI,131.16,7649700
2026-04-29,XBI,128.9,9033100
2026-04-30,XBI,131.33,7917900
2026-05-01,XBI,130.42,8261100
2026-05-04,XBI,133.5,8114200
2026-05-05,XBI,133.79,8702600
2026-05-06,XBI,137.68,8468600
2026-05-07,XBI,133.66,10692800
2026-05-08,XBI,134.71,11783800
2026-05-11,XBI,134.75,9991800
2026-05-12,XBI,134.91,5834337
2026-02-02,XLI,167.0606,11466590
2026-02-03,XLI,168.4666,16444039
2026-02-04,XLI,168.9154,21338400
2026-02-05,XLI,167.8982,18699270
2026-02-06,XLI,172.6947,11992060
2026-02-09,XLI,173.2133,9472644
2026-02-10,XLI,173.4227,8820220
2026-02-11,XLI,174.3501,12551880
2026-02-12,XLI,172.266,18156990
2026-02-13,XLI,173.682,13617880
2026-02-17,XLI,174.5894,13810820
2026-02-18,XLI,174.5495,10623810
2026-02-19,XLI,175.8459,13431100
2026-02-20,XLI,176.7334,13104050
2026-02-23,XLI,174.3401,10566590
2026-02-24,XLI,176.4841,9756534
2026-02-25,XLI,175.108,11757670
2026-02-26,XLI,176.2049,13764910
2026-02-27,XLI,176.6437,9692680
2026-03-02,XLI,178.3987,21917961
2026-03-03,XLI,174.9484,20481279
2026-03-04,XLI,175.4769,13604210
2026-03-05,XLI,171.5779,21309971
2026-03-06,XLI,169.4638,22680270
2026-03-09,XLI,170.461,19492520
2026-03-10,XLI,169.5436,16791061
2026-03-11,XLI,169.0151,14287610
2026-03-12,XLI,164.777,15925580
2026-03-13,XLI,164.1887,15836160
2026-03-16,XLI,165.5947,11091290
2026-03-17,XLI,166.0335,12772840
2026-03-18,XLI,164.7172,11872800
2026-03-19,XLI,163.6003,17990080
2026-03-20,XLI,161.217,19199320
2026-03-23,XLI,163.05,18508400
2026-03-24,XLI,164.0,14110200
2026-03-25,XLI,165.1,12205600
2026-03-26,XLI,161.27,15416400
2026-03-27,XLI,159.2,13923700
2026-03-30,XLI,156.61,17459600
2026-03-31,XLI,161.73,15855900
2026-04-01,XLI,164.43,17035300
2026-04-02,XLI,163.77,11097200
2026-04-06,XLI,164.61,7105500
2026-04-07,XLI,164.28,10068200
2026-04-08,XLI,170.44,12808600
2026-04-09,XLI,172.19,8180000
2026-04-10,XLI,171.52,5169700
2026-04-13,XLI,172.73,6814100
2026-04-14,XLI,173.35,5490700
2026-04-15,XLI,171.18,13548300
2026-04-16,XLI,170.33,8629200
2026-04-17,XLI,173.51,9529000
2026-04-20,XLI,173.9,5734900
2026-04-21,XLI,171.44,8752700
2026-04-22,XLI,171.04,10595400
2026-04-23,XLI,174.07,14418800
2026-04-24,XLI,172.47,7665200
2026-04-27,XLI,172.51,6689500
2026-04-28,XLI,170.98,9000000
2026-04-29,XLI,169.93,9059900
2026-04-30,XLI,174.58,12012100
2026-05-01,XLI,172.96,6800700
2026-05-04,XLI,170.98,7618500
2026-05-05,XLI,172.41,6189400
2026-05-06,XLI,176.87,10461300
2026-05-07,XLI,174.0,10627700
2026-05-08,XLI,173.2,5883800
2026-05-11,XLI,175.04,6277200
2026-05-12,XLI,174.35,7150248
2026-02-02,XLRE,40.6865,9386900
2026-02-03,XLRE,40.5375,8709700
2026-02-04,XLRE,41.1831,9573700
2026-02-05,XLRE,40.9547,9894800
2026-02-06,XLRE,41.7096,8181400
2026-02-09,XLRE,41.9679,5638900
2026-02-10,XLRE,42.5539,10547700
2026-02-11,XLRE,42.5142,13760200
2026-02-12,XLRE,42.5837,17848900
2026-02-13,XLRE,43.2095,10767600
2026-02-17,XLRE,43.6466,9757700
2026-02-18,XLRE,43.0605,10995700
2026-02-19,XLRE,42.9115,6655300
2026-02-20,XLRE,43.2691,7468400
2026-02-23,XLRE,43.3188,8647500
2026-02-24,XLRE,43.438,10590000
2026-02-25,XLRE,43.1499,8744800
2026-02-26,XLRE,43.3386,8774100
2026-02-27,XLRE,43.5472,10826300
2026-03-02,XLRE,43.6267,13308300
2026-03-03,XLRE,43.4082,12288100
2026-03-04,XLRE,43.4678,7850700
2026-03-05,XLRE,43.0506,9182400
2026-03-06,XLRE,42.6036,11703200
2026-03-09,XLRE,42.693,10771000
2026-03-10,XLRE,42.6334,10506900
2026-03-11,XLRE,42.1268,7164700
2026-03-12,XLRE,41.8586,6487100
2026-03-13,XLRE,41.9679,7916200
2026-03-16,XLRE,42.2957,9002800
2026-03-17,XLRE,42.4347,5654600
2026-03-18,XLRE,41.7394,6351100
2026-03-19,XLRE,41.6401,9645500
2026-03-20,XLRE,40.3189,15901300
2026-03-23,XLRE,40.62,15314800
2026-03-24,XLRE,40.29,9942800
2026-03-25,XLRE,40.27,9903600
2026-03-26,XLRE,40.29,14478400
2026-03-27,XLRE,40.01,6122400
2026-03-30,XLRE,40.21,12617000
2026-03-31,XLRE,40.83,13395200
2026-04-01,XLRE,40.95,11565600
2026-04-02,XLRE,41.61,7354700
2026-04-06,XLRE,41.76,5149600
2026-04-07,XLRE,41.72,5421400
2026-04-08,XLRE,42.44,5836500
2026-04-09,XLRE,42.73,5202000
2026-04-10,XLRE,42.82,4989700
2026-04-13,XLRE,43.02,4079300
2026-04-14,XLRE,43.43,4873600
2026-04-15,XLRE,43.41,3029500
2026-04-16,XLRE,43.81,4316700
2026-04-17,XLRE,44.48,3840300
2026-04-20,XLRE,44.64,3628800
2026-04-21,XLRE,43.78,5080900
2026-04-22,XLRE,43.46,5116300
2026-04-23,XLRE,43.96,4159300
2026-04-24,XLRE,43.83,3581000
2026-04-27,XLRE,43.49,4082400
2026-04-28,XLRE,43.91,6136400
2026-04-29,XLRE,43.64,9108500
2026-04-30,XLRE,44.4,7471300
2026-05-01,XLRE,44.32,7212400
2026-05-04,XLRE,44.08,4220406
2026-05-05,XLRE,44.17,5810834
2026-05-06,XLRE,44.74,5308700
2026-05-07,XLRE,44.4,6956200
2026-05-08,XLRE,44.41,3267100
2026-05-11,XLRE,44.57,4172300
2026-05-12,XLRE,44.58,4822535
2026-02-02,XLU,42.3241,32847559
2026-02-03,XLU,42.9398,35525500
2026-02-04,XLU,42.7809,30994260
2026-02-05,XLU,42.8008,31475410
2026-02-06,XLU,43.049,30530070
2026-02-09,XLU,43.1781,21173949
2026-02-10,XLU,43.8931,34683594
2026-02-11,XLU,44.2804,25614770
2026-02-12,XLU,44.9358,45623352
2026-02-13,XLU,46.1772,42451801
2026-02-17,XLU,46.058,32423971
2026-02-18,XLU,45.2933,32841512
2026-02-19,XLU,45.7899,24172480
2026-02-20,XLU,46.0083,22623160
2026-02-23,XLU,46.3559,33130879
2026-02-24,XLU,46.8723,29503270
2026-02-25,XLU,47.0312,22356561
2026-02-26,XLU,46.8524,30578631
2026-02-27,XLU,47.3986,39759621
2026-03-02,XLU,47.0411,33087309
2026-03-03,XLU,46.7432,60946641
2026-03-04,XLU,46.9418,24020801
2026-03-05,XLU,46.5744,29797279
2026-03-06,XLU,46.4155,25001689
2026-03-09,XLU,46.5247,27759000
2026-03-10,XLU,46.2367,24936289
2026-03-11,XLU,45.8494,20026061
2026-03-12,XLU,46.1772,27419891
2026-03-13,XLU,46.634,31521020
2026-03-16,XLU,46.9319,19775449
2026-03-17,XLU,46.8028,18502260
2026-03-18,XLU,46.4056,31063490
2026-03-19,XLU,46.2169,29543971
2026-03-20,XLU,44.34,47128273
2026-03-23,XLU,44.78,31574300
2026-03-24,XLU,45.09,24183800
2026-03-25,XLU,45.25,22297400
2026-03-26,XLU,45.33,19988000
2026-03-27,XLU,45.59,26172900
2026-03-30,XLU,45.92,28363600
2026-03-31,XLU,45.89,42852800
2026-04-01,XLU,46.11,31185100
2026-04-02,XLU,46.34,17331800
2026-04-06,XLU,46.17,12939500
2026-04-07,XLU,46.27,13657000
2026-04-08,XLU,46.78,18879700
2026-04-09,XLU,47.15,23274600
2026-04-10,XLU,46.96,15052100
2026-04-13,XLU,46.39,17795700
2026-04-14,XLU,46.47,25118600
2026-04-15,XLU,46.02,24843900
2026-04-16,XLU,46.35,26945000
2026-04-17,XLU,46.16,17601500
2026-04-20,XLU,45.75,14376100
2026-04-21,XLU,44.95,19596900
2026-04-22,XLU,44.87,21731700
2026-04-23,XLU,46.09,23864300
2026-04-24,XLU,46.18,24158700
2026-04-27,XLU,46.19,14543100
2026-04-28,XLU,46.25,13016000
2026-04-29,XLU,45.68,12655100
2026-04-30,XLU,46.85,22378500
2026-05-01,XLU,46.55,15507000
2026-05-04,XLU,46.37,18054200
2026-05-05,XLU,46.37,17499600
2026-05-06,XLU,45.71,26315500
2026-05-07,XLU,45.12,23499400
2026-05-08,XLU,44.72,18158100
2026-05-11,XLU,45.14,22669300
2026-05-12,XLU,45.19,28023094
2026-02-02,XLV,155.0526,11005280
2026-02-03,XLV,153.4691,21141881
2026-02-04,XLV,155.3912,22951609
2026-02-05,XLV,154.2061,21421561
2026-02-06,XLV,157.0643,13616190
2026-02-09,XLV,155.68,11822970
2026-02-10,XLV,154.6941,11103680
2026-02-11,XLV,155.6103,11738570
2026-02-12,XLV,155.3613,19409289
2026-02-13,XLV,157.0245,16647939
2026-02-17,XLV,156.7257,14881060
2026-02-18,XLV,157.0245,11886340
2026-02-19,XLV,156.6162,11227280
2026-02-20,XLV,156.178,13368520
2026-02-23,XLV,157.8909,17053490
2026-02-24,XLV,157.2237,12887250
2026-02-25,XLV,157.1838,11011490
2026-02-26,XLV,156.7755,15344360
2026-02-27,XLV,159.5441,14250060
2026-03-02,XLV,157.881,18641391
2026-03-03,XLV,156.0983,21432641
2026-03-04,XLV,156.407,12745690
2026-03-05,XLV,153.2799,20476801
2026-03-06,XLV,152.0748,18174029
2026-03-09,XLV,153.6284,18675699
2026-03-10,XLV,152.523,17247510
2026-03-11,XLV,152.2242,12503800
2026-03-12,XLV,149.5452,15670460
2026-03-13,XLV,149.1767,15129350
2026-03-16,XLV,150.3917,10896680
2026-03-17,XLV,149.0274,11938610
2026-03-18,XLV,146.5376,15565400
2026-03-19,XLV,146.0098,16912990
2026-03-20,XLV,144.735,16582211
2026-03-23,XLV,144.77,21815400
2026-03-24,XLV,144.79,24230900
2026-03-25,XLV,146.24,17743300
2026-03-26,XLV,145.74,13321000
2026-03-27,XLV,143.26,12932200
2026-03-30,XLV,143.82,14799700
2026-03-31,XLV,146.61,17866000
2026-04-01,XLV,147.73,16899200
2026-04-02,XLV,146.81,11087900
2026-04-06,XLV,146.28,7272600
2026-04-07,XLV,146.57,10263400
2026-04-08,XLV,149.67,8130700
2026-04-09,XLV,149.33,6406400
2026-04-10,XLV,147.31,6217800
2026-04-13,XLV,147.97,6182800
2026-04-14,XLV,148.83,7722300
2026-04-15,XLV,147.77,6669200
2026-04-16,XLV,146.61,9072300
2026-04-17,XLV,148.8,8338100
2026-04-20,XLV,147.42,6325700
2026-04-21,XLV,145.92,8735300
2026-04-22,XLV,146.38,8316900
2026-04-23,XLV,146.24,7612000
2026-04-24,XLV,144.18,7969700
2026-04-27,XLV,143.46,6571900
2026-04-28,XLV,143.84,8612400
2026-04-29,XLV,142.84,11885500
2026-04-30,XLV,145.99,12587800
2026-05-01,XLV,145.16,8865800
2026-05-04,XLV,144.73,10885900
2026-05-05,XLV,145.3,7174900
2026-05-06,XLV,145.4,10613500
2026-05-07,XLV,144.72,7608000
2026-05-08,XLV,143.49,10165400
2026-05-11,XLV,143.04,9255700
2026-05-12,XLV,145.85,11673607
2026-02-02,XLY,121.7255,8483043
2026-02-03,XLY,120.7474,12467810
2026-02-04,XLY,119.8592,13915560
2026-02-05,XLY,117.2744,13290010
2026-02-06,XLY,117.7535,20971381
2026-02-09,XLY,117.3143,10975740
2026-02-10,XLY,118.0928,9920753
2026-02-11,XLY,117.5239,10214130
2026-02-12,XLY,115.8972,16374690
2026-02-13,XLY,115.9471,10836590
2026-02-17,XLY,115.8074,9623012
2026-02-18,XLY,116.7854,9719511
2026-02-19,XLY,116.007,9482492
2026-02-20,XLY,117.2145,16652930
2026-02-23,XLY,114.7595,14604800
2026-02-24,XLY,116.506,11320520
2026-02-25,XLY,116.8553,8776481
2026-02-26,XLY,116.8153,9560949
2026-02-27,XLY,116.6257,9636197
2026-03-02,XLY,115.1886,18205770
2026-03-03,XLY,114.1307,20773109
2026-03-04,XLY,116.1567,11496670
2026-03-05,XLY,116.3163,14881570
2026-03-06,XLY,114.2106,16348510
2026-03-09,XLY,114.3603,16278480
2026-03-10,XLY,114.2106,11784400
2026-03-11,XLY,113.9112,10960500
2026-03-12,XLY,111.2964,12088220
2026-03-13,XLY,110.6377,11708590
2026-03-16,XLY,111.9751,9307630
2026-03-17,XLY,112.9531,6767033
2026-03-18,XLY,110.3483,10979170
2026-03-19,XLY,109.4801,12496420
2026-03-20,XLY,107.524,12297010
2026-03-23,XLY,110.12,14779090
2026-03-24,XLY,109.68,9032215
2026-03-25,XLY,110.73,9412957
2026-03-26,XLY,108.83,7981025
2026-03-27,XLY,105.68,10454732
2026-03-30,XLY,105.66,10191980
2026-03-31,XLY,108.98,19487551
2026-04-01,XLY,109.8,14467612
2026-04-02,XLY,108.15,9684862
2026-04-06,XLY,109.04,6909176
2026-04-07,XLY,107.77,8956357
2026-04-08,XLY,110.82,14442412
2026-04-09,XLY,112.74,6660503
2026-04-10,XLY,112.89,5607449
2026-04-13,XLY,113.92,5992591
2026-04-14,XLY,116.44,8128618
2026-04-15,XLY,118.18,8034872
2026-04-16,XLY,117.63,5672123
2026-04-17,XLY,120.41,9822163
2026-04-20,XLY,119.87,5450255
2026-04-21,XLY,118.97,7208431
2026-04-22,XLY,118.93,5289873
2026-04-23,XLY,117.74,7530908
2026-04-24,XLY,118.69,5545998
2026-04-27,XLY,117.84,6915987
2026-04-28,XLY,117.01,6740884
2026-04-29,XLY,116.84,8155385
2026-04-30,XLY,118.35,10280790
2026-05-01,XLY,118.63,13071325
2026-05-04,XLY,117.72,10738020
2026-05-05,XLY,118.07,6216889
2026-05-06,XLY,119.87,10430734
2026-05-07,XLY,119.88,7928256
2026-05-08,XLY,120.2,6054229
2026-05-11,XLY,119.37,5829368
2026-05-12,XLY,118.29,6621840
2026-02-02,XME,118.5465,4757552
2026-02-03,XME,124.5028,3971010
2026-02-04,XME,121.5647,3412287
2026-02-05,XME,115.5884,3187745
2026-02-06,XME,122.4241,3538604
2026-02-09,XME,125.3923,2427511
2026-02-10,XME,123.0238,2054471
2026-02-11,XME,123.6634,2003824
2026-02-12,XME,116.6077,4015212
2026-02-13,XME,117.757,2688573
2026-02-17,XME,115.0387,2576993
2026-02-18,XME,117.0175,2016109
2026-02-19,XME,117.1674,1692251
2026-02-20,XME,117.3873,3200681
2026-02-23,XME,117.6371,2720491
2026-02-24,XME,119.2961,1948738
2026-02-25,XME,119.406,2362722
2026-02-26,XME,119.9557,1848895
2026-02-27,XME,119.2761,1921447
2026-03-02,XME,121.9844,2210957
2026-03-03,XME,117.2074,3387353
2026-03-04,XME,117.5771,1884742
2026-03-05,XME,112.8001,3216098
2026-03-06,XME,110.0718,2988701
2026-03-09,XME,111.9806,3821729
2026-03-10,XME,114.0493,4733160
2026-03-11,XME,114.8288,1896355
2026-03-12,XME,112.7401,1759981
2026-03-13,XME,108.9625,2231959
2026-03-16,XME,110.4116,1695302
2026-03-17,XME,110.7014,1365761
2026-03-18,XME,107.8432,2106550
2026-03-19,XME,105.1049,3480411
2026-03-20,XME,101.667,4359892
2026-03-23,XME,103.61,4354200
2026-03-24,XME,106.82,1957200
2026-03-25,XME,107.9,2059600
2026-03-26,XME,104.92,1552100
2026-03-27,XME,105.94,1312400
2026-03-30,XME,103.46,1883600
2026-03-31,XME,108.01,3928300
2026-04-01,XME,109.9,2595300
2026-04-02,XME,110.78,1167000
2026-04-06,XME,110.22,1620000
2026-04-07,XME,109.8,1585900
2026-04-08,XME,113.35,2919300
2026-04-09,XME,112.71,2052800
2026-04-10,XME,113.56,1730700
2026-04-13,XME,114.95,1793500
2026-04-14,XME,115.26,3500500
2026-04-15,XME,115.68,1544100
2026-04-16,XME,115.96,1434900
2026-04-17,XME,117.6,2557400
2026-04-20,XME,119.2,1838855
2026-04-21,XME,117.37,3126420
2026-04-22,XME,121.81,1733000
2026-04-23,XME,117.64,2498500
2026-04-24,XME,117.78,1490700
2026-04-27,XME,120.2,1757600
2026-04-28,XME,117.07,2370500
2026-04-29,XME,114.61,2060600
2026-04-30,XME,118.73,2615900
2026-05-01,XME,118.56,2062900
2026-05-04,XME,116.96,1948900
2026-05-05,XME,118.88,1151400
2026-05-06,XME,124.14,3451800
2026-05-07,XME,120.51,3439100
2026-05-08,XME,120.95,1539500
2026-05-11,XME,124.54,2173500
2026-05-12,XME,123.6,2124833
2026-02-02,XOM,137.4836,27735600
2026-02-03,XOM,142.7783,37577800
2026-02-04,XOM,146.6128,29426200
2026-02-05,XOM,145.1128,18431700
2026-02-06,XOM,148.0631,17216000
2026-02-09,XOM,150.2088,21297300
2026-02-10,XOM,150.5863,15800300
2026-02-11,XOM,154.53,23091500
2026-02-12,XOM,149.93,30652500
2026-02-13,XOM,148.45,20166000
2026-02-17,XOM,146.19,19766600
2026-02-18,XOM,150.68,19849700
2026-02-19,XOM,150.97,20305000
2026-02-20,XOM,147.28,25908600
2026-02-23,XOM,150.76,16073100
2026-02-24,XOM,149.26,14185500
2026-02-25,XOM,149.06,15225700
2026-02-26,XOM,148.54,15632100
2026-02-27,XOM,152.5,30275100
2026-03-02,XOM,154.22,31493100
2026-03-03,XOM,151.83,25198900
2026-03-04,XOM,149.82,16764800
2026-03-05,XOM,150.76,22969300
2026-03-06,XOM,151.21,21136400
2026-03-09,XOM,150.44,25532700
2026-03-10,XOM,148.13,19617600
2026-03-11,XOM,151.58,15297400
2026-03-12,XOM,153.53,26054000
2026-03-13,XOM,156.12,22414100
2026-03-16,XOM,157.23,22835600
2026-03-17,XOM,158.81,21592200
2026-03-18,XOM,157.59,18947100
2026-03-19,XOM,158.16,27082700
2026-03-20,XOM,159.67,53942100
2026-03-23,XOM,161.13,25021300
2026-03-24,XOM,165.38,26131800
2026-03-25,XOM,163.26,17192300
2026-03-26,XOM,165.43,18625200
2026-03-27,XOM,170.99,30338300
2026-03-30,XOM,171.47,29813500
2026-03-31,XOM,169.66,32006700
2026-04-01,XOM,160.78,37927600
2026-04-02,XOM,160.69,25377700
2026-04-06,XOM,163.37,16344300
2026-04-07,XOM,163.91,25227500
2026-04-08,XOM,156.22,31311200
2026-04-09,XOM,155.04,25868400
2026-04-10,XOM,152.51,21065000
2026-04-13,XOM,152.64,18685600
2026-04-14,XOM,149.24,18528200
2026-04-15,XOM,149.01,15626500
2026-04-16,XOM,151.98,15191000
2026-04-17,XOM,146.44,28947400
2026-04-20,XOM,147.68,16354400
2026-04-21,XOM,148.36,17515900
2026-04-22,XOM,149.5,13738700
2026-04-23,XOM,150.53,12970400
2026-04-24,XOM,148.91,13735900
2026-04-27,XOM,148.19,13940800
2026-04-28,XOM,150.56,15173600
2026-04-29,XOM,154.67,14669100
2026-04-30,XOM,154.33,22885900
2026-05-01,XOM,152.75,15458200
2026-05-04,XOM,153.69,14238500
2026-05-05,XOM,154.88,12494600
2026-05-06,XOM,148.69,20527000
2026-05-07,XOM,146.58,22509400
2026-05-08,XOM,144.57,19550100
2026-05-11,XOM,149.68,14849500
2026-05-12,XOM,150.63,16140723
2026-02-02,XSD,353.7425,44516
2026-02-03,XSD,347.0263,39777
2026-02-04,XSD,346.2667,58469
2026-02-05,XSD,345.757,32874
2026-02-06,XSD,358.5998,45547
2026-02-09,XSD,361.4782,25403
2026-02-10,XSD,360.2889,17993
2026-02-11,XSD,368.5942,25542
2026-02-12,XSD,359.1995,106735
2026-02-13,XSD,362.3377,70281
2026-02-17,XSD,359.8691,26060
2026-02-18,XSD,359.5093,18423
2026-02-19,XSD,354.5821,56212
2026-02-20,XSD,356.7808,13111
2026-02-23,XSD,353.0429,23711
2026-02-24,XSD,358.4399,24687
2026-02-25,XSD,363.1872,17319
2026-02-26,XSD,356.7908,28597
2026-02-27,XSD,350.8441,40901
2026-03-02,XSD,355.7714,63310
2026-03-03,XSD,338.2412,63167
2026-03-04,XSD,338.7709,37440
2026-03-05,XSD,333.4339,23210
2026-03-06,XSD,321.6804,27495
2026-03-09,XSD,330.9353,61015
2026-03-10,XSD,331.5349,39097
2026-03-11,XSD,336.802,26364
2026-03-12,XSD,325.4283,45235
2026-03-13,XSD,327.2173,16956
2026-03-16,XSD,333.4638,63151
2026-03-17,XSD,332.2445,46833
2026-03-18,XSD,328.5866,19777
2026-03-19,XSD,331.1551,23805
2026-03-20,XSD,322.43,22839
2026-03-23,XSD,329.34,24500
2026-03-24,XSD,334.87,43700
2026-03-25,XSD,340.22,35800
2026-03-26,XSD,328.33,49200
2026-03-27,XSD,319.15,36800
2026-03-30,XSD,306.05,88800
2026-03-31,XSD,326.12,53000
2026-04-01,XSD,332.18,21100
2026-04-02,XSD,336.61,20100
2026-04-06,XSD,340.07,24147
2026-04-07,XSD,340.87,16675
2026-04-08,XSD,359.35,45300
2026-04-09,XSD,364.29,18500
2026-04-10,XSD,370.87,51600
2026-04-13,XSD,380.85,53800
2026-04-14,XSD,389.06,63600
2026-04-15,XSD,393.28,30700
2026-04-16,XSD,404.04,47200
2026-04-17,XSD,414.67,36900
2026-04-20,XSD,423.65,40500
2026-04-21,XSD,430.75,58800
2026-04-22,XSD,440.83,67700
2026-04-23,XSD,450.99,163700
2026-04-24,XSD,478.99,93600
2026-04-27,XSD,464.58,187800
2026-04-28,XSD,444.03,148900
2026-04-29,XSD,465.2,110400
2026-04-30,XSD,488.09,169600
2026-05-01,XSD,498.44,152700
2026-05-04,XSD,496.31,176200
2026-05-05,XSD,518.42,103400
2026-05-06,XSD,531.93,159300
2026-05-07,XSD,523.78,132300
2026-05-08,XSD,554.17,124600
2026-05-11,XSD,575.49,193400
2026-05-12,XSD,551.0,282245
2026-02-02,XSW,166.01,52000
2026-02-03,XSW,156.56,69300
2026-02-04,XSW,155.64,152100
2026-02-05,XSW,148.25,91100
2026-02-06,XSW,155.57,86000
2026-02-09,XSW,157.3,64700
2026-02-10,XSW,158.54,30100
2026-02-11,XSW,152.88,442300
2026-02-12,XSW,148.63,201900
2026-02-13,XSW,151.49,59100
2026-02-17,XSW,148.83,58000
2026-02-18,XSW,150.82,40600
2026-02-19,XSW,150.55,42500
2026-02-20,XSW,149.41,81000
2026-02-23,XSW,141.84,78400
2026-02-24,XSW,145.66,76300
2026-02-25,XSW,149.79,49800
2026-02-26,XSW,153.8,106600
2026-02-27,XSW,150.55,167100
2026-03-02,XSW,152.18,242600
2026-03-03,XSW,153.47,65900
2026-03-04,XSW,156.1,136700
2026-03-05,XSW,157.82,113400
2026-03-06,XSW,156.35,108600
2026-03-09,XSW,156.16,155730
2026-03-10,XSW,152.88,82778
2026-03-11,XSW,152.97,112600
2026-03-12,XSW,150.04,64400
2026-03-13,XSW,149.52,104200
2026-03-16,XSW,150.35,46500
2026-03-17,XSW,151.45,41500
2026-03-18,XSW,149.51,62300
2026-03-19,XSW,149.49,50600
2026-03-20,XSW,147.37,81400
2026-03-23,XSW,149.94,92900
2026-03-24,XSW,143.8,235000
2026-03-25,XSW,143.89,128300
2026-03-26,XSW,143.67,74300
2026-03-27,XSW,138.25,127600
2026-03-30,XSW,138.65,92800
2026-03-31,XSW,142.29,72100
2026-04-01,XSW,142.75,71600
2026-04-02,XSW,144.91,40200
2026-04-06,XSW,145.87,48700
2026-04-07,XSW,144.96,38500
2026-04-08,XSW,144.29,50800
2026-04-09,XSW,139.88,88300
2026-04-10,XSW,135.97,170100
2026-04-13,XSW,141.85,240300
2026-04-14,XSW,143.12,161000
2026-04-15,XSW,149.47,123000
2026-04-16,XSW,151.4,161800
2026-04-17,XSW,153.67,99200
2026-04-20,XSW,155.8,517300
2026-04-21,XSW,155.42,142700
2026-04-22,XSW,156.8,110800
2026-04-23,XSW,147.53,181200
2026-04-24,XSW,151.37,85600
2026-04-27,XSW,150.87,33700
2026-04-28,XSW,150.79,27800
2026-04-29,XSW,150.88,110200
2026-04-30,XSW,151.28,140400
2026-05-01,XSW,156.84,80600
2026-05-04,XSW,160.22,111297
2026-05-05,XSW,160.9,105431
2026-05-06,XSW,159.71,57000
2026-05-07,XSW,163.17,143700
2026-05-08,XSW,162.91,32100
2026-05-11,XSW,159.95,68900
2026-05-12,XSW,156.03,18662
2026-02-02,XT,72.65,59300
2026-02-03,XT,71.605,78900
2026-02-04,XT,71.17,805500
2026-02-05,XT,70.02,88600
2026-02-06,XT,71.724,114600
2026-02-09,XT,72.23,70800
2026-02-10,XT,72.156,90400
2026-02-11,XT,72.67,55200
2026-02-12,XT,71.608,76200
2026-02-13,XT,72.122,48400
2026-02-17,XT,72.19,238000
2026-02-18,XT,72.47,75000
2026-02-19,XT,72.238,59300
2026-02-20,XT,72.41,56500
2026-02-23,XT,71.83,69500
2026-02-24,XT,72.46,70300
2026-02-25,XT,73.108,59900
2026-02-26,XT,72.48,74100
2026-02-27,XT,72.51,83100
2026-03-02,XT,72.01,343300
2026-03-03,XT,70.5,180600
2026-03-04,XT,71.5,183200
2026-03-05,XT,70.54,48800
2026-03-06,XT,69.71,61300
2026-03-09,XT,70.62,87749
2026-03-10,XT,70.6521,90460
2026-03-11,XT,70.705,127900
2026-03-12,XT,69.497,66700
2026-03-13,XT,69.112,50700
2026-03-16,XT,70.008,48400
2026-03-17,XT,70.115,58800
2026-03-18,XT,68.949,112700
2026-03-19,XT,68.79,74700
2026-03-20,XT,67.23,82800
2026-03-23,XT,68.2,71200
2026-03-24,XT,67.87,73500
2026-03-25,XT,68.57,31000
2026-03-26,XT,67.134,60600
2026-03-27,XT,65.85,84200
2026-03-30,XT,65.774,159000
2026-03-31,XT,68.149,106200
2026-04-01,XT,69.104,73100
2026-04-02,XT,68.67,64500
2026-04-06,XT,68.894,77500
2026-04-07,XT,69.01,61300
2026-04-08,XT,71.12,71900
2026-04-09,XT,71.21,75000
2026-04-10,XT,70.97,132000
2026-04-13,XT,71.81,60500
2026-04-14,XT,72.81,80200
2026-04-15,XT,73.2,68100
2026-04-16,XT,73.707,104900
2026-04-17,XT,74.92,94900
2026-04-20,XT,74.83,96700
2026-04-21,XT,74.19,75900
2026-04-22,XT,75.22,70700
2026-04-23,XT,75.48,79600
2026-04-24,XT,75.99,102400
2026-04-27,XT,75.725,53400
2026-04-28,XT,74.934,52300
2026-04-29,XT,74.959,46000
2026-04-30,XT,76.512,66500
2026-05-01,XT,76.651,91300
2026-05-04,XT,76.58,67300
2026-05-05,XT,77.36,59700
2026-05-06,XT,78.69,95300
2026-05-07,XT,78.12,2091700
2026-05-08,XT,79.07,42200
2026-05-11,XT,79.55,116000
2026-05-12,XT,78.94,85093
2026-02-02,XYL,139.4074,1207802
2026-02-03,XYL,138.1018,1082540
2026-02-04,XYL,139.2678,2089233
2026-02-05,XYL,138.7695,1285134
2026-02-06,XYL,141.6398,2220002
2026-02-09,XYL,139.7163,2956486
2026-02-10,XYL,128.4844,5022707
2026-02-11,XYL,126.3417,3408781
2026-02-12,XYL,125.6739,2994960
2026-02-13,XYL,127.6572,2420297
2026-02-17,XYL,127.7469,2674213
2026-02-18,XYL,128.8033,1864268
2026-02-19,XYL,128.7734,1240755
2026-02-20,XYL,128.2352,1877021
2026-02-23,XYL,126.83,1930300
2026-02-24,XYL,128.13,1353300
2026-02-25,XYL,128.26,1688600
2026-02-26,XYL,131.93,1966700
2026-02-27,XYL,129.56,3362300
2026-03-02,XYL,128.98,2717900
2026-03-03,XYL,127.18,1583700
2026-03-04,XYL,129.4,1479400
2026-03-05,XYL,126.19,1989300
2026-03-06,XYL,123.15,1813900
2026-03-09,XYL,123.52,2519445
2026-03-10,XYL,122.71,1691065
2026-03-11,XYL,122.35,1488500
2026-03-12,XYL,120.02,1626400
2026-03-13,XYL,119.88,1842200
2026-03-16,XYL,121.07,1648200
2026-03-17,XYL,121.76,1640600
2026-03-18,XYL,119.62,2104000
2026-03-19,XYL,120.5,1613300
2026-03-20,XYL,120.44,3835300
2026-03-23,XYL,119.94,2668200
2026-03-24,XYL,120.45,2081200
2026-03-25,XYL,121.75,1542400
2026-03-26,XYL,119.49,1751500
2026-03-27,XYL,117.55,1594400
2026-03-30,XYL,116.18,1537800
2026-03-31,XYL,119.5,2532000
2026-04-01,XYL,122.48,2184500
2026-04-02,XYL,121.26,1439900
2026-04-06,XYL,123.85,2778000
2026-04-07,XYL,124.27,2991500
2026-04-08,XYL,127.97,2933600
2026-04-09,XYL,129.4,2303600
2026-04-10,XYL,128.72,1626900
2026-04-13,XYL,128.85,2031700
2026-04-14,XYL,129.66,1502100
2026-04-15,XYL,125.19,2332500
2026-04-16,XYL,125.21,1931800
2026-04-17,XYL,121.11,4648000
2026-04-20,XYL,120.46,3402900
2026-04-21,XYL,119.98,2969700
2026-04-22,XYL,121.46,2655100
2026-04-23,XYL,121.69,2358100
2026-04-24,XYL,121.46,2219400
2026-04-27,XYL,123.51,2983600
2026-04-28,XYL,117.91,3360600
2026-04-29,XYL,115.4,2660800
2026-04-30,XYL,118.16,2543000
2026-05-01,XYL,115.37,1872000
2026-05-04,XYL,114.84,1639500
2026-05-05,XYL,116.39,1318900
2026-05-06,XYL,118.59,2501500
2026-05-07,XYL,115.64,2957000
2026-05-08,XYL,113.73,2184600
2026-05-11,XYL,112.0,1669400
2026-05-12,XYL,111.54,1534943
2026-02-02,ZBRA,242.01,877800
2026-02-03,ZBRA,233.16,1006600
2026-02-04,ZBRA,245.25,1228400
2026-02-05,ZBRA,241.08,908800
2026-02-06,ZBRA,251.4,669900
2026-02-09,ZBRA,257.79,701900
2026-02-10,ZBRA,256.57,935700
2026-02-11,ZBRA,252.5,1095500
2026-02-12,ZBRA,274.15,1985500
2026-02-13,ZBRA,264.62,983000
2026-02-17,ZBRA,260.76,744800
2026-02-18,ZBRA,252.52,913900
2026-02-19,ZBRA,251.74,636800
2026-02-20,ZBRA,255.41,849800
2026-02-23,ZBRA,231.32,1195400
2026-02-24,ZBRA,235.83,998700
2026-02-25,ZBRA,239.01,768000
2026-02-26,ZBRA,235.03,806000
2026-02-27,ZBRA,223.96,967900
2026-03-02,ZBRA,223.92,926100
2026-03-03,ZBRA,225.38,805800
2026-03-04,ZBRA,231.42,861100
2026-03-05,ZBRA,229.67,841400
2026-03-06,ZBRA,219.65,1000200
2026-03-09,ZBRA,213.78,880977
2026-03-10,ZBRA,212.47,712810
2026-03-11,ZBRA,213.67,583300
2026-03-12,ZBRA,204.05,849300
2026-03-13,ZBRA,202.72,755500
2026-03-16,ZBRA,203.97,590500
2026-03-17,ZBRA,209.06,552800
2026-03-18,ZBRA,207.51,614800
2026-03-19,ZBRA,206.19,593300
2026-03-20,ZBRA,203.62,1857600
2026-03-23,ZBRA,205.87,602400
2026-03-24,ZBRA,207.49,425000
2026-03-25,ZBRA,208.45,456800
2026-03-26,ZBRA,204.42,415000
2026-03-27,ZBRA,202.64,594500
2026-03-30,ZBRA,199.3,718300
2026-03-31,ZBRA,209.08,597100
2026-04-01,ZBRA,207.28,708700
2026-04-02,ZBRA,202.84,508600
2026-04-06,ZBRA,211.12,861100
2026-04-07,ZBRA,212.51,753700
2026-04-08,ZBRA,221.14,788900
2026-04-09,ZBRA,223.07,608100
2026-04-10,ZBRA,222.13,552600
2026-04-13,ZBRA,226.09,803200
2026-04-14,ZBRA,226.7,894500
2026-04-15,ZBRA,229.64,805600
2026-04-16,ZBRA,233.04,982400
2026-04-17,ZBRA,234.43,1069900
2026-04-20,ZBRA,237.3,703100
2026-04-21,ZBRA,236.67,764000
2026-04-22,ZBRA,231.1,706700
2026-04-23,ZBRA,226.87,850700
2026-04-24,ZBRA,227.71,657200
2026-04-27,ZBRA,221.0,738700
2026-04-28,ZBRA,219.24,760600
2026-04-29,ZBRA,215.54,891400
2026-04-30,ZBRA,226.26,1016000
2026-05-01,ZBRA,227.08,655900
2026-05-04,ZBRA,223.73,624400
2026-05-05,ZBRA,228.39,711400
2026-05-06,ZBRA,229.76,589600
2026-05-07,ZBRA,228.62,771100
2026-05-08,ZBRA,226.03,778900
2026-05-11,ZBRA,216.96,971700
2026-05-12,ZBRA,241.79,2878100
2026-02-02,ZS,200.61,1418200
2026-02-03,ZS,188.05,3162800
2026-02-04,ZS,185.79,2407500
2026-02-05,ZS,169.39,3189500
2026-02-06,ZS,167.33,4527200
2026-02-09,ZS,170.18,2651700
2026-02-10,ZS,174.34,2409200
2026-02-11,ZS,171.0,2670100
2026-02-12,ZS,170.9,2499300
2026-02-13,ZS,177.72,2434100
2026-02-17,ZS,172.59,2038100
2026-02-18,ZS,172.13,2542100
2026-02-19,ZS,168.99,3337100
2026-02-20,ZS,159.75,3268400
2026-02-23,ZS,143.28,5737100
2026-02-24,ZS,149.36,4687100
2026-02-25,ZS,155.7,3414400
2026-02-26,ZS,167.36,6407900
2026-02-27,ZS,146.99,11093300
2026-03-02,ZS,148.58,4407800
2026-03-03,ZS,154.67,3123900
2026-03-04,ZS,156.21,1996000
2026-03-05,ZS,161.96,2918700
2026-03-06,ZS,164.06,2534900
2026-03-09,ZS,162.62,2421848
2026-03-10,ZS,156.61,3082080
2026-03-11,ZS,153.81,2514200
2026-03-12,ZS,151.61,2298100
2026-03-13,ZS,153.76,2106100
2026-03-16,ZS,153.69,2032300
2026-03-17,ZS,156.0,2314400
2026-03-18,ZS,155.99,1517700
2026-03-19,ZS,155.4,1857700
2026-03-20,ZS,151.47,5082800
2026-03-23,ZS,151.8,1603400
2026-03-24,ZS,139.41,3419300
2026-03-25,ZS,139.44,2996900
2026-03-26,ZS,141.5,1936700
2026-03-27,ZS,133.16,4301800
2026-03-30,ZS,137.26,2936700
2026-03-31,ZS,140.29,1937500
2026-04-01,ZS,136.67,2734900
2026-04-02,ZS,138.56,1562900
2026-04-06,ZS,139.52,1365700
2026-04-07,ZS,142.09,1986000
2026-04-08,ZS,137.85,2564600
2026-04-09,ZS,122.23,7343500
2026-04-10,ZS,118.05,5478000
2026-04-13,ZS,122.62,3786200
2026-04-14,ZS,122.68,2905400
2026-04-15,ZS,131.01,3860500
2026-04-16,ZS,134.33,2968800
2026-04-17,ZS,134.68,2457100
2026-04-20,ZS,134.8,1944600
2026-04-21,ZS,139.61,2855600
2026-04-22,ZS,142.66,2465200
2026-04-23,ZS,132.97,3054800
2026-04-24,ZS,135.5,2319000
2026-04-27,ZS,134.11,2045700
2026-04-28,ZS,136.07,2168800
2026-04-29,ZS,134.73,1339200
2026-04-30,ZS,130.68,2376900
2026-05-01,ZS,139.81,2867500
2026-05-04,ZS,142.2,2166600
2026-05-05,ZS,141.36,2043500
2026-05-06,ZS,138.83,2268700
2026-05-07,ZS,152.79,3379000
2026-05-08,ZS,152.13,3522200
2026-05-11,ZS,148.87,2541200
2026-05-12,ZS,146.17,2321864
2026-02-02,ZTS,124.3989,4108900
2026-02-03,ZTS,121.8799,3816000
2026-02-04,ZTS,126.1513,5106200
2026-02-05,ZTS,126.1812,4652900
2026-02-06,ZTS,126.8682,4127700
2026-02-09,ZTS,126.7487,3176000
2026-02-10,ZTS,127.5751,3620300
2026-02-11,ZTS,128.1128,6933500
2026-02-12,ZTS,125.0959,10944500
2026-02-13,ZTS,126.1015,4499600
2026-02-17,ZTS,125.0162,3766900
2026-02-18,ZTS,128.5708,4494900
2026-02-19,ZTS,126.7288,4738400
2026-02-20,ZTS,128.2223,5799000
2026-02-23,ZTS,125.2452,3728100
2026-02-24,ZTS,128.1028,3614300
2026-02-25,ZTS,128.3915,3024100
2026-02-26,ZTS,129.198,3637500
2026-02-27,ZTS,130.5322,5546300
2026-03-02,ZTS,128.4015,3063900
2026-03-03,ZTS,125.3846,3068100
2026-03-04,ZTS,125.4145,5413700
2026-03-05,ZTS,121.7006,4139500
2026-03-06,ZTS,120.9041,4308400
2026-03-09,ZTS,121.8301,3689300
2026-03-10,ZTS,119.9682,2994800
2026-03-11,ZTS,119.2712,3127800
2026-03-12,ZTS,114.96,3955100
2026-03-13,ZTS,115.1193,3783200
2026-03-16,ZTS,117.6383,3667100
2026-03-17,ZTS,121.153,4508600
2026-03-18,ZTS,116.8418,5126900
2026-03-19,ZTS,115.4877,4999100
2026-03-20,ZTS,115.1691,11424800
2026-03-23,ZTS,114.731,4617900
2026-03-24,ZTS,115.4279,4561800
2026-03-25,ZTS,116.2046,3078900
2026-03-26,ZTS,116.1249,2725900
2026-03-27,ZTS,112.8591,3601800
2026-03-30,ZTS,115.8262,2912700
2026-03-31,ZTS,117.6981,3929300
2026-04-01,ZTS,116.782,2211600
2026-04-02,ZTS,117.4292,2185400
2026-04-06,ZTS,117.7478,1723300
2026-04-07,ZTS,116.2942,3254400
2026-04-08,ZTS,119.2314,2635500
2026-04-09,ZTS,119.4704,2439100
2026-04-10,ZTS,117.3496,2384000
2026-04-13,ZTS,119.56,3533500
2026-04-14,ZTS,120.5855,2778700
2026-04-15,ZTS,120.237,2209900
2026-04-16,ZTS,118.5245,2989300
2026-04-17,ZTS,121.85,6170600
2026-04-20,ZTS,122.72,3798500
2026-04-21,ZTS,118.18,3728200
2026-04-22,ZTS,117.52,3514600
2026-04-23,ZTS,116.06,4532800
2026-04-24,ZTS,116.87,4185100
2026-04-27,ZTS,117.87,3160300
2026-04-28,ZTS,116.65,2972500
2026-04-29,ZTS,113.83,3395900
2026-04-30,ZTS,114.97,4297200
2026-05-01,ZTS,114.16,3204000
2026-05-04,ZTS,112.68,3211500
2026-05-05,ZTS,112.54,3355900
2026-05-06,ZTS,111.22,5274400
2026-05-07,ZTS,87.31,29922900
2026-05-08,ZTS,82.83,17187000
2026-05-11,ZTS,76.67,15641100
2026-05-12,ZTS,76.94,14951205
